-- root-types-contained: SystemModel_c
-- BP 7.1 content: StreamData syschar: 3 persistence-version: 7.1.5

INSERT INTO S_SYS
	VALUES ("ecb50217-b066-4ecf-a826-866ec62dc0da",
	's2');
INSERT INTO S_DOM
	VALUES ("0eb5e6c3-13b6-4550-b154-5d6824e51255",
	'sudoku',
	'',
	0,
	"00000000-0000-0000-0000-000000000001",
	"ecb50217-b066-4ecf-a826-866ec62dc0da");
INSERT INTO S_DPK
	VALUES ("5ca49327-ab45-401d-a1b3-b1f8ac839213",
	'Datatypes',
	"0eb5e6c3-13b6-4550-b154-5d6824e51255",
	"00000000-0000-0000-0000-000000000000");
INSERT INTO S_DIP
	VALUES ("5ca49327-ab45-401d-a1b3-b1f8ac839213",
	"606ca061-c661-4bbf-bb1a-bb2345f5239e");
INSERT INTO S_DT
	VALUES ("606ca061-c661-4bbf-bb1a-bb2345f5239e",
	"0eb5e6c3-13b6-4550-b154-5d6824e51255",
	'void',
	'',
	'');
INSERT INTO S_CDT
	VALUES ("606ca061-c661-4bbf-bb1a-bb2345f5239e",
	0);
INSERT INTO S_DIP
	VALUES ("5ca49327-ab45-401d-a1b3-b1f8ac839213",
	"4e005777-df64-4279-9c02-400e239872b9");
INSERT INTO S_DT
	VALUES ("4e005777-df64-4279-9c02-400e239872b9",
	"0eb5e6c3-13b6-4550-b154-5d6824e51255",
	'boolean',
	'',
	'');
INSERT INTO S_CDT
	VALUES ("4e005777-df64-4279-9c02-400e239872b9",
	1);
INSERT INTO S_DIP
	VALUES ("5ca49327-ab45-401d-a1b3-b1f8ac839213",
	"811f1dd7-74f0-407e-b449-939d0de5ee8d");
INSERT INTO S_DT
	VALUES ("811f1dd7-74f0-407e-b449-939d0de5ee8d",
	"0eb5e6c3-13b6-4550-b154-5d6824e51255",
	'integer',
	'',
	'');
INSERT INTO S_CDT
	VALUES ("811f1dd7-74f0-407e-b449-939d0de5ee8d",
	2);
INSERT INTO S_DIP
	VALUES ("5ca49327-ab45-401d-a1b3-b1f8ac839213",
	"6eb4ed0f-02b6-4ccc-82c4-b1c3ff6b05c1");
INSERT INTO S_DT
	VALUES ("6eb4ed0f-02b6-4ccc-82c4-b1c3ff6b05c1",
	"0eb5e6c3-13b6-4550-b154-5d6824e51255",
	'real',
	'',
	'');
INSERT INTO S_CDT
	VALUES ("6eb4ed0f-02b6-4ccc-82c4-b1c3ff6b05c1",
	3);
INSERT INTO S_DIP
	VALUES ("5ca49327-ab45-401d-a1b3-b1f8ac839213",
	"e27a3af8-1f28-4ba6-a876-f718ce67db3c");
INSERT INTO S_DT
	VALUES ("e27a3af8-1f28-4ba6-a876-f718ce67db3c",
	"0eb5e6c3-13b6-4550-b154-5d6824e51255",
	'string',
	'',
	'');
INSERT INTO S_CDT
	VALUES ("e27a3af8-1f28-4ba6-a876-f718ce67db3c",
	4);
INSERT INTO S_DIP
	VALUES ("5ca49327-ab45-401d-a1b3-b1f8ac839213",
	"4b663f44-4e7f-4028-addc-989073553ced");
INSERT INTO S_DT
	VALUES ("4b663f44-4e7f-4028-addc-989073553ced",
	"0eb5e6c3-13b6-4550-b154-5d6824e51255",
	'unique_id',
	'',
	'');
INSERT INTO S_CDT
	VALUES ("4b663f44-4e7f-4028-addc-989073553ced",
	5);
INSERT INTO S_DIP
	VALUES ("5ca49327-ab45-401d-a1b3-b1f8ac839213",
	"ea4f2014-da78-4798-8130-991e8750cff6");
INSERT INTO S_DT
	VALUES ("ea4f2014-da78-4798-8130-991e8750cff6",
	"0eb5e6c3-13b6-4550-b154-5d6824e51255",
	'state<State_Model>',
	'',
	'');
INSERT INTO S_CDT
	VALUES ("ea4f2014-da78-4798-8130-991e8750cff6",
	6);
INSERT INTO S_DIP
	VALUES ("5ca49327-ab45-401d-a1b3-b1f8ac839213",
	"1a418377-64f4-47d9-aa0e-0773ca94143a");
INSERT INTO S_DT
	VALUES ("1a418377-64f4-47d9-aa0e-0773ca94143a",
	"0eb5e6c3-13b6-4550-b154-5d6824e51255",
	'same_as<Base_Attribute>',
	'',
	'');
INSERT INTO S_CDT
	VALUES ("1a418377-64f4-47d9-aa0e-0773ca94143a",
	7);
INSERT INTO S_DIP
	VALUES ("5ca49327-ab45-401d-a1b3-b1f8ac839213",
	"1a2907d2-496f-482d-ba4d-df818f73d6fa");
INSERT INTO S_DT
	VALUES ("1a2907d2-496f-482d-ba4d-df818f73d6fa",
	"0eb5e6c3-13b6-4550-b154-5d6824e51255",
	'inst_ref<Object>',
	'',
	'');
INSERT INTO S_CDT
	VALUES ("1a2907d2-496f-482d-ba4d-df818f73d6fa",
	8);
INSERT INTO S_DIP
	VALUES ("5ca49327-ab45-401d-a1b3-b1f8ac839213",
	"bd7c827f-c0a0-4115-8268-33db6654fef9");
INSERT INTO S_DT
	VALUES ("bd7c827f-c0a0-4115-8268-33db6654fef9",
	"0eb5e6c3-13b6-4550-b154-5d6824e51255",
	'inst_ref_set<Object>',
	'',
	'');
INSERT INTO S_CDT
	VALUES ("bd7c827f-c0a0-4115-8268-33db6654fef9",
	9);
INSERT INTO S_DIP
	VALUES ("5ca49327-ab45-401d-a1b3-b1f8ac839213",
	"444f9fb0-5d90-49ca-b343-ec1f06cd8ceb");
INSERT INTO S_DT
	VALUES ("444f9fb0-5d90-49ca-b343-ec1f06cd8ceb",
	"0eb5e6c3-13b6-4550-b154-5d6824e51255",
	'inst<Event>',
	'',
	'');
INSERT INTO S_CDT
	VALUES ("444f9fb0-5d90-49ca-b343-ec1f06cd8ceb",
	10);
INSERT INTO S_DIP
	VALUES ("5ca49327-ab45-401d-a1b3-b1f8ac839213",
	"d10decc3-81df-4ded-b2d6-8c9c049ea18b");
INSERT INTO S_DT
	VALUES ("d10decc3-81df-4ded-b2d6-8c9c049ea18b",
	"0eb5e6c3-13b6-4550-b154-5d6824e51255",
	'inst<Mapping>',
	'',
	'');
INSERT INTO S_CDT
	VALUES ("d10decc3-81df-4ded-b2d6-8c9c049ea18b",
	11);
INSERT INTO S_DIP
	VALUES ("5ca49327-ab45-401d-a1b3-b1f8ac839213",
	"4a115d6e-8f4c-4a02-8278-658751ab184a");
INSERT INTO S_DT
	VALUES ("4a115d6e-8f4c-4a02-8278-658751ab184a",
	"0eb5e6c3-13b6-4550-b154-5d6824e51255",
	'inst_ref<Mapping>',
	'',
	'');
INSERT INTO S_CDT
	VALUES ("4a115d6e-8f4c-4a02-8278-658751ab184a",
	12);
INSERT INTO S_DIP
	VALUES ("5ca49327-ab45-401d-a1b3-b1f8ac839213",
	"3181e074-fe1b-4d6e-9a56-0d67d162a34e");
INSERT INTO S_DT
	VALUES ("3181e074-fe1b-4d6e-9a56-0d67d162a34e",
	"0eb5e6c3-13b6-4550-b154-5d6824e51255",
	'date',
	'Time as known in the external world. For example, 12 October 1492,
13:25:10. The accuracy of external time is dependent on the architecture and
implementation.',
	'');
INSERT INTO S_UDT
	VALUES ("3181e074-fe1b-4d6e-9a56-0d67d162a34e",
	"d10decc3-81df-4ded-b2d6-8c9c049ea18b",
	1);
INSERT INTO S_DIP
	VALUES ("5ca49327-ab45-401d-a1b3-b1f8ac839213",
	"a655f816-965c-407d-b502-1f645579c6c8");
INSERT INTO S_DT
	VALUES ("a655f816-965c-407d-b502-1f645579c6c8",
	"0eb5e6c3-13b6-4550-b154-5d6824e51255",
	'timestamp',
	' The system clock counts time in ticks. The size of a tick is dependent on the
 architecture and implementation.',
	'');
INSERT INTO S_UDT
	VALUES ("a655f816-965c-407d-b502-1f645579c6c8",
	"d10decc3-81df-4ded-b2d6-8c9c049ea18b",
	2);
INSERT INTO S_DIP
	VALUES ("5ca49327-ab45-401d-a1b3-b1f8ac839213",
	"7f209d5f-cba1-401d-827f-d2a1a8ca5694");
INSERT INTO S_DT
	VALUES ("7f209d5f-cba1-401d-827f-d2a1a8ca5694",
	"0eb5e6c3-13b6-4550-b154-5d6824e51255",
	'inst_ref<Timer>',
	'',
	'');
INSERT INTO S_UDT
	VALUES ("7f209d5f-cba1-401d-827f-d2a1a8ca5694",
	"4a115d6e-8f4c-4a02-8278-658751ab184a",
	3);
INSERT INTO EP_SPKG
	VALUES ("5ca49327-ab45-401d-a1b3-b1f8ac839213",
	"00000000-0000-0000-0000-000000000000");
INSERT INTO S_EEPK
	VALUES ("c7dc2569-bca7-4e80-bed9-f96b7fcd0883",
	'External Entities',
	"0eb5e6c3-13b6-4550-b154-5d6824e51255",
	"00000000-0000-0000-0000-000000000000");
INSERT INTO S_EEPIP
	VALUES ("c7dc2569-bca7-4e80-bed9-f96b7fcd0883");
INSERT INTO PL_EEPID
	VALUES ("0eb5e6c3-13b6-4550-b154-5d6824e51255",
	"c7dc2569-bca7-4e80-bed9-f96b7fcd0883");
INSERT INTO S_EEIP
	VALUES ("c7dc2569-bca7-4e80-bed9-f96b7fcd0883",
	"1ca9fee7-f2dd-4268-a378-22f35dcf49a6");
INSERT INTO S_EE
	VALUES ("1ca9fee7-f2dd-4268-a378-22f35dcf49a6",
	'Time',
	'The Time external entity provides date, timestamp, and timer related operations.',
	'TIM',
	"0eb5e6c3-13b6-4550-b154-5d6824e51255");
INSERT INTO S_BRG
	VALUES ("beb5738b-a376-46d9-b908-3e6504216ae5",
	"1ca9fee7-f2dd-4268-a378-22f35dcf49a6",
	'current_date',
	'',
	0,
	"3181e074-fe1b-4d6e-9a56-0d67d162a34e",
	'',
	0,
	'');
INSERT INTO S_BRG
	VALUES ("5bb102b8-f82c-44fa-9a14-07c9be20832a",
	"1ca9fee7-f2dd-4268-a378-22f35dcf49a6",
	'create_date',
	'',
	0,
	"3181e074-fe1b-4d6e-9a56-0d67d162a34e",
	'',
	0,
	'');
INSERT INTO S_BPARM
	VALUES ("241bde56-b8af-4303-b324-01a3341288be",
	"5bb102b8-f82c-44fa-9a14-07c9be20832a",
	'second',
	"811f1dd7-74f0-407e-b449-939d0de5ee8d",
	0,
	'',
	"8f9326cf-5a06-4b42-8260-25d0d243814f",
	'');
INSERT INTO S_BPARM
	VALUES ("28d88787-e576-4872-a489-ad6a8baa5701",
	"5bb102b8-f82c-44fa-9a14-07c9be20832a",
	'minute',
	"811f1dd7-74f0-407e-b449-939d0de5ee8d",
	0,
	'',
	"a7e3a808-4461-48f8-aa96-5248feea15f1",
	'');
INSERT INTO S_BPARM
	VALUES ("a7e3a808-4461-48f8-aa96-5248feea15f1",
	"5bb102b8-f82c-44fa-9a14-07c9be20832a",
	'hour',
	"811f1dd7-74f0-407e-b449-939d0de5ee8d",
	0,
	'',
	"f8a0bc40-89bb-4d11-9d4f-c569beea62d7",
	'');
INSERT INTO S_BPARM
	VALUES ("f8a0bc40-89bb-4d11-9d4f-c569beea62d7",
	"5bb102b8-f82c-44fa-9a14-07c9be20832a",
	'day',
	"811f1dd7-74f0-407e-b449-939d0de5ee8d",
	0,
	'',
	"00000000-0000-0000-0000-000000000000",
	'');
INSERT INTO S_BPARM
	VALUES ("8f9326cf-5a06-4b42-8260-25d0d243814f",
	"5bb102b8-f82c-44fa-9a14-07c9be20832a",
	'month',
	"811f1dd7-74f0-407e-b449-939d0de5ee8d",
	0,
	'',
	"28d88787-e576-4872-a489-ad6a8baa5701",
	'');
INSERT INTO S_BPARM
	VALUES ("7e9ec035-5efe-4fa4-8592-d4a94d04ae41",
	"5bb102b8-f82c-44fa-9a14-07c9be20832a",
	'year',
	"811f1dd7-74f0-407e-b449-939d0de5ee8d",
	0,
	'',
	"241bde56-b8af-4303-b324-01a3341288be",
	'');
INSERT INTO S_BRG
	VALUES ("67fec0e0-676d-413b-aee2-2f432bfa58d4",
	"1ca9fee7-f2dd-4268-a378-22f35dcf49a6",
	'get_second',
	'',
	0,
	"811f1dd7-74f0-407e-b449-939d0de5ee8d",
	'',
	0,
	'');
INSERT INTO S_BPARM
	VALUES ("07b81ae8-6a44-4d37-be15-60878ad4a42d",
	"67fec0e0-676d-413b-aee2-2f432bfa58d4",
	'date',
	"3181e074-fe1b-4d6e-9a56-0d67d162a34e",
	0,
	'',
	"00000000-0000-0000-0000-000000000000",
	'');
INSERT INTO S_BRG
	VALUES ("e606f3a3-b83f-4da1-8cf1-0c70a4d424b1",
	"1ca9fee7-f2dd-4268-a378-22f35dcf49a6",
	'get_minute',
	'',
	0,
	"811f1dd7-74f0-407e-b449-939d0de5ee8d",
	'',
	0,
	'');
INSERT INTO S_BPARM
	VALUES ("3801be14-15c6-4bc1-8087-5cb6687f65b6",
	"e606f3a3-b83f-4da1-8cf1-0c70a4d424b1",
	'date',
	"3181e074-fe1b-4d6e-9a56-0d67d162a34e",
	0,
	'',
	"00000000-0000-0000-0000-000000000000",
	'');
INSERT INTO S_BRG
	VALUES ("eeb27634-b32d-4f64-965e-f2bddf0155bd",
	"1ca9fee7-f2dd-4268-a378-22f35dcf49a6",
	'get_hour',
	'',
	0,
	"811f1dd7-74f0-407e-b449-939d0de5ee8d",
	'',
	0,
	'');
INSERT INTO S_BPARM
	VALUES ("01bf1cbf-1719-48b6-a93f-d98c6e4b81fa",
	"eeb27634-b32d-4f64-965e-f2bddf0155bd",
	'date',
	"3181e074-fe1b-4d6e-9a56-0d67d162a34e",
	0,
	'',
	"00000000-0000-0000-0000-000000000000",
	'');
INSERT INTO S_BRG
	VALUES ("99c5f4e6-fb36-450d-841a-55fa997e717b",
	"1ca9fee7-f2dd-4268-a378-22f35dcf49a6",
	'get_day',
	'',
	0,
	"811f1dd7-74f0-407e-b449-939d0de5ee8d",
	'',
	0,
	'');
INSERT INTO S_BPARM
	VALUES ("ff92032b-f779-4250-80b7-60a1ff2f6537",
	"99c5f4e6-fb36-450d-841a-55fa997e717b",
	'date',
	"3181e074-fe1b-4d6e-9a56-0d67d162a34e",
	0,
	'',
	"00000000-0000-0000-0000-000000000000",
	'');
INSERT INTO S_BRG
	VALUES ("97ed9f03-f58b-4258-b0fc-f092a492d1b0",
	"1ca9fee7-f2dd-4268-a378-22f35dcf49a6",
	'get_month',
	'',
	0,
	"811f1dd7-74f0-407e-b449-939d0de5ee8d",
	'',
	0,
	'');
INSERT INTO S_BPARM
	VALUES ("9fc3dc23-cddd-4860-9155-1dd70d7637f6",
	"97ed9f03-f58b-4258-b0fc-f092a492d1b0",
	'date',
	"3181e074-fe1b-4d6e-9a56-0d67d162a34e",
	0,
	'',
	"00000000-0000-0000-0000-000000000000",
	'');
INSERT INTO S_BRG
	VALUES ("4db859a7-4a45-4e4d-a80f-cc2d71b181f2",
	"1ca9fee7-f2dd-4268-a378-22f35dcf49a6",
	'get_year',
	'',
	0,
	"811f1dd7-74f0-407e-b449-939d0de5ee8d",
	'',
	0,
	'');
INSERT INTO S_BPARM
	VALUES ("8a22cb26-b435-4b2f-a29b-3cd861a6c1c5",
	"4db859a7-4a45-4e4d-a80f-cc2d71b181f2",
	'date',
	"3181e074-fe1b-4d6e-9a56-0d67d162a34e",
	0,
	'',
	"00000000-0000-0000-0000-000000000000",
	'');
INSERT INTO S_BRG
	VALUES ("e1e90330-1e22-4429-b50c-c66c999cc747",
	"1ca9fee7-f2dd-4268-a378-22f35dcf49a6",
	'current_clock',
	'',
	0,
	"a655f816-965c-407d-b502-1f645579c6c8",
	'',
	0,
	'');
INSERT INTO S_BRG
	VALUES ("607a071c-e105-468e-906b-7a2974d151dd",
	"1ca9fee7-f2dd-4268-a378-22f35dcf49a6",
	'timer_start',
	'This bridge operation starts a timer set to expire in the specified number of
microseconds, generating the passed event upon expiration. Returns the instance
handle of the timer.',
	0,
	"7f209d5f-cba1-401d-827f-d2a1a8ca5694",
	'',
	0,
	'');
INSERT INTO S_BPARM
	VALUES ("e399b265-93b5-4e75-a1f9-2727e4b25512",
	"607a071c-e105-468e-906b-7a2974d151dd",
	'microseconds',
	"811f1dd7-74f0-407e-b449-939d0de5ee8d",
	0,
	'',
	"16e15215-531c-4abb-9b10-76ccd5c5c876",
	'');
INSERT INTO S_BPARM
	VALUES ("16e15215-531c-4abb-9b10-76ccd5c5c876",
	"607a071c-e105-468e-906b-7a2974d151dd",
	'event_inst',
	"444f9fb0-5d90-49ca-b343-ec1f06cd8ceb",
	0,
	'',
	"00000000-0000-0000-0000-000000000000",
	'');
INSERT INTO S_BRG
	VALUES ("05a8c55a-4976-40bc-b308-a1f1a786f65c",
	"1ca9fee7-f2dd-4268-a378-22f35dcf49a6",
	'timer_start_recurring',
	'This bridge operation starts a timer set to expire in the specified number of
microseconds, generating the passed event upon expiration. Upon expiration, the
timer will be restarted and fire again in the specified number of microseconds
generating the passed event. This bridge operation returns the instance handle
of the timer.',
	0,
	"7f209d5f-cba1-401d-827f-d2a1a8ca5694",
	'',
	0,
	'');
INSERT INTO S_BPARM
	VALUES ("2c7ed6d1-f3ae-4d6a-8dbf-549dce377e2c",
	"05a8c55a-4976-40bc-b308-a1f1a786f65c",
	'microseconds',
	"811f1dd7-74f0-407e-b449-939d0de5ee8d",
	0,
	'',
	"63a0054e-eecc-4268-833d-726dc3154153",
	'');
INSERT INTO S_BPARM
	VALUES ("63a0054e-eecc-4268-833d-726dc3154153",
	"05a8c55a-4976-40bc-b308-a1f1a786f65c",
	'event_inst',
	"444f9fb0-5d90-49ca-b343-ec1f06cd8ceb",
	0,
	'',
	"00000000-0000-0000-0000-000000000000",
	'');
INSERT INTO S_BRG
	VALUES ("1aa33f2e-101a-4f4b-aa5c-d6e90343c344",
	"1ca9fee7-f2dd-4268-a378-22f35dcf49a6",
	'timer_remaining_time',
	'Returns the time remaining (in microseconds) for the passed timer instance. If
the timer has expired, a zero value is returned.',
	0,
	"811f1dd7-74f0-407e-b449-939d0de5ee8d",
	'',
	0,
	'');
INSERT INTO S_BPARM
	VALUES ("c0527c0d-0b68-4c11-9ec5-5c975f26f6e2",
	"1aa33f2e-101a-4f4b-aa5c-d6e90343c344",
	'timer_inst_ref',
	"7f209d5f-cba1-401d-827f-d2a1a8ca5694",
	0,
	'',
	"00000000-0000-0000-0000-000000000000",
	'');
INSERT INTO S_BRG
	VALUES ("f3835484-0d71-41af-9f10-6c8424e02353",
	"1ca9fee7-f2dd-4268-a378-22f35dcf49a6",
	'timer_reset_time',
	'This bridge operation attempts to set the passed existing timer to expire in
the specified number of microseconds. If the timer exists (that is, it has not
expired), a TRUE value is returned. If the timer no longer exists, a FALSE value
is returned.',
	0,
	"4e005777-df64-4279-9c02-400e239872b9",
	'',
	0,
	'');
INSERT INTO S_BPARM
	VALUES ("db882e28-1c13-4da6-a6b2-6cddb9f8e493",
	"f3835484-0d71-41af-9f10-6c8424e02353",
	'timer_inst_ref',
	"7f209d5f-cba1-401d-827f-d2a1a8ca5694",
	0,
	'',
	"5b06d04c-aca5-444b-a2e2-d74adc6cef8e",
	'');
INSERT INTO S_BPARM
	VALUES ("5b06d04c-aca5-444b-a2e2-d74adc6cef8e",
	"f3835484-0d71-41af-9f10-6c8424e02353",
	'microseconds',
	"811f1dd7-74f0-407e-b449-939d0de5ee8d",
	0,
	'',
	"00000000-0000-0000-0000-000000000000",
	'');
INSERT INTO S_BRG
	VALUES ("020a2fa2-77eb-443f-80b3-e270818b63c6",
	"1ca9fee7-f2dd-4268-a378-22f35dcf49a6",
	'timer_add_time',
	'This bridge operation attempts to add the specified number of microseconds to a
passed existing timer. If the timer exists (that is, it has not expired), a TRUE
value is returned. If the timer no longer exists, a FALSE value is returned.',
	0,
	"4e005777-df64-4279-9c02-400e239872b9",
	'',
	0,
	'');
INSERT INTO S_BPARM
	VALUES ("4b5ad8a0-0bee-41e5-b8cd-55c1661a1288",
	"020a2fa2-77eb-443f-80b3-e270818b63c6",
	'timer_inst_ref',
	"7f209d5f-cba1-401d-827f-d2a1a8ca5694",
	0,
	'',
	"217b01a4-72f7-4887-aeab-86e0bb773d5f",
	'');
INSERT INTO S_BPARM
	VALUES ("217b01a4-72f7-4887-aeab-86e0bb773d5f",
	"020a2fa2-77eb-443f-80b3-e270818b63c6",
	'microseconds',
	"811f1dd7-74f0-407e-b449-939d0de5ee8d",
	0,
	'',
	"00000000-0000-0000-0000-000000000000",
	'');
INSERT INTO S_BRG
	VALUES ("1e53fa51-cbe8-4fb0-9386-ac25f0d36ac4",
	"1ca9fee7-f2dd-4268-a378-22f35dcf49a6",
	'timer_cancel',
	'This bridge operation cancels and deletes the passed timer instance. If the 
timer exists (that is, it had not expired), a TRUE value is returned. If the
timer no longer exists, a FALSE value is returned.',
	0,
	"4e005777-df64-4279-9c02-400e239872b9",
	'',
	0,
	'');
INSERT INTO S_BPARM
	VALUES ("e86404ee-0d21-4238-97a3-3d5619b1bb75",
	"1e53fa51-cbe8-4fb0-9386-ac25f0d36ac4",
	'timer_inst_ref',
	"7f209d5f-cba1-401d-827f-d2a1a8ca5694",
	0,
	'',
	"00000000-0000-0000-0000-000000000000",
	'');
INSERT INTO S_EEIP
	VALUES ("c7dc2569-bca7-4e80-bed9-f96b7fcd0883",
	"406fbd8e-38c7-4991-97e7-df664d262859");
INSERT INTO S_EE
	VALUES ("406fbd8e-38c7-4991-97e7-df664d262859",
	'Architecture',
	'',
	'ARCH',
	"0eb5e6c3-13b6-4550-b154-5d6824e51255");
INSERT INTO S_BRG
	VALUES ("7f8d2590-a4fd-4b10-9b14-e1df75f77ae0",
	"406fbd8e-38c7-4991-97e7-df664d262859",
	'shutdown',
	'',
	0,
	"606ca061-c661-4bbf-bb1a-bb2345f5239e",
	'',
	1,
	'');
INSERT INTO ACT_BRB
	VALUES ("4c2adb39-5c71-49aa-95cc-c4822491b154",
	"7f8d2590-a4fd-4b10-9b14-e1df75f77ae0");
INSERT INTO ACT_ACT
	VALUES ("4c2adb39-5c71-49aa-95cc-c4822491b154",
	'bridge',
	0,
	"7fed2a73-cedd-4d30-8a2f-b613deee870a",
	"00000000-0000-0000-0000-000000000000",
	0,
	'Architecture::shutdown',
	"00000000-0000-0000-0000-000000000000");
INSERT INTO ACT_BLK
	VALUES ("7fed2a73-cedd-4d30-8a2f-b613deee870a",
	0,
	0,
	0,
	'',
	'',
	'',
	0,
	0,
	0,
	0,
	0,
	0,
	0,
	0,
	0,
	0,
	0,
	0,
	0,
	"4c2adb39-5c71-49aa-95cc-c4822491b154",
	"00000000-0000-0000-0000-000000000000");
INSERT INTO S_EEIP
	VALUES ("c7dc2569-bca7-4e80-bed9-f96b7fcd0883",
	"c8c40f8e-f37c-4ef1-90ad-9b0d5dff37d6");
INSERT INTO S_EE
	VALUES ("c8c40f8e-f37c-4ef1-90ad-9b0d5dff37d6",
	'Logging',
	'',
	'LOG',
	"0eb5e6c3-13b6-4550-b154-5d6824e51255");
INSERT INTO S_BRG
	VALUES ("ea25943b-c6c2-4423-922c-947a3cd960ad",
	"c8c40f8e-f37c-4ef1-90ad-9b0d5dff37d6",
	'LogFailure',
	'',
	0,
	"606ca061-c661-4bbf-bb1a-bb2345f5239e",
	'',
	1,
	'');
INSERT INTO S_BPARM
	VALUES ("74a3dd15-1233-46de-ad73-378d8347a65b",
	"ea25943b-c6c2-4423-922c-947a3cd960ad",
	'message',
	"e27a3af8-1f28-4ba6-a876-f718ce67db3c",
	0,
	'',
	"00000000-0000-0000-0000-000000000000",
	'');
INSERT INTO ACT_BRB
	VALUES ("e59348f0-848e-4d2a-83f9-080744514b82",
	"ea25943b-c6c2-4423-922c-947a3cd960ad");
INSERT INTO ACT_ACT
	VALUES ("e59348f0-848e-4d2a-83f9-080744514b82",
	'bridge',
	0,
	"7867ee23-f6a2-4f2a-8a30-87a8236a8524",
	"00000000-0000-0000-0000-000000000000",
	0,
	'Logging::LogFailure',
	"00000000-0000-0000-0000-000000000000");
INSERT INTO ACT_BLK
	VALUES ("7867ee23-f6a2-4f2a-8a30-87a8236a8524",
	0,
	0,
	0,
	'',
	'',
	'',
	0,
	0,
	0,
	0,
	0,
	0,
	0,
	0,
	0,
	0,
	0,
	0,
	0,
	"e59348f0-848e-4d2a-83f9-080744514b82",
	"00000000-0000-0000-0000-000000000000");
INSERT INTO S_BRG
	VALUES ("20118c86-a3a0-4c4b-80f0-5ef1a2122e2f",
	"c8c40f8e-f37c-4ef1-90ad-9b0d5dff37d6",
	'LogInfo',
	'',
	0,
	"606ca061-c661-4bbf-bb1a-bb2345f5239e",
	'',
	1,
	'');
INSERT INTO S_BPARM
	VALUES ("61ba0773-0d61-40d3-b6d8-d4e23bb2afd5",
	"20118c86-a3a0-4c4b-80f0-5ef1a2122e2f",
	'message',
	"e27a3af8-1f28-4ba6-a876-f718ce67db3c",
	0,
	'',
	"00000000-0000-0000-0000-000000000000",
	'');
INSERT INTO ACT_BRB
	VALUES ("043d34dd-beee-440f-a61f-814311d39ee9",
	"20118c86-a3a0-4c4b-80f0-5ef1a2122e2f");
INSERT INTO ACT_ACT
	VALUES ("043d34dd-beee-440f-a61f-814311d39ee9",
	'bridge',
	0,
	"949c8d69-cac1-48c2-867e-d48c87bb48f3",
	"00000000-0000-0000-0000-000000000000",
	0,
	'Logging::LogInfo',
	"00000000-0000-0000-0000-000000000000");
INSERT INTO ACT_BLK
	VALUES ("949c8d69-cac1-48c2-867e-d48c87bb48f3",
	0,
	0,
	0,
	'',
	'',
	'',
	0,
	0,
	0,
	0,
	0,
	0,
	0,
	0,
	0,
	0,
	0,
	0,
	0,
	"043d34dd-beee-440f-a61f-814311d39ee9",
	"00000000-0000-0000-0000-000000000000");
INSERT INTO S_BRG
	VALUES ("c1b48c1e-b947-4620-bd45-5dfde8d96e53",
	"c8c40f8e-f37c-4ef1-90ad-9b0d5dff37d6",
	'LogSuccess',
	'',
	0,
	"606ca061-c661-4bbf-bb1a-bb2345f5239e",
	'',
	1,
	'');
INSERT INTO S_BPARM
	VALUES ("6ab8dfa3-4f6a-4b58-9b5a-cc20cf4f4d11",
	"c1b48c1e-b947-4620-bd45-5dfde8d96e53",
	'message',
	"e27a3af8-1f28-4ba6-a876-f718ce67db3c",
	0,
	'',
	"00000000-0000-0000-0000-000000000000",
	'');
INSERT INTO ACT_BRB
	VALUES ("4d02392d-ad39-4946-bf8f-dc554fc72610",
	"c1b48c1e-b947-4620-bd45-5dfde8d96e53");
INSERT INTO ACT_ACT
	VALUES ("4d02392d-ad39-4946-bf8f-dc554fc72610",
	'bridge',
	0,
	"9c635759-fdf4-4893-8cae-f1201dcb06bb",
	"00000000-0000-0000-0000-000000000000",
	0,
	'Logging::LogSuccess',
	"00000000-0000-0000-0000-000000000000");
INSERT INTO ACT_BLK
	VALUES ("9c635759-fdf4-4893-8cae-f1201dcb06bb",
	0,
	0,
	0,
	'',
	'',
	'',
	0,
	0,
	0,
	0,
	0,
	0,
	0,
	0,
	0,
	0,
	0,
	0,
	0,
	"4d02392d-ad39-4946-bf8f-dc554fc72610",
	"00000000-0000-0000-0000-000000000000");
INSERT INTO S_BRG
	VALUES ("6d236d53-aad5-4092-8ead-4374100f0ef7",
	"c8c40f8e-f37c-4ef1-90ad-9b0d5dff37d6",
	'LogInteger',
	'',
	0,
	"606ca061-c661-4bbf-bb1a-bb2345f5239e",
	'',
	1,
	'');
INSERT INTO S_BPARM
	VALUES ("95ea46a5-1532-425f-a9ee-1967a9908734",
	"6d236d53-aad5-4092-8ead-4374100f0ef7",
	'message',
	"811f1dd7-74f0-407e-b449-939d0de5ee8d",
	0,
	'[9]',
	"00000000-0000-0000-0000-000000000000",
	'');
INSERT INTO S_DIM
	VALUES (9,
	0,
	"00000000-0000-0000-0000-000000000000",
	"00000000-0000-0000-0000-000000000000",
	"95ea46a5-1532-425f-a9ee-1967a9908734",
	"00000000-0000-0000-0000-000000000000",
	"00000000-0000-0000-0000-000000000000",
	"00000000-0000-0000-0000-000000000000",
	"00000000-0000-0000-0000-000000000000",
	"00000000-0000-0000-0000-000000000000",
	"00000000-0000-0000-0000-000000000000",
	"00000000-0000-0000-0000-000000000000",
	"00000000-0000-0000-0000-000000000000",
	"00000000-0000-0000-0000-000000000000",
	"00000000-0000-0000-0000-000000000000",
	"00000000-0000-0000-0000-000000000000",
	"9e4f08ed-ab40-4aa1-8599-30464788942b",
	"00000000-0000-0000-0000-000000000000");
INSERT INTO ACT_BRB
	VALUES ("1738d13c-d8ee-41da-9444-2030c86c12fb",
	"6d236d53-aad5-4092-8ead-4374100f0ef7");
INSERT INTO ACT_ACT
	VALUES ("1738d13c-d8ee-41da-9444-2030c86c12fb",
	'bridge',
	0,
	"7231e651-dee6-4ddb-86d3-fd38df952945",
	"00000000-0000-0000-0000-000000000000",
	0,
	'Logging::LogInteger',
	"00000000-0000-0000-0000-000000000000");
INSERT INTO ACT_BLK
	VALUES ("7231e651-dee6-4ddb-86d3-fd38df952945",
	0,
	0,
	0,
	'',
	'',
	'',
	0,
	0,
	0,
	0,
	0,
	0,
	0,
	0,
	0,
	0,
	0,
	0,
	0,
	"1738d13c-d8ee-41da-9444-2030c86c12fb",
	"00000000-0000-0000-0000-000000000000");
INSERT INTO S_EEIP
	VALUES ("c7dc2569-bca7-4e80-bed9-f96b7fcd0883",
	"7f9e124d-30e8-49e2-aed2-23757fbeda8c");
INSERT INTO S_EE
	VALUES ("7f9e124d-30e8-49e2-aed2-23757fbeda8c",
	'Non-Volatile Storage',
	'',
	'NVS',
	"0eb5e6c3-13b6-4550-b154-5d6824e51255");
INSERT INTO S_BRG
	VALUES ("ca2c181d-fd92-4b62-b6bf-c494c018da0c",
	"7f9e124d-30e8-49e2-aed2-23757fbeda8c",
	'version',
	'',
	0,
	"811f1dd7-74f0-407e-b449-939d0de5ee8d",
	'return 0;',
	1,
	'');
INSERT INTO S_BPARM
	VALUES ("f9a1867a-5823-4d2e-83b0-8e3714ea79ad",
	"ca2c181d-fd92-4b62-b6bf-c494c018da0c",
	'first',
	"811f1dd7-74f0-407e-b449-939d0de5ee8d",
	0,
	'',
	"00000000-0000-0000-0000-000000000000",
	'');
INSERT INTO S_BPARM
	VALUES ("d75ec77f-cd52-4962-ab83-a5c6b5cbd010",
	"ca2c181d-fd92-4b62-b6bf-c494c018da0c",
	'second',
	"811f1dd7-74f0-407e-b449-939d0de5ee8d",
	0,
	'',
	"f9a1867a-5823-4d2e-83b0-8e3714ea79ad",
	'');
INSERT INTO ACT_BRB
	VALUES ("639a861e-9a9f-40b6-9855-344b27fd911a",
	"ca2c181d-fd92-4b62-b6bf-c494c018da0c");
INSERT INTO ACT_ACT
	VALUES ("639a861e-9a9f-40b6-9855-344b27fd911a",
	'bridge',
	0,
	"069b55ca-99ee-457e-9c5f-0b05cdb292ec",
	"00000000-0000-0000-0000-000000000000",
	0,
	'Non-Volatile Storage::version',
	"00000000-0000-0000-0000-000000000000");
INSERT INTO ACT_BLK
	VALUES ("069b55ca-99ee-457e-9c5f-0b05cdb292ec",
	0,
	0,
	0,
	'',
	'',
	'',
	1,
	1,
	0,
	0,
	0,
	0,
	0,
	0,
	0,
	0,
	0,
	0,
	0,
	"639a861e-9a9f-40b6-9855-344b27fd911a",
	"00000000-0000-0000-0000-000000000000");
INSERT INTO ACT_SMT
	VALUES ("0e7ece36-74bc-4edd-b10b-b4ddbb9c60c0",
	"069b55ca-99ee-457e-9c5f-0b05cdb292ec",
	"00000000-0000-0000-0000-000000000000",
	1,
	1,
	'Non-Volatile Storage::version line: 1');
INSERT INTO ACT_RET
	VALUES ("0e7ece36-74bc-4edd-b10b-b4ddbb9c60c0",
	"8a0600df-ced4-44f8-99c0-88b0a73c6067");
INSERT INTO V_VAL
	VALUES ("8a0600df-ced4-44f8-99c0-88b0a73c6067",
	0,
	0,
	1,
	8,
	8,
	0,
	0,
	0,
	0,
	"811f1dd7-74f0-407e-b449-939d0de5ee8d",
	"069b55ca-99ee-457e-9c5f-0b05cdb292ec");
INSERT INTO V_LIN
	VALUES ("8a0600df-ced4-44f8-99c0-88b0a73c6067",
	'0');
INSERT INTO S_BRG
	VALUES ("0d03b975-963a-405e-9231-c470ac2ac717",
	"7f9e124d-30e8-49e2-aed2-23757fbeda8c",
	'checksum',
	'',
	0,
	"811f1dd7-74f0-407e-b449-939d0de5ee8d",
	'return 0;',
	1,
	'');
INSERT INTO S_BPARM
	VALUES ("acc349eb-58b5-412e-b86d-b51fac06c03b",
	"0d03b975-963a-405e-9231-c470ac2ac717",
	'first',
	"811f1dd7-74f0-407e-b449-939d0de5ee8d",
	0,
	'',
	"00000000-0000-0000-0000-000000000000",
	'');
INSERT INTO S_BPARM
	VALUES ("48ed4b34-b3bc-46f2-b6fa-efa94e073228",
	"0d03b975-963a-405e-9231-c470ac2ac717",
	'second',
	"811f1dd7-74f0-407e-b449-939d0de5ee8d",
	0,
	'',
	"acc349eb-58b5-412e-b86d-b51fac06c03b",
	'');
INSERT INTO ACT_BRB
	VALUES ("35291af2-40a1-43aa-985e-f9a2b44f4847",
	"0d03b975-963a-405e-9231-c470ac2ac717");
INSERT INTO ACT_ACT
	VALUES ("35291af2-40a1-43aa-985e-f9a2b44f4847",
	'bridge',
	0,
	"3cf9e976-6975-4e13-9982-f12f72316cd9",
	"00000000-0000-0000-0000-000000000000",
	0,
	'Non-Volatile Storage::checksum',
	"00000000-0000-0000-0000-000000000000");
INSERT INTO ACT_BLK
	VALUES ("3cf9e976-6975-4e13-9982-f12f72316cd9",
	0,
	0,
	0,
	'',
	'',
	'',
	1,
	1,
	0,
	0,
	0,
	0,
	0,
	0,
	0,
	0,
	0,
	0,
	0,
	"35291af2-40a1-43aa-985e-f9a2b44f4847",
	"00000000-0000-0000-0000-000000000000");
INSERT INTO ACT_SMT
	VALUES ("03eec325-3a7e-421e-afe5-56e7db86b8fe",
	"3cf9e976-6975-4e13-9982-f12f72316cd9",
	"00000000-0000-0000-0000-000000000000",
	1,
	1,
	'Non-Volatile Storage::checksum line: 1');
INSERT INTO ACT_RET
	VALUES ("03eec325-3a7e-421e-afe5-56e7db86b8fe",
	"341185aa-cbce-4ae9-87d5-b38cf656228a");
INSERT INTO V_VAL
	VALUES ("341185aa-cbce-4ae9-87d5-b38cf656228a",
	0,
	0,
	1,
	8,
	8,
	0,
	0,
	0,
	0,
	"811f1dd7-74f0-407e-b449-939d0de5ee8d",
	"3cf9e976-6975-4e13-9982-f12f72316cd9");
INSERT INTO V_LIN
	VALUES ("341185aa-cbce-4ae9-87d5-b38cf656228a",
	'0');
INSERT INTO S_BRG
	VALUES ("6ab0cff9-f794-495b-9a7b-b0c076259c1d",
	"7f9e124d-30e8-49e2-aed2-23757fbeda8c",
	'space_used',
	'',
	0,
	"811f1dd7-74f0-407e-b449-939d0de5ee8d",
	'return 0;',
	1,
	'');
INSERT INTO ACT_BRB
	VALUES ("de94dc46-cbf8-4066-a77b-fbca7ecc5b1c",
	"6ab0cff9-f794-495b-9a7b-b0c076259c1d");
INSERT INTO ACT_ACT
	VALUES ("de94dc46-cbf8-4066-a77b-fbca7ecc5b1c",
	'bridge',
	0,
	"37fd099d-af03-407c-be4d-3b94ac8dc8e4",
	"00000000-0000-0000-0000-000000000000",
	0,
	'Non-Volatile Storage::space_used',
	"00000000-0000-0000-0000-000000000000");
INSERT INTO ACT_BLK
	VALUES ("37fd099d-af03-407c-be4d-3b94ac8dc8e4",
	0,
	0,
	0,
	'',
	'',
	'',
	1,
	1,
	0,
	0,
	0,
	0,
	0,
	0,
	0,
	0,
	0,
	0,
	0,
	"de94dc46-cbf8-4066-a77b-fbca7ecc5b1c",
	"00000000-0000-0000-0000-000000000000");
INSERT INTO ACT_SMT
	VALUES ("a4fd7347-071e-48ab-92b0-dfa6242d1d59",
	"37fd099d-af03-407c-be4d-3b94ac8dc8e4",
	"00000000-0000-0000-0000-000000000000",
	1,
	1,
	'Non-Volatile Storage::space_used line: 1');
INSERT INTO ACT_RET
	VALUES ("a4fd7347-071e-48ab-92b0-dfa6242d1d59",
	"bb5ada3b-d5a5-49d1-853a-9d4408046ef5");
INSERT INTO V_VAL
	VALUES ("bb5ada3b-d5a5-49d1-853a-9d4408046ef5",
	0,
	0,
	1,
	8,
	8,
	0,
	0,
	0,
	0,
	"811f1dd7-74f0-407e-b449-939d0de5ee8d",
	"37fd099d-af03-407c-be4d-3b94ac8dc8e4");
INSERT INTO V_LIN
	VALUES ("bb5ada3b-d5a5-49d1-853a-9d4408046ef5",
	'0');
INSERT INTO S_BRG
	VALUES ("ec0815d4-cb52-4154-bbc9-7c85a2d01db4",
	"7f9e124d-30e8-49e2-aed2-23757fbeda8c",
	'format',
	'',
	0,
	"811f1dd7-74f0-407e-b449-939d0de5ee8d",
	'return 0;',
	1,
	'');
INSERT INTO ACT_BRB
	VALUES ("c38c36a2-253c-49b5-b699-fb930c89d8b9",
	"ec0815d4-cb52-4154-bbc9-7c85a2d01db4");
INSERT INTO ACT_ACT
	VALUES ("c38c36a2-253c-49b5-b699-fb930c89d8b9",
	'bridge',
	0,
	"3435a12b-d2f8-419a-8a11-7d608db1fa06",
	"00000000-0000-0000-0000-000000000000",
	0,
	'Non-Volatile Storage::format',
	"00000000-0000-0000-0000-000000000000");
INSERT INTO ACT_BLK
	VALUES ("3435a12b-d2f8-419a-8a11-7d608db1fa06",
	0,
	0,
	0,
	'',
	'',
	'',
	1,
	1,
	0,
	0,
	0,
	0,
	0,
	0,
	0,
	0,
	0,
	0,
	0,
	"c38c36a2-253c-49b5-b699-fb930c89d8b9",
	"00000000-0000-0000-0000-000000000000");
INSERT INTO ACT_SMT
	VALUES ("dc75a2dd-78e5-40df-89d4-998d327aba00",
	"3435a12b-d2f8-419a-8a11-7d608db1fa06",
	"00000000-0000-0000-0000-000000000000",
	1,
	1,
	'Non-Volatile Storage::format line: 1');
INSERT INTO ACT_RET
	VALUES ("dc75a2dd-78e5-40df-89d4-998d327aba00",
	"3f2da157-d07a-4209-baa4-d116c285b606");
INSERT INTO V_VAL
	VALUES ("3f2da157-d07a-4209-baa4-d116c285b606",
	0,
	0,
	1,
	8,
	8,
	0,
	0,
	0,
	0,
	"811f1dd7-74f0-407e-b449-939d0de5ee8d",
	"3435a12b-d2f8-419a-8a11-7d608db1fa06");
INSERT INTO V_LIN
	VALUES ("3f2da157-d07a-4209-baa4-d116c285b606",
	'0');
INSERT INTO S_FPK
	VALUES ("902fee5d-2cc1-44d8-a018-7d4ab96f184d",
	'functions',
	"0eb5e6c3-13b6-4550-b154-5d6824e51255",
	"00000000-0000-0000-0000-000000000000");
INSERT INTO PL_FPID
	VALUES ("902fee5d-2cc1-44d8-a018-7d4ab96f184d",
	"0eb5e6c3-13b6-4550-b154-5d6824e51255");
INSERT INTO S_FIP
	VALUES ("902fee5d-2cc1-44d8-a018-7d4ab96f184d",
	"401030fa-dd34-4c89-8014-44ec7b0e1bb7");
INSERT INTO S_SYNC
	VALUES ("401030fa-dd34-4c89-8014-44ec7b0e1bb7",
	"0eb5e6c3-13b6-4550-b154-5d6824e51255",
	'setup',
	'',
	'// 
// Check to see if any instances are already here.
// This would mean that we have restored from NVS
// or that preexisting instances were defined in data.
//

select any sequence from instances of SEQUENCE;
if ( empty sequence )
  i = NVS::space_used();
  if ( i < 100 )
    i = NVS::format();
    if( i != 0 )
      LOG::LogFailure( message:"Error formatting the NVS." );
    end if;
  end if;

  LOG::LogInfo( message:"Did not find any PEI data, initializing NVS" );
  i = NVS::version( first:1, second:2 );
  i =  NVS::checksum( first:1, second:2 );
  
// Create 9 digits.
i = 9;
while ( 0 < i )
  create object instance digit of DIGIT;
  digit.value = i;
  i = i - 1;
end while;
create object instance digit of DIGIT;
digit.value = 0;


i = 9;
while ( 0 < i )

  // Create the row sequence.
  create object instance sequence of SEQUENCE;
  sequence.solved = false;
  sequence.requests = 0;
  create object instance row of ROW;
  row.number = i;
  relate row to sequence across R1;
  
  // Create the column sequence.
  create object instance sequence of SEQUENCE;
  sequence.solved = false;
  sequence.requests = 0;
  create object instance column of COLUMN;
  column.number = i;
  relate column to sequence across R1;
  
  // Create the box sequence.
  create object instance sequence of SEQUENCE;
  sequence.solved = false;
  sequence.requests = 0;
  create object instance box of BOX;
  box.number = i;
  relate box to sequence across R1;
  
  i = i - 1;
end while;

select many rows from instances of ROW;
for each row in rows
  select many columns from instances of COLUMN;
  for each column in columns;
    create object instance cell of CELL;
    select any digit from instances of DIGIT where ( selected.value == 0 );
    relate cell to digit across R9; 
    relate cell to row across R2;
    relate cell to column across R3;
  
    // Link in all 9 digits to each cell.
    select many digits from instances of DIGIT where ( selected.value != 0 );
    for each digit in digits
      create object instance eligible of ELIGIBLE;
      relate digit to cell across R8 using eligible;
    end for;
  end for;
end for;

// Link the cells to the correct boxes.
select many cells from instances of CELL;
for each cell in cells
  if ( ( cell.row_number <= 3 ) and
     ( cell.column_number <= 3 ) )
    select any box from instances of BOX where ( selected.number == 1 );
    relate cell to box across R4;
  elif ( ( cell.row_number <= 3 ) and
     ( ( 4 <= cell.column_number ) and ( cell.column_number <= 6 ) ) )
    select any box from instances of BOX where ( selected.number == 2 );
    relate cell to box across R4;
  elif ( ( cell.row_number <= 3 ) and
     ( 7 <= cell.column_number ) )
    select any box from instances of BOX where ( selected.number == 3 );
    relate cell to box across R4;
  elif ( ( ( 4 <= cell.row_number ) and ( cell.row_number <= 6 ) ) and
     ( cell.column_number <= 3 ) )
    select any box from instances of BOX where ( selected.number == 4 );
    relate cell to box across R4;
  elif ( ( ( 4 <= cell.row_number ) and ( cell.row_number <= 6 ) ) and
     ( ( 4 <= cell.column_number ) and ( cell.column_number <= 6 ) ) )
    select any box from instances of BOX where ( selected.number == 5 );
    relate cell to box across R4;
  elif ( ( ( 4 <= cell.row_number ) and ( cell.row_number <= 6 ) ) and
     ( 7 <= cell.column_number ) )
    select any box from instances of BOX where ( selected.number == 6 );
    relate cell to box across R4;
  elif ( ( 7 <= cell.row_number ) and
     ( cell.column_number <= 3 ) )
    select any box from instances of BOX where ( selected.number == 7 );
    relate cell to box across R4;
  elif ( ( 7 <= cell.row_number ) and
     ( ( 4 <= cell.column_number ) and ( cell.column_number <= 6 ) ) )
    select any box from instances of BOX where ( selected.number == 8 );
    relate cell to box across R4;
  elif ( ( 7 <= cell.row_number ) and
     ( 7 <= cell.column_number ) )
    select any box from instances of BOX where ( selected.number == 9 );
    relate cell to box across R4;
  end if;
end for;

else
  LOG::LogInfo( message:"PEI data found." );
end if;
',
	"606ca061-c661-4bbf-bb1a-bb2345f5239e",
	1,
	'');
INSERT INTO ACT_FNB
	VALUES ("53d97387-cd3a-47b0-a198-70bcc78aa2cf",
	"401030fa-dd34-4c89-8014-44ec7b0e1bb7");
INSERT INTO ACT_ACT
	VALUES ("53d97387-cd3a-47b0-a198-70bcc78aa2cf",
	'function',
	0,
	"9f67ead1-5073-4fe8-beb4-b32626ca1777",
	"00000000-0000-0000-0000-000000000000",
	0,
	'setup',
	"00000000-0000-0000-0000-000000000000");
INSERT INTO ACT_BLK
	VALUES ("9f67ead1-5073-4fe8-beb4-b32626ca1777",
	1,
	0,
	0,
	'',
	'',
	'',
	123,
	1,
	7,
	39,
	0,
	0,
	0,
	0,
	0,
	0,
	0,
	0,
	0,
	"53d97387-cd3a-47b0-a198-70bcc78aa2cf",
	"00000000-0000-0000-0000-000000000000");
INSERT INTO ACT_SMT
	VALUES ("2b9189a1-f1a4-41d9-b9c9-3d0dbeebc4cc",
	"9f67ead1-5073-4fe8-beb4-b32626ca1777",
	"c3b546c1-8c94-4cef-9e0a-31d4a44fbc3a",
	7,
	1,
	'setup line: 7');
INSERT INTO ACT_FIO
	VALUES ("2b9189a1-f1a4-41d9-b9c9-3d0dbeebc4cc",
	"a6172d7f-e708-4434-9624-6b95c3e94bd8",
	1,
	'any',
	"03ac2337-ce3a-497f-a3de-92a1101b2208",
	7,
	39);
INSERT INTO ACT_SMT
	VALUES ("c3b546c1-8c94-4cef-9e0a-31d4a44fbc3a",
	"9f67ead1-5073-4fe8-beb4-b32626ca1777",
	"00000000-0000-0000-0000-000000000000",
	8,
	1,
	'setup line: 8');
INSERT INTO ACT_IF
	VALUES ("c3b546c1-8c94-4cef-9e0a-31d4a44fbc3a",
	"64e1ecf6-f55a-45b4-9cf0-5d974ae60ae4",
	"0db9b968-cd1c-4150-b9c8-5ff45bcefa19",
	"00000000-0000-0000-0000-000000000000",
	"00000000-0000-0000-0000-000000000000");
INSERT INTO ACT_SMT
	VALUES ("21d57873-2a06-4aba-90e3-f932df5adbc7",
	"9f67ead1-5073-4fe8-beb4-b32626ca1777",
	"00000000-0000-0000-0000-000000000000",
	123,
	1,
	'setup line: 123');
INSERT INTO ACT_E
	VALUES ("21d57873-2a06-4aba-90e3-f932df5adbc7",
	"f782a1d8-53ed-438a-a487-9fea2332e112",
	"c3b546c1-8c94-4cef-9e0a-31d4a44fbc3a");
INSERT INTO V_VAL
	VALUES ("216c6df9-1372-483b-8ded-ed7377e1d0f6",
	0,
	0,
	8,
	12,
	19,
	0,
	0,
	0,
	0,
	"1a2907d2-496f-482d-ba4d-df818f73d6fa",
	"9f67ead1-5073-4fe8-beb4-b32626ca1777");
INSERT INTO V_IRF
	VALUES ("216c6df9-1372-483b-8ded-ed7377e1d0f6",
	"a6172d7f-e708-4434-9624-6b95c3e94bd8");
INSERT INTO V_VAL
	VALUES ("0db9b968-cd1c-4150-b9c8-5ff45bcefa19",
	0,
	0,
	-1,
	-1,
	-1,
	0,
	0,
	0,
	0,
	"4e005777-df64-4279-9c02-400e239872b9",
	"9f67ead1-5073-4fe8-beb4-b32626ca1777");
INSERT INTO V_UNY
	VALUES ("0db9b968-cd1c-4150-b9c8-5ff45bcefa19",
	"216c6df9-1372-483b-8ded-ed7377e1d0f6",
	'empty');
INSERT INTO V_VAR
	VALUES ("a6172d7f-e708-4434-9624-6b95c3e94bd8",
	"9f67ead1-5073-4fe8-beb4-b32626ca1777",
	'sequence',
	1,
	"1a2907d2-496f-482d-ba4d-df818f73d6fa");
INSERT INTO V_INT
	VALUES ("a6172d7f-e708-4434-9624-6b95c3e94bd8",
	0,
	"03ac2337-ce3a-497f-a3de-92a1101b2208");
INSERT INTO V_LOC
	VALUES ("a7dc51b5-f3ef-4296-b7ed-1a09366136fe",
	7,
	12,
	19,
	"a6172d7f-e708-4434-9624-6b95c3e94bd8");
INSERT INTO V_LOC
	VALUES ("61cb5f90-2301-4473-aa52-98f9106bcdf2",
	36,
	26,
	33,
	"a6172d7f-e708-4434-9624-6b95c3e94bd8");
INSERT INTO V_LOC
	VALUES ("48f813cb-8795-4832-9af6-5a9dd2631291",
	37,
	3,
	10,
	"a6172d7f-e708-4434-9624-6b95c3e94bd8");
INSERT INTO V_LOC
	VALUES ("9d8cea61-5f2a-4503-921b-7391ba881c5c",
	38,
	3,
	10,
	"a6172d7f-e708-4434-9624-6b95c3e94bd8");
INSERT INTO V_LOC
	VALUES ("64428645-951b-4e31-8dc5-7b7cc06b51b5",
	41,
	17,
	24,
	"a6172d7f-e708-4434-9624-6b95c3e94bd8");
INSERT INTO V_LOC
	VALUES ("a9e79fd9-cac4-48ed-b29a-c2b64d37bfe6",
	44,
	26,
	33,
	"a6172d7f-e708-4434-9624-6b95c3e94bd8");
INSERT INTO V_LOC
	VALUES ("d2066abc-6a2e-4c19-bd0c-e14091f3839f",
	45,
	3,
	10,
	"a6172d7f-e708-4434-9624-6b95c3e94bd8");
INSERT INTO V_LOC
	VALUES ("3079489c-1739-4ecb-b26d-193b6b8a4387",
	46,
	3,
	10,
	"a6172d7f-e708-4434-9624-6b95c3e94bd8");
INSERT INTO V_LOC
	VALUES ("65e4c469-98a6-441d-8e9f-cd6160ab3a89",
	49,
	20,
	27,
	"a6172d7f-e708-4434-9624-6b95c3e94bd8");
INSERT INTO V_LOC
	VALUES ("5f25f829-b314-4331-919a-bac10f7bce4e",
	52,
	26,
	33,
	"a6172d7f-e708-4434-9624-6b95c3e94bd8");
INSERT INTO V_LOC
	VALUES ("ee94a27f-ff5f-4d36-a32d-8194ed66e056",
	53,
	3,
	10,
	"a6172d7f-e708-4434-9624-6b95c3e94bd8");
INSERT INTO V_LOC
	VALUES ("872da506-6d2e-4f11-9f29-0e4df753266d",
	54,
	3,
	10,
	"a6172d7f-e708-4434-9624-6b95c3e94bd8");
INSERT INTO V_LOC
	VALUES ("2f7500d3-4e98-4002-bdcf-a9490a5f0cdc",
	57,
	17,
	24,
	"a6172d7f-e708-4434-9624-6b95c3e94bd8");
INSERT INTO ACT_BLK
	VALUES ("64e1ecf6-f55a-45b4-9cf0-5d974ae60ae4",
	1,
	0,
	0,
	'NVS',
	'',
	'',
	83,
	1,
	82,
	37,
	0,
	0,
	0,
	0,
	0,
	0,
	0,
	0,
	0,
	"53d97387-cd3a-47b0-a198-70bcc78aa2cf",
	"00000000-0000-0000-0000-000000000000");
INSERT INTO ACT_SMT
	VALUES ("3927d901-6744-4f57-9754-980c6244368f",
	"64e1ecf6-f55a-45b4-9cf0-5d974ae60ae4",
	"6c2da286-2102-4b4d-b275-dd105d2534fb",
	9,
	3,
	'setup line: 9');
INSERT INTO ACT_AI
	VALUES ("3927d901-6744-4f57-9754-980c6244368f",
	"fbebff9d-a9ce-4da9-b7da-8f9ed84a7eca",
	"a55cd40c-0026-4ebf-a87e-44882a38250a",
	0,
	0);
INSERT INTO ACT_SMT
	VALUES ("6c2da286-2102-4b4d-b275-dd105d2534fb",
	"64e1ecf6-f55a-45b4-9cf0-5d974ae60ae4",
	"577382f9-f0b9-4084-a356-290a6fcbc005",
	10,
	3,
	'setup line: 10');
INSERT INTO ACT_IF
	VALUES ("6c2da286-2102-4b4d-b275-dd105d2534fb",
	"23ac787f-a1a6-45ca-b35b-8ed9918c0b92",
	"e6e0d224-581a-4357-aef7-5ce86d394900",
	"00000000-0000-0000-0000-000000000000",
	"00000000-0000-0000-0000-000000000000");
INSERT INTO ACT_SMT
	VALUES ("577382f9-f0b9-4084-a356-290a6fcbc005",
	"64e1ecf6-f55a-45b4-9cf0-5d974ae60ae4",
	"b3d6759d-ee8e-4d78-91fd-46ae6db5c145",
	17,
	3,
	'setup line: 17');
INSERT INTO ACT_BRG
	VALUES ("577382f9-f0b9-4084-a356-290a6fcbc005",
	"20118c86-a3a0-4c4b-80f0-5ef1a2122e2f",
	17,
	8,
	17,
	3);
INSERT INTO ACT_SMT
	VALUES ("b3d6759d-ee8e-4d78-91fd-46ae6db5c145",
	"64e1ecf6-f55a-45b4-9cf0-5d974ae60ae4",
	"18d8c3f7-52a6-48d9-a6ef-2eeb4579ce69",
	18,
	3,
	'setup line: 18');
INSERT INTO ACT_AI
	VALUES ("b3d6759d-ee8e-4d78-91fd-46ae6db5c145",
	"d41588cb-eeea-44b7-93ab-a8e365565bd8",
	"2d5c5e41-5bda-4b80-b1b7-6b5d086b6f05",
	0,
	0);
INSERT INTO ACT_SMT
	VALUES ("18d8c3f7-52a6-48d9-a6ef-2eeb4579ce69",
	"64e1ecf6-f55a-45b4-9cf0-5d974ae60ae4",
	"0b2e256b-bb1a-4f97-b652-eeb3d2eef2c7",
	19,
	3,
	'setup line: 19');
INSERT INTO ACT_AI
	VALUES ("18d8c3f7-52a6-48d9-a6ef-2eeb4579ce69",
	"c4f45496-9310-4c02-b6ec-ad0024bb6dd9",
	"a7c47753-a19a-4e6d-a837-f8503ffe9264",
	0,
	0);
INSERT INTO ACT_SMT
	VALUES ("0b2e256b-bb1a-4f97-b652-eeb3d2eef2c7",
	"64e1ecf6-f55a-45b4-9cf0-5d974ae60ae4",
	"c60ccd97-4e80-434f-bc88-aa8257aa3edd",
	22,
	1,
	'setup line: 22');
INSERT INTO ACT_AI
	VALUES ("0b2e256b-bb1a-4f97-b652-eeb3d2eef2c7",
	"e6d125a4-7c0c-4969-a895-2c4cfe40ffd6",
	"afdd2c1c-78af-4273-a0bd-2a8693ad7a8d",
	0,
	0);
INSERT INTO ACT_SMT
	VALUES ("c60ccd97-4e80-434f-bc88-aa8257aa3edd",
	"64e1ecf6-f55a-45b4-9cf0-5d974ae60ae4",
	"2e27facf-8850-4acc-9ddb-7614441f6b5a",
	23,
	1,
	'setup line: 23');
INSERT INTO ACT_WHL
	VALUES ("c60ccd97-4e80-434f-bc88-aa8257aa3edd",
	"d1bd2773-f511-422d-86cc-ccc3e717796e",
	"9e276f93-3008-4f07-9bde-58b9847bb1e2");
INSERT INTO ACT_SMT
	VALUES ("2e27facf-8850-4acc-9ddb-7614441f6b5a",
	"64e1ecf6-f55a-45b4-9cf0-5d974ae60ae4",
	"b5eaa12c-1b22-4fa0-ae9d-058ac87ff5ff",
	28,
	1,
	'setup line: 28');
INSERT INTO ACT_CR
	VALUES ("2e27facf-8850-4acc-9ddb-7614441f6b5a",
	"9ac36d5c-ec3c-4e70-84fd-d995e198cddc",
	1,
	"8a59e2de-6f5d-4937-ade5-f1ace45cc756",
	28,
	33);
INSERT INTO ACT_SMT
	VALUES ("b5eaa12c-1b22-4fa0-ae9d-058ac87ff5ff",
	"64e1ecf6-f55a-45b4-9cf0-5d974ae60ae4",
	"8d64fb9b-2230-431f-bab5-c057a9610cf9",
	29,
	1,
	'setup line: 29');
INSERT INTO ACT_AI
	VALUES ("b5eaa12c-1b22-4fa0-ae9d-058ac87ff5ff",
	"d94350ea-cdc1-4889-9fdf-2a44ac6bb6e4",
	"ef9aad07-3427-4a03-a83b-f2d3405f3c46",
	0,
	0);
INSERT INTO ACT_SMT
	VALUES ("8d64fb9b-2230-431f-bab5-c057a9610cf9",
	"64e1ecf6-f55a-45b4-9cf0-5d974ae60ae4",
	"f793e105-3d94-4370-b591-058cfc13475e",
	32,
	1,
	'setup line: 32');
INSERT INTO ACT_AI
	VALUES ("8d64fb9b-2230-431f-bab5-c057a9610cf9",
	"44354cdb-788b-45c7-817c-db4ff9499188",
	"c3bba00d-7fa9-4ec6-b900-8e6a91675f63",
	0,
	0);
INSERT INTO ACT_SMT
	VALUES ("f793e105-3d94-4370-b591-058cfc13475e",
	"64e1ecf6-f55a-45b4-9cf0-5d974ae60ae4",
	"47c20956-5d1a-4fc1-8bbe-b10d53b9eb12",
	33,
	1,
	'setup line: 33');
INSERT INTO ACT_WHL
	VALUES ("f793e105-3d94-4370-b591-058cfc13475e",
	"1e7992be-996f-4a2e-936e-43f12aec7982",
	"ef234042-53a5-4db9-b7b0-78677e85394f");
INSERT INTO ACT_SMT
	VALUES ("47c20956-5d1a-4fc1-8bbe-b10d53b9eb12",
	"64e1ecf6-f55a-45b4-9cf0-5d974ae60ae4",
	"d39ff9e0-0fe7-485f-b46e-34f504c05dd1",
	62,
	1,
	'setup line: 62');
INSERT INTO ACT_FIO
	VALUES ("47c20956-5d1a-4fc1-8bbe-b10d53b9eb12",
	"4a097603-56da-47ef-8114-294bc502c370",
	1,
	'many',
	"56c54c26-d9b7-409a-83b7-4c701cc02c0e",
	62,
	36);
INSERT INTO ACT_SMT
	VALUES ("d39ff9e0-0fe7-485f-b46e-34f504c05dd1",
	"64e1ecf6-f55a-45b4-9cf0-5d974ae60ae4",
	"c212036b-27b7-4f9c-a38f-e2b8a3433b1b",
	63,
	1,
	'setup line: 63');
INSERT INTO ACT_FOR
	VALUES ("d39ff9e0-0fe7-485f-b46e-34f504c05dd1",
	"3b63142a-9398-4d93-a153-d5209e8a2494",
	1,
	"e62213a6-ff80-4fdf-89e9-b2da33982a3e",
	"4a097603-56da-47ef-8114-294bc502c370",
	"56c54c26-d9b7-409a-83b7-4c701cc02c0e");
INSERT INTO ACT_SMT
	VALUES ("c212036b-27b7-4f9c-a38f-e2b8a3433b1b",
	"64e1ecf6-f55a-45b4-9cf0-5d974ae60ae4",
	"73063457-9b9d-4a84-a31a-acf03eae93a0",
	82,
	1,
	'setup line: 82');
INSERT INTO ACT_FIO
	VALUES ("c212036b-27b7-4f9c-a38f-e2b8a3433b1b",
	"9a6d56e6-d143-40d1-a16a-a903130aa483",
	1,
	'many',
	"e488047e-8d3e-455c-a7e9-29120bad505f",
	82,
	37);
INSERT INTO ACT_SMT
	VALUES ("73063457-9b9d-4a84-a31a-acf03eae93a0",
	"64e1ecf6-f55a-45b4-9cf0-5d974ae60ae4",
	"00000000-0000-0000-0000-000000000000",
	83,
	1,
	'setup line: 83');
INSERT INTO ACT_FOR
	VALUES ("73063457-9b9d-4a84-a31a-acf03eae93a0",
	"623da1c5-4e87-4258-a6b9-3305ed1dfd52",
	1,
	"2d2751ee-5e34-4e7b-a0e7-9d12ad2eaf79",
	"9a6d56e6-d143-40d1-a16a-a903130aa483",
	"e488047e-8d3e-455c-a7e9-29120bad505f");
INSERT INTO V_VAL
	VALUES ("a55cd40c-0026-4ebf-a87e-44882a38250a",
	1,
	1,
	9,
	3,
	3,
	0,
	0,
	0,
	0,
	"811f1dd7-74f0-407e-b449-939d0de5ee8d",
	"64e1ecf6-f55a-45b4-9cf0-5d974ae60ae4");
INSERT INTO V_TVL
	VALUES ("a55cd40c-0026-4ebf-a87e-44882a38250a",
	"d44688ed-438e-4556-b784-41efaf61ce01");
INSERT INTO V_VAL
	VALUES ("fbebff9d-a9ce-4da9-b7da-8f9ed84a7eca",
	0,
	0,
	9,
	12,
	-1,
	0,
	0,
	0,
	0,
	"811f1dd7-74f0-407e-b449-939d0de5ee8d",
	"64e1ecf6-f55a-45b4-9cf0-5d974ae60ae4");
INSERT INTO V_BRV
	VALUES ("fbebff9d-a9ce-4da9-b7da-8f9ed84a7eca",
	"6ab0cff9-f794-495b-9a7b-b0c076259c1d",
	1,
	9,
	7);
INSERT INTO V_VAL
	VALUES ("ad853968-621a-4ba9-8343-93ed51c1bf45",
	0,
	0,
	10,
	8,
	8,
	0,
	0,
	0,
	0,
	"811f1dd7-74f0-407e-b449-939d0de5ee8d",
	"64e1ecf6-f55a-45b4-9cf0-5d974ae60ae4");
INSERT INTO V_TVL
	VALUES ("ad853968-621a-4ba9-8343-93ed51c1bf45",
	"d44688ed-438e-4556-b784-41efaf61ce01");
INSERT INTO V_VAL
	VALUES ("e6e0d224-581a-4357-aef7-5ce86d394900",
	0,
	0,
	-1,
	-1,
	-1,
	0,
	0,
	0,
	0,
	"4e005777-df64-4279-9c02-400e239872b9",
	"64e1ecf6-f55a-45b4-9cf0-5d974ae60ae4");
INSERT INTO V_BIN
	VALUES ("e6e0d224-581a-4357-aef7-5ce86d394900",
	"f5b47612-2a2b-4ba1-bce1-82a1d31b633a",
	"ad853968-621a-4ba9-8343-93ed51c1bf45",
	'<');
INSERT INTO V_VAL
	VALUES ("f5b47612-2a2b-4ba1-bce1-82a1d31b633a",
	0,
	0,
	10,
	12,
	14,
	0,
	0,
	0,
	0,
	"811f1dd7-74f0-407e-b449-939d0de5ee8d",
	"64e1ecf6-f55a-45b4-9cf0-5d974ae60ae4");
INSERT INTO V_LIN
	VALUES ("f5b47612-2a2b-4ba1-bce1-82a1d31b633a",
	'100');
INSERT INTO V_VAL
	VALUES ("de4fb63e-63fc-41d9-b94c-a3799487bd09",
	0,
	0,
	17,
	25,
	68,
	0,
	0,
	0,
	0,
	"e27a3af8-1f28-4ba6-a876-f718ce67db3c",
	"64e1ecf6-f55a-45b4-9cf0-5d974ae60ae4");
INSERT INTO V_LST
	VALUES ("de4fb63e-63fc-41d9-b94c-a3799487bd09",
	'Did not find any PEI data, initializing NVS');
INSERT INTO V_PAR
	VALUES ("de4fb63e-63fc-41d9-b94c-a3799487bd09",
	"577382f9-f0b9-4084-a356-290a6fcbc005",
	"00000000-0000-0000-0000-000000000000",
	'message',
	"00000000-0000-0000-0000-000000000000",
	17,
	17);
INSERT INTO V_VAL
	VALUES ("2d5c5e41-5bda-4b80-b1b7-6b5d086b6f05",
	1,
	0,
	18,
	3,
	3,
	0,
	0,
	0,
	0,
	"811f1dd7-74f0-407e-b449-939d0de5ee8d",
	"64e1ecf6-f55a-45b4-9cf0-5d974ae60ae4");
INSERT INTO V_TVL
	VALUES ("2d5c5e41-5bda-4b80-b1b7-6b5d086b6f05",
	"d44688ed-438e-4556-b784-41efaf61ce01");
INSERT INTO V_VAL
	VALUES ("d41588cb-eeea-44b7-93ab-a8e365565bd8",
	0,
	0,
	18,
	12,
	-1,
	18,
	21,
	18,
	30,
	"811f1dd7-74f0-407e-b449-939d0de5ee8d",
	"64e1ecf6-f55a-45b4-9cf0-5d974ae60ae4");
INSERT INTO V_BRV
	VALUES ("d41588cb-eeea-44b7-93ab-a8e365565bd8",
	"ca2c181d-fd92-4b62-b6bf-c494c018da0c",
	1,
	18,
	7);
INSERT INTO V_VAL
	VALUES ("14859231-637a-4893-95a2-069180c4390d",
	0,
	0,
	18,
	27,
	27,
	0,
	0,
	0,
	0,
	"811f1dd7-74f0-407e-b449-939d0de5ee8d",
	"64e1ecf6-f55a-45b4-9cf0-5d974ae60ae4");
INSERT INTO V_LIN
	VALUES ("14859231-637a-4893-95a2-069180c4390d",
	'1');
INSERT INTO V_PAR
	VALUES ("14859231-637a-4893-95a2-069180c4390d",
	"00000000-0000-0000-0000-000000000000",
	"d41588cb-eeea-44b7-93ab-a8e365565bd8",
	'first',
	"14c1c359-da79-4d7f-9f44-526b5e1b34a6",
	18,
	21);
INSERT INTO V_VAL
	VALUES ("14c1c359-da79-4d7f-9f44-526b5e1b34a6",
	0,
	0,
	18,
	37,
	37,
	0,
	0,
	0,
	0,
	"811f1dd7-74f0-407e-b449-939d0de5ee8d",
	"64e1ecf6-f55a-45b4-9cf0-5d974ae60ae4");
INSERT INTO V_LIN
	VALUES ("14c1c359-da79-4d7f-9f44-526b5e1b34a6",
	'2');
INSERT INTO V_PAR
	VALUES ("14c1c359-da79-4d7f-9f44-526b5e1b34a6",
	"00000000-0000-0000-0000-000000000000",
	"d41588cb-eeea-44b7-93ab-a8e365565bd8",
	'second',
	"00000000-0000-0000-0000-000000000000",
	18,
	30);
INSERT INTO V_VAL
	VALUES ("a7c47753-a19a-4e6d-a837-f8503ffe9264",
	1,
	0,
	19,
	3,
	3,
	0,
	0,
	0,
	0,
	"811f1dd7-74f0-407e-b449-939d0de5ee8d",
	"64e1ecf6-f55a-45b4-9cf0-5d974ae60ae4");
INSERT INTO V_TVL
	VALUES ("a7c47753-a19a-4e6d-a837-f8503ffe9264",
	"d44688ed-438e-4556-b784-41efaf61ce01");
INSERT INTO V_VAL
	VALUES ("c4f45496-9310-4c02-b6ec-ad0024bb6dd9",
	0,
	0,
	19,
	13,
	-1,
	19,
	23,
	19,
	32,
	"811f1dd7-74f0-407e-b449-939d0de5ee8d",
	"64e1ecf6-f55a-45b4-9cf0-5d974ae60ae4");
INSERT INTO V_BRV
	VALUES ("c4f45496-9310-4c02-b6ec-ad0024bb6dd9",
	"0d03b975-963a-405e-9231-c470ac2ac717",
	1,
	19,
	8);
INSERT INTO V_VAL
	VALUES ("0560a29f-e1d8-49bc-8210-75dbd709d280",
	0,
	0,
	19,
	29,
	29,
	0,
	0,
	0,
	0,
	"811f1dd7-74f0-407e-b449-939d0de5ee8d",
	"64e1ecf6-f55a-45b4-9cf0-5d974ae60ae4");
INSERT INTO V_LIN
	VALUES ("0560a29f-e1d8-49bc-8210-75dbd709d280",
	'1');
INSERT INTO V_PAR
	VALUES ("0560a29f-e1d8-49bc-8210-75dbd709d280",
	"00000000-0000-0000-0000-000000000000",
	"c4f45496-9310-4c02-b6ec-ad0024bb6dd9",
	'first',
	"8b459c86-034f-4f80-9a06-3ffb0d3093ea",
	19,
	23);
INSERT INTO V_VAL
	VALUES ("8b459c86-034f-4f80-9a06-3ffb0d3093ea",
	0,
	0,
	19,
	39,
	39,
	0,
	0,
	0,
	0,
	"811f1dd7-74f0-407e-b449-939d0de5ee8d",
	"64e1ecf6-f55a-45b4-9cf0-5d974ae60ae4");
INSERT INTO V_LIN
	VALUES ("8b459c86-034f-4f80-9a06-3ffb0d3093ea",
	'2');
INSERT INTO V_PAR
	VALUES ("8b459c86-034f-4f80-9a06-3ffb0d3093ea",
	"00000000-0000-0000-0000-000000000000",
	"c4f45496-9310-4c02-b6ec-ad0024bb6dd9",
	'second',
	"00000000-0000-0000-0000-000000000000",
	19,
	32);
INSERT INTO V_VAL
	VALUES ("afdd2c1c-78af-4273-a0bd-2a8693ad7a8d",
	1,
	0,
	22,
	1,
	1,
	0,
	0,
	0,
	0,
	"811f1dd7-74f0-407e-b449-939d0de5ee8d",
	"64e1ecf6-f55a-45b4-9cf0-5d974ae60ae4");
INSERT INTO V_TVL
	VALUES ("afdd2c1c-78af-4273-a0bd-2a8693ad7a8d",
	"d44688ed-438e-4556-b784-41efaf61ce01");
INSERT INTO V_VAL
	VALUES ("e6d125a4-7c0c-4969-a895-2c4cfe40ffd6",
	0,
	0,
	22,
	5,
	5,
	0,
	0,
	0,
	0,
	"811f1dd7-74f0-407e-b449-939d0de5ee8d",
	"64e1ecf6-f55a-45b4-9cf0-5d974ae60ae4");
INSERT INTO V_LIN
	VALUES ("e6d125a4-7c0c-4969-a895-2c4cfe40ffd6",
	'9');
INSERT INTO V_VAL
	VALUES ("cbdfdfc3-fda3-4296-af76-a021046818bd",
	0,
	0,
	23,
	9,
	9,
	0,
	0,
	0,
	0,
	"811f1dd7-74f0-407e-b449-939d0de5ee8d",
	"64e1ecf6-f55a-45b4-9cf0-5d974ae60ae4");
INSERT INTO V_LIN
	VALUES ("cbdfdfc3-fda3-4296-af76-a021046818bd",
	'0');
INSERT INTO V_VAL
	VALUES ("d1bd2773-f511-422d-86cc-ccc3e717796e",
	0,
	0,
	-1,
	-1,
	-1,
	0,
	0,
	0,
	0,
	"4e005777-df64-4279-9c02-400e239872b9",
	"64e1ecf6-f55a-45b4-9cf0-5d974ae60ae4");
INSERT INTO V_BIN
	VALUES ("d1bd2773-f511-422d-86cc-ccc3e717796e",
	"3de23697-51df-4238-a6d9-4552772e3f1c",
	"cbdfdfc3-fda3-4296-af76-a021046818bd",
	'<');
INSERT INTO V_VAL
	VALUES ("3de23697-51df-4238-a6d9-4552772e3f1c",
	0,
	0,
	23,
	13,
	13,
	0,
	0,
	0,
	0,
	"811f1dd7-74f0-407e-b449-939d0de5ee8d",
	"64e1ecf6-f55a-45b4-9cf0-5d974ae60ae4");
INSERT INTO V_TVL
	VALUES ("3de23697-51df-4238-a6d9-4552772e3f1c",
	"d44688ed-438e-4556-b784-41efaf61ce01");
INSERT INTO V_VAL
	VALUES ("11f59b76-aa3f-4f12-a684-4f1495b440f6",
	1,
	0,
	29,
	1,
	5,
	0,
	0,
	0,
	0,
	"1a2907d2-496f-482d-ba4d-df818f73d6fa",
	"64e1ecf6-f55a-45b4-9cf0-5d974ae60ae4");
INSERT INTO V_IRF
	VALUES ("11f59b76-aa3f-4f12-a684-4f1495b440f6",
	"9ac36d5c-ec3c-4e70-84fd-d995e198cddc");
INSERT INTO V_VAL
	VALUES ("ef9aad07-3427-4a03-a83b-f2d3405f3c46",
	1,
	0,
	29,
	7,
	11,
	0,
	0,
	0,
	0,
	"811f1dd7-74f0-407e-b449-939d0de5ee8d",
	"64e1ecf6-f55a-45b4-9cf0-5d974ae60ae4");
INSERT INTO V_AVL
	VALUES ("ef9aad07-3427-4a03-a83b-f2d3405f3c46",
	"11f59b76-aa3f-4f12-a684-4f1495b440f6",
	"8a59e2de-6f5d-4937-ade5-f1ace45cc756",
	"53e80efe-cb6c-4332-b046-1ba6f6005b30");
INSERT INTO V_VAL
	VALUES ("d94350ea-cdc1-4889-9fdf-2a44ac6bb6e4",
	0,
	0,
	29,
	15,
	15,
	0,
	0,
	0,
	0,
	"811f1dd7-74f0-407e-b449-939d0de5ee8d",
	"64e1ecf6-f55a-45b4-9cf0-5d974ae60ae4");
INSERT INTO V_LIN
	VALUES ("d94350ea-cdc1-4889-9fdf-2a44ac6bb6e4",
	'0');
INSERT INTO V_VAL
	VALUES ("c3bba00d-7fa9-4ec6-b900-8e6a91675f63",
	1,
	0,
	32,
	1,
	1,
	0,
	0,
	0,
	0,
	"811f1dd7-74f0-407e-b449-939d0de5ee8d",
	"64e1ecf6-f55a-45b4-9cf0-5d974ae60ae4");
INSERT INTO V_TVL
	VALUES ("c3bba00d-7fa9-4ec6-b900-8e6a91675f63",
	"d44688ed-438e-4556-b784-41efaf61ce01");
INSERT INTO V_VAL
	VALUES ("44354cdb-788b-45c7-817c-db4ff9499188",
	0,
	0,
	32,
	5,
	5,
	0,
	0,
	0,
	0,
	"811f1dd7-74f0-407e-b449-939d0de5ee8d",
	"64e1ecf6-f55a-45b4-9cf0-5d974ae60ae4");
INSERT INTO V_LIN
	VALUES ("44354cdb-788b-45c7-817c-db4ff9499188",
	'9');
INSERT INTO V_VAL
	VALUES ("a63ee33b-bd46-44cc-8ee8-9d9bc5921e44",
	0,
	0,
	33,
	9,
	9,
	0,
	0,
	0,
	0,
	"811f1dd7-74f0-407e-b449-939d0de5ee8d",
	"64e1ecf6-f55a-45b4-9cf0-5d974ae60ae4");
INSERT INTO V_LIN
	VALUES ("a63ee33b-bd46-44cc-8ee8-9d9bc5921e44",
	'0');
INSERT INTO V_VAL
	VALUES ("1e7992be-996f-4a2e-936e-43f12aec7982",
	0,
	0,
	-1,
	-1,
	-1,
	0,
	0,
	0,
	0,
	"4e005777-df64-4279-9c02-400e239872b9",
	"64e1ecf6-f55a-45b4-9cf0-5d974ae60ae4");
INSERT INTO V_BIN
	VALUES ("1e7992be-996f-4a2e-936e-43f12aec7982",
	"a19dad18-5e1d-4eea-a229-2a9ee1004a07",
	"a63ee33b-bd46-44cc-8ee8-9d9bc5921e44",
	'<');
INSERT INTO V_VAL
	VALUES ("a19dad18-5e1d-4eea-a229-2a9ee1004a07",
	0,
	0,
	33,
	13,
	13,
	0,
	0,
	0,
	0,
	"811f1dd7-74f0-407e-b449-939d0de5ee8d",
	"64e1ecf6-f55a-45b4-9cf0-5d974ae60ae4");
INSERT INTO V_TVL
	VALUES ("a19dad18-5e1d-4eea-a229-2a9ee1004a07",
	"d44688ed-438e-4556-b784-41efaf61ce01");
INSERT INTO V_VAR
	VALUES ("d44688ed-438e-4556-b784-41efaf61ce01",
	"64e1ecf6-f55a-45b4-9cf0-5d974ae60ae4",
	'i',
	1,
	"811f1dd7-74f0-407e-b449-939d0de5ee8d");
INSERT INTO V_TRN
	VALUES ("d44688ed-438e-4556-b784-41efaf61ce01",
	"00000000-0000-0000-0000-000000000000",
	'');
INSERT INTO V_LOC
	VALUES ("5136bfce-4b35-44c1-a9e6-fe8d00ebdea6",
	9,
	3,
	3,
	"d44688ed-438e-4556-b784-41efaf61ce01");
INSERT INTO V_LOC
	VALUES ("dfb389ef-ef3a-4b57-9c38-1a71c5f7cab4",
	10,
	8,
	8,
	"d44688ed-438e-4556-b784-41efaf61ce01");
INSERT INTO V_LOC
	VALUES ("6626f03d-d4c9-4fe0-9342-48692ae45368",
	11,
	5,
	5,
	"d44688ed-438e-4556-b784-41efaf61ce01");
INSERT INTO V_LOC
	VALUES ("0d26cb0d-f15f-4630-b777-9958289586e1",
	12,
	9,
	9,
	"d44688ed-438e-4556-b784-41efaf61ce01");
INSERT INTO V_LOC
	VALUES ("b0210bf8-bb8c-456a-bce8-f4029a525f34",
	18,
	3,
	3,
	"d44688ed-438e-4556-b784-41efaf61ce01");
INSERT INTO V_LOC
	VALUES ("25b5cca9-fa02-40dc-b36e-1e8cde40b194",
	19,
	3,
	3,
	"d44688ed-438e-4556-b784-41efaf61ce01");
INSERT INTO V_LOC
	VALUES ("161a634b-6e46-4032-9ba1-bc02caad85a7",
	22,
	1,
	1,
	"d44688ed-438e-4556-b784-41efaf61ce01");
INSERT INTO V_LOC
	VALUES ("771af0c7-f8ad-4d88-a938-7a4eb2fc5faf",
	23,
	13,
	13,
	"d44688ed-438e-4556-b784-41efaf61ce01");
INSERT INTO V_LOC
	VALUES ("e02a3011-7c7d-49de-9a2e-2960b07ce0e3",
	25,
	17,
	17,
	"d44688ed-438e-4556-b784-41efaf61ce01");
INSERT INTO V_LOC
	VALUES ("c70ca9e7-6fe2-4e4e-90d9-280cc3c6130d",
	26,
	3,
	3,
	"d44688ed-438e-4556-b784-41efaf61ce01");
INSERT INTO V_LOC
	VALUES ("471a5903-2a1d-4f8a-82a0-fefd007dc770",
	26,
	7,
	7,
	"d44688ed-438e-4556-b784-41efaf61ce01");
INSERT INTO V_LOC
	VALUES ("96a68d1f-1b05-422e-a6a5-f79d9993b7dc",
	32,
	1,
	1,
	"d44688ed-438e-4556-b784-41efaf61ce01");
INSERT INTO V_LOC
	VALUES ("ab5f29c7-f910-4732-94cc-7c526277452d",
	33,
	13,
	13,
	"d44688ed-438e-4556-b784-41efaf61ce01");
INSERT INTO V_LOC
	VALUES ("89b0d0f9-7b4f-49f2-a214-fb2005083afc",
	40,
	16,
	16,
	"d44688ed-438e-4556-b784-41efaf61ce01");
INSERT INTO V_LOC
	VALUES ("3e9f4d3c-be49-4bde-b200-ee76296b78ed",
	48,
	19,
	19,
	"d44688ed-438e-4556-b784-41efaf61ce01");
INSERT INTO V_LOC
	VALUES ("5a7d18d6-aa6c-4444-a1c8-63a4fcbb82ff",
	56,
	16,
	16,
	"d44688ed-438e-4556-b784-41efaf61ce01");
INSERT INTO V_LOC
	VALUES ("61e98bc0-b32f-4e85-842a-51c79297beda",
	59,
	3,
	3,
	"d44688ed-438e-4556-b784-41efaf61ce01");
INSERT INTO V_LOC
	VALUES ("b6d630f6-e771-421b-bdf7-b4143ff59fc8",
	59,
	7,
	7,
	"d44688ed-438e-4556-b784-41efaf61ce01");
INSERT INTO V_VAR
	VALUES ("9ac36d5c-ec3c-4e70-84fd-d995e198cddc",
	"64e1ecf6-f55a-45b4-9cf0-5d974ae60ae4",
	'digit',
	1,
	"1a2907d2-496f-482d-ba4d-df818f73d6fa");
INSERT INTO V_INT
	VALUES ("9ac36d5c-ec3c-4e70-84fd-d995e198cddc",
	0,
	"8a59e2de-6f5d-4937-ade5-f1ace45cc756");
INSERT INTO V_LOC
	VALUES ("c0a72a41-b8ad-4a64-b6b1-e70e4c13f395",
	28,
	24,
	28,
	"9ac36d5c-ec3c-4e70-84fd-d995e198cddc");
INSERT INTO V_LOC
	VALUES ("1494ed41-2eb1-4e15-bcc4-5f193f6b6ddf",
	29,
	1,
	5,
	"9ac36d5c-ec3c-4e70-84fd-d995e198cddc");
INSERT INTO V_LOC
	VALUES ("3ec3924e-2acb-4dc0-8113-3d00f1219753",
	67,
	16,
	20,
	"9ac36d5c-ec3c-4e70-84fd-d995e198cddc");
INSERT INTO V_LOC
	VALUES ("a3678896-a57b-4507-b8cc-6fda7d8c0a6d",
	68,
	20,
	24,
	"9ac36d5c-ec3c-4e70-84fd-d995e198cddc");
INSERT INTO V_LOC
	VALUES ("566d3a6d-d299-443b-b954-d88e3910749a",
	74,
	14,
	18,
	"9ac36d5c-ec3c-4e70-84fd-d995e198cddc");
INSERT INTO V_LOC
	VALUES ("d1f23b1e-d175-4fab-ad3c-0a874475ad20",
	76,
	14,
	18,
	"9ac36d5c-ec3c-4e70-84fd-d995e198cddc");
INSERT INTO V_VAR
	VALUES ("4a097603-56da-47ef-8114-294bc502c370",
	"64e1ecf6-f55a-45b4-9cf0-5d974ae60ae4",
	'rows',
	1,
	"bd7c827f-c0a0-4115-8268-33db6654fef9");
INSERT INTO V_INS
	VALUES ("4a097603-56da-47ef-8114-294bc502c370",
	"56c54c26-d9b7-409a-83b7-4c701cc02c0e");
INSERT INTO V_LOC
	VALUES ("93ffb795-fb01-4dde-8331-bc879a165812",
	62,
	13,
	16,
	"4a097603-56da-47ef-8114-294bc502c370");
INSERT INTO V_LOC
	VALUES ("8be87a4a-276b-412c-9dc9-9e9e18bb4481",
	63,
	17,
	20,
	"4a097603-56da-47ef-8114-294bc502c370");
INSERT INTO V_VAR
	VALUES ("e62213a6-ff80-4fdf-89e9-b2da33982a3e",
	"64e1ecf6-f55a-45b4-9cf0-5d974ae60ae4",
	'row',
	1,
	"1a2907d2-496f-482d-ba4d-df818f73d6fa");
INSERT INTO V_INT
	VALUES ("e62213a6-ff80-4fdf-89e9-b2da33982a3e",
	1,
	"56c54c26-d9b7-409a-83b7-4c701cc02c0e");
INSERT INTO V_LOC
	VALUES ("10e5ba71-6bcc-4205-98f4-e1274bf9a7e4",
	63,
	10,
	12,
	"e62213a6-ff80-4fdf-89e9-b2da33982a3e");
INSERT INTO V_LOC
	VALUES ("d2d64c49-2c6f-4ccc-a194-e5a37df1d67b",
	69,
	20,
	22,
	"e62213a6-ff80-4fdf-89e9-b2da33982a3e");
INSERT INTO V_VAR
	VALUES ("9a6d56e6-d143-40d1-a16a-a903130aa483",
	"64e1ecf6-f55a-45b4-9cf0-5d974ae60ae4",
	'cells',
	1,
	"bd7c827f-c0a0-4115-8268-33db6654fef9");
INSERT INTO V_INS
	VALUES ("9a6d56e6-d143-40d1-a16a-a903130aa483",
	"e488047e-8d3e-455c-a7e9-29120bad505f");
INSERT INTO V_LOC
	VALUES ("9a1dc269-ee84-470e-a5eb-0bb6914983c0",
	82,
	13,
	17,
	"9a6d56e6-d143-40d1-a16a-a903130aa483");
INSERT INTO V_LOC
	VALUES ("f624a053-f591-47d2-8fcd-a7c1062b3a97",
	83,
	18,
	22,
	"9a6d56e6-d143-40d1-a16a-a903130aa483");
INSERT INTO V_VAR
	VALUES ("2d2751ee-5e34-4e7b-a0e7-9d12ad2eaf79",
	"64e1ecf6-f55a-45b4-9cf0-5d974ae60ae4",
	'cell',
	1,
	"1a2907d2-496f-482d-ba4d-df818f73d6fa");
INSERT INTO V_INT
	VALUES ("2d2751ee-5e34-4e7b-a0e7-9d12ad2eaf79",
	1,
	"e488047e-8d3e-455c-a7e9-29120bad505f");
INSERT INTO V_LOC
	VALUES ("8c0bfb11-3a74-4aac-b30a-d8b2ece91552",
	83,
	10,
	13,
	"2d2751ee-5e34-4e7b-a0e7-9d12ad2eaf79");
INSERT INTO V_LOC
	VALUES ("6d724ca4-149c-48ea-a6a5-13f3dcd02e87",
	84,
	10,
	13,
	"2d2751ee-5e34-4e7b-a0e7-9d12ad2eaf79");
INSERT INTO V_LOC
	VALUES ("f7a992c3-1665-486c-8bf2-8ff26b6cf995",
	85,
	8,
	11,
	"2d2751ee-5e34-4e7b-a0e7-9d12ad2eaf79");
INSERT INTO V_LOC
	VALUES ("c15c632d-7f79-4b6a-a1d2-8f8525e04642",
	87,
	12,
	15,
	"2d2751ee-5e34-4e7b-a0e7-9d12ad2eaf79");
INSERT INTO V_LOC
	VALUES ("172e19b8-3de6-4c18-bcda-b9fecf1b6319",
	88,
	12,
	15,
	"2d2751ee-5e34-4e7b-a0e7-9d12ad2eaf79");
INSERT INTO V_LOC
	VALUES ("c9303050-7d3e-4684-95dc-d1cf09bd7ad7",
	89,
	15,
	18,
	"2d2751ee-5e34-4e7b-a0e7-9d12ad2eaf79");
INSERT INTO V_LOC
	VALUES ("f1efa4ce-22bd-4745-a897-98ef27668df8",
	89,
	42,
	45,
	"2d2751ee-5e34-4e7b-a0e7-9d12ad2eaf79");
INSERT INTO V_LOC
	VALUES ("274f4560-0c5d-4f55-aa52-0e31cec627c1",
	91,
	12,
	15,
	"2d2751ee-5e34-4e7b-a0e7-9d12ad2eaf79");
INSERT INTO V_LOC
	VALUES ("356fdc6b-b59e-493d-8af6-c0f1c95d406d",
	92,
	12,
	15,
	"2d2751ee-5e34-4e7b-a0e7-9d12ad2eaf79");
INSERT INTO V_LOC
	VALUES ("17dc5191-ff37-4489-bcd2-531e6514ff9c",
	93,
	13,
	16,
	"2d2751ee-5e34-4e7b-a0e7-9d12ad2eaf79");
INSERT INTO V_LOC
	VALUES ("2556adc8-6276-4415-98ff-4f69cae0b5db",
	95,
	12,
	15,
	"2d2751ee-5e34-4e7b-a0e7-9d12ad2eaf79");
INSERT INTO V_LOC
	VALUES ("7267e271-33a2-4920-9a4f-d37be85dcef4",
	96,
	19,
	22,
	"2d2751ee-5e34-4e7b-a0e7-9d12ad2eaf79");
INSERT INTO V_LOC
	VALUES ("1621788e-5be3-4048-8ef7-6a1f77c51e12",
	96,
	43,
	46,
	"2d2751ee-5e34-4e7b-a0e7-9d12ad2eaf79");
INSERT INTO V_LOC
	VALUES ("55d6e2f4-8f1e-40aa-863b-34887e34a9cc",
	97,
	8,
	11,
	"2d2751ee-5e34-4e7b-a0e7-9d12ad2eaf79");
INSERT INTO V_LOC
	VALUES ("0ce2177d-d1ac-402e-a171-3c6127cad211",
	99,
	12,
	15,
	"2d2751ee-5e34-4e7b-a0e7-9d12ad2eaf79");
INSERT INTO V_LOC
	VALUES ("1bf842fc-7416-4701-a478-bfaaf008cf30",
	100,
	19,
	22,
	"2d2751ee-5e34-4e7b-a0e7-9d12ad2eaf79");
INSERT INTO V_LOC
	VALUES ("21745b02-a704-4016-8fa0-3b49c23ec756",
	100,
	43,
	46,
	"2d2751ee-5e34-4e7b-a0e7-9d12ad2eaf79");
INSERT INTO V_LOC
	VALUES ("d418f173-946c-4c53-9441-d83ae226a696",
	101,
	15,
	18,
	"2d2751ee-5e34-4e7b-a0e7-9d12ad2eaf79");
INSERT INTO V_LOC
	VALUES ("5a48aff2-2db4-4bea-83bb-8fe6376d3a66",
	101,
	42,
	45,
	"2d2751ee-5e34-4e7b-a0e7-9d12ad2eaf79");
INSERT INTO V_LOC
	VALUES ("e62a313d-d01a-4632-9fa1-de7c98239d8a",
	103,
	12,
	15,
	"2d2751ee-5e34-4e7b-a0e7-9d12ad2eaf79");
INSERT INTO V_LOC
	VALUES ("378dfcbf-7ec6-4106-bb1a-66c4acf7b6cd",
	104,
	19,
	22,
	"2d2751ee-5e34-4e7b-a0e7-9d12ad2eaf79");
INSERT INTO V_LOC
	VALUES ("d74ec853-108a-4dde-9120-072be08511c8",
	104,
	43,
	46,
	"2d2751ee-5e34-4e7b-a0e7-9d12ad2eaf79");
INSERT INTO V_LOC
	VALUES ("b36b1772-8004-45da-8732-d1cf3e542db2",
	105,
	13,
	16,
	"2d2751ee-5e34-4e7b-a0e7-9d12ad2eaf79");
INSERT INTO V_LOC
	VALUES ("b8b77882-444a-4b5f-b72b-3adccb5f8f1a",
	107,
	12,
	15,
	"2d2751ee-5e34-4e7b-a0e7-9d12ad2eaf79");
INSERT INTO V_LOC
	VALUES ("034249e4-813c-4d78-8d8e-4b1f9996af4a",
	108,
	17,
	20,
	"2d2751ee-5e34-4e7b-a0e7-9d12ad2eaf79");
INSERT INTO V_LOC
	VALUES ("d61f5411-df3a-4db9-acf1-dbf41fc623f1",
	109,
	8,
	11,
	"2d2751ee-5e34-4e7b-a0e7-9d12ad2eaf79");
INSERT INTO V_LOC
	VALUES ("4477647f-4a59-43db-a870-b0e83e5a6a73",
	111,
	12,
	15,
	"2d2751ee-5e34-4e7b-a0e7-9d12ad2eaf79");
INSERT INTO V_LOC
	VALUES ("0d9e200a-927f-40fb-a8d3-f18e56ed650d",
	112,
	17,
	20,
	"2d2751ee-5e34-4e7b-a0e7-9d12ad2eaf79");
INSERT INTO V_LOC
	VALUES ("a0ef0c59-3f0e-4a03-90d6-94428a82d19e",
	113,
	15,
	18,
	"2d2751ee-5e34-4e7b-a0e7-9d12ad2eaf79");
INSERT INTO V_LOC
	VALUES ("10cd372a-3a2a-4bc0-b464-b6c15de80d2e",
	113,
	42,
	45,
	"2d2751ee-5e34-4e7b-a0e7-9d12ad2eaf79");
INSERT INTO V_LOC
	VALUES ("69d6a283-db7f-4638-b284-f70d523464d0",
	115,
	12,
	15,
	"2d2751ee-5e34-4e7b-a0e7-9d12ad2eaf79");
INSERT INTO V_LOC
	VALUES ("3bfa9200-ef10-4254-9fea-5f2a9dda3274",
	116,
	17,
	20,
	"2d2751ee-5e34-4e7b-a0e7-9d12ad2eaf79");
INSERT INTO V_LOC
	VALUES ("50a4c781-b3ae-414c-8755-6c48b0859453",
	117,
	13,
	16,
	"2d2751ee-5e34-4e7b-a0e7-9d12ad2eaf79");
INSERT INTO V_LOC
	VALUES ("daa0994c-4576-4656-90dd-5d189a23bccc",
	119,
	12,
	15,
	"2d2751ee-5e34-4e7b-a0e7-9d12ad2eaf79");
INSERT INTO ACT_BLK
	VALUES ("23ac787f-a1a6-45ca-b35b-8ed9918c0b92",
	0,
	0,
	0,
	'NVS',
	'',
	'',
	12,
	5,
	11,
	9,
	0,
	0,
	0,
	0,
	0,
	0,
	0,
	0,
	0,
	"53d97387-cd3a-47b0-a198-70bcc78aa2cf",
	"00000000-0000-0000-0000-000000000000");
INSERT INTO ACT_SMT
	VALUES ("daac9ddd-a60a-49d8-bd8b-a8aaa48015b0",
	"23ac787f-a1a6-45ca-b35b-8ed9918c0b92",
	"c25e637c-26f2-4f17-98a3-91797979a15f",
	11,
	5,
	'setup line: 11');
INSERT INTO ACT_AI
	VALUES ("daac9ddd-a60a-49d8-bd8b-a8aaa48015b0",
	"e5826a68-9c37-4874-b7e8-175cd5bd02b1",
	"27f1f604-ae59-47de-ab3d-1133ce7caae3",
	0,
	0);
INSERT INTO ACT_SMT
	VALUES ("c25e637c-26f2-4f17-98a3-91797979a15f",
	"23ac787f-a1a6-45ca-b35b-8ed9918c0b92",
	"00000000-0000-0000-0000-000000000000",
	12,
	5,
	'setup line: 12');
INSERT INTO ACT_IF
	VALUES ("c25e637c-26f2-4f17-98a3-91797979a15f",
	"c7992d2f-0410-4fb5-8fc8-af7ec0e1311c",
	"7545897b-1901-4948-aee2-c78d2173e78e",
	"00000000-0000-0000-0000-000000000000",
	"00000000-0000-0000-0000-000000000000");
INSERT INTO V_VAL
	VALUES ("27f1f604-ae59-47de-ab3d-1133ce7caae3",
	1,
	0,
	11,
	5,
	5,
	0,
	0,
	0,
	0,
	"811f1dd7-74f0-407e-b449-939d0de5ee8d",
	"23ac787f-a1a6-45ca-b35b-8ed9918c0b92");
INSERT INTO V_TVL
	VALUES ("27f1f604-ae59-47de-ab3d-1133ce7caae3",
	"d44688ed-438e-4556-b784-41efaf61ce01");
INSERT INTO V_VAL
	VALUES ("e5826a68-9c37-4874-b7e8-175cd5bd02b1",
	0,
	0,
	11,
	14,
	-1,
	0,
	0,
	0,
	0,
	"811f1dd7-74f0-407e-b449-939d0de5ee8d",
	"23ac787f-a1a6-45ca-b35b-8ed9918c0b92");
INSERT INTO V_BRV
	VALUES ("e5826a68-9c37-4874-b7e8-175cd5bd02b1",
	"ec0815d4-cb52-4154-bbc9-7c85a2d01db4",
	1,
	11,
	9);
INSERT INTO V_VAL
	VALUES ("1daf2b59-ab26-4ffb-bd57-2c960671e013",
	0,
	0,
	12,
	9,
	9,
	0,
	0,
	0,
	0,
	"811f1dd7-74f0-407e-b449-939d0de5ee8d",
	"23ac787f-a1a6-45ca-b35b-8ed9918c0b92");
INSERT INTO V_TVL
	VALUES ("1daf2b59-ab26-4ffb-bd57-2c960671e013",
	"d44688ed-438e-4556-b784-41efaf61ce01");
INSERT INTO V_VAL
	VALUES ("7545897b-1901-4948-aee2-c78d2173e78e",
	0,
	0,
	-1,
	-1,
	-1,
	0,
	0,
	0,
	0,
	"4e005777-df64-4279-9c02-400e239872b9",
	"23ac787f-a1a6-45ca-b35b-8ed9918c0b92");
INSERT INTO V_BIN
	VALUES ("7545897b-1901-4948-aee2-c78d2173e78e",
	"df996f6e-2dfc-4123-8f58-1c324f79090c",
	"1daf2b59-ab26-4ffb-bd57-2c960671e013",
	'!=');
INSERT INTO V_VAL
	VALUES ("df996f6e-2dfc-4123-8f58-1c324f79090c",
	0,
	0,
	12,
	14,
	14,
	0,
	0,
	0,
	0,
	"811f1dd7-74f0-407e-b449-939d0de5ee8d",
	"23ac787f-a1a6-45ca-b35b-8ed9918c0b92");
INSERT INTO V_LIN
	VALUES ("df996f6e-2dfc-4123-8f58-1c324f79090c",
	'0');
INSERT INTO ACT_BLK
	VALUES ("c7992d2f-0410-4fb5-8fc8-af7ec0e1311c",
	0,
	0,
	0,
	'LOG',
	'',
	'',
	13,
	7,
	13,
	7,
	0,
	0,
	0,
	0,
	0,
	0,
	0,
	0,
	0,
	"53d97387-cd3a-47b0-a198-70bcc78aa2cf",
	"00000000-0000-0000-0000-000000000000");
INSERT INTO ACT_SMT
	VALUES ("1b2d07a4-e5a7-47f3-8110-62874ef6efaf",
	"c7992d2f-0410-4fb5-8fc8-af7ec0e1311c",
	"00000000-0000-0000-0000-000000000000",
	13,
	7,
	'setup line: 13');
INSERT INTO ACT_BRG
	VALUES ("1b2d07a4-e5a7-47f3-8110-62874ef6efaf",
	"ea25943b-c6c2-4423-922c-947a3cd960ad",
	13,
	12,
	13,
	7);
INSERT INTO V_VAL
	VALUES ("5886a0dc-f3bd-442c-89e4-e45a02edfabe",
	0,
	0,
	13,
	32,
	57,
	0,
	0,
	0,
	0,
	"e27a3af8-1f28-4ba6-a876-f718ce67db3c",
	"c7992d2f-0410-4fb5-8fc8-af7ec0e1311c");
INSERT INTO V_LST
	VALUES ("5886a0dc-f3bd-442c-89e4-e45a02edfabe",
	'Error formatting the NVS.');
INSERT INTO V_PAR
	VALUES ("5886a0dc-f3bd-442c-89e4-e45a02edfabe",
	"1b2d07a4-e5a7-47f3-8110-62874ef6efaf",
	"00000000-0000-0000-0000-000000000000",
	'message',
	"00000000-0000-0000-0000-000000000000",
	13,
	24);
INSERT INTO ACT_BLK
	VALUES ("9e276f93-3008-4f07-9bde-58b9847bb1e2",
	0,
	0,
	0,
	'',
	'',
	'',
	26,
	3,
	24,
	35,
	0,
	0,
	0,
	0,
	0,
	0,
	0,
	0,
	0,
	"53d97387-cd3a-47b0-a198-70bcc78aa2cf",
	"00000000-0000-0000-0000-000000000000");
INSERT INTO ACT_SMT
	VALUES ("2d4ffc53-e355-450e-a5df-151dd5419446",
	"9e276f93-3008-4f07-9bde-58b9847bb1e2",
	"cf936d3f-32ba-49a4-97af-44a7c00efb83",
	24,
	3,
	'setup line: 24');
INSERT INTO ACT_CR
	VALUES ("2d4ffc53-e355-450e-a5df-151dd5419446",
	"4204ec5e-61c0-48fb-88ea-40b374fa711a",
	1,
	"8a59e2de-6f5d-4937-ade5-f1ace45cc756",
	24,
	35);
INSERT INTO ACT_SMT
	VALUES ("cf936d3f-32ba-49a4-97af-44a7c00efb83",
	"9e276f93-3008-4f07-9bde-58b9847bb1e2",
	"c679197f-990e-4b65-9e9f-d96e5fb4b6b7",
	25,
	3,
	'setup line: 25');
INSERT INTO ACT_AI
	VALUES ("cf936d3f-32ba-49a4-97af-44a7c00efb83",
	"069d55eb-3704-497c-9fcd-bf2a26f152de",
	"5d9241ed-a1b1-4362-ae66-02c71ff3c640",
	0,
	0);
INSERT INTO ACT_SMT
	VALUES ("c679197f-990e-4b65-9e9f-d96e5fb4b6b7",
	"9e276f93-3008-4f07-9bde-58b9847bb1e2",
	"00000000-0000-0000-0000-000000000000",
	26,
	3,
	'setup line: 26');
INSERT INTO ACT_AI
	VALUES ("c679197f-990e-4b65-9e9f-d96e5fb4b6b7",
	"8e89f83e-6817-4ee9-8346-2d68974b15a6",
	"da40ee6a-32ab-49ba-8a94-74fbbb285729",
	0,
	0);
INSERT INTO V_VAL
	VALUES ("d27e6dcc-1d90-4c2b-8a6a-08352b34c9bf",
	1,
	0,
	25,
	3,
	7,
	0,
	0,
	0,
	0,
	"1a2907d2-496f-482d-ba4d-df818f73d6fa",
	"9e276f93-3008-4f07-9bde-58b9847bb1e2");
INSERT INTO V_IRF
	VALUES ("d27e6dcc-1d90-4c2b-8a6a-08352b34c9bf",
	"4204ec5e-61c0-48fb-88ea-40b374fa711a");
INSERT INTO V_VAL
	VALUES ("5d9241ed-a1b1-4362-ae66-02c71ff3c640",
	1,
	0,
	25,
	9,
	13,
	0,
	0,
	0,
	0,
	"811f1dd7-74f0-407e-b449-939d0de5ee8d",
	"9e276f93-3008-4f07-9bde-58b9847bb1e2");
INSERT INTO V_AVL
	VALUES ("5d9241ed-a1b1-4362-ae66-02c71ff3c640",
	"d27e6dcc-1d90-4c2b-8a6a-08352b34c9bf",
	"8a59e2de-6f5d-4937-ade5-f1ace45cc756",
	"53e80efe-cb6c-4332-b046-1ba6f6005b30");
INSERT INTO V_VAL
	VALUES ("069d55eb-3704-497c-9fcd-bf2a26f152de",
	0,
	0,
	25,
	17,
	17,
	0,
	0,
	0,
	0,
	"811f1dd7-74f0-407e-b449-939d0de5ee8d",
	"9e276f93-3008-4f07-9bde-58b9847bb1e2");
INSERT INTO V_TVL
	VALUES ("069d55eb-3704-497c-9fcd-bf2a26f152de",
	"d44688ed-438e-4556-b784-41efaf61ce01");
INSERT INTO V_VAL
	VALUES ("da40ee6a-32ab-49ba-8a94-74fbbb285729",
	1,
	0,
	26,
	3,
	3,
	0,
	0,
	0,
	0,
	"811f1dd7-74f0-407e-b449-939d0de5ee8d",
	"9e276f93-3008-4f07-9bde-58b9847bb1e2");
INSERT INTO V_TVL
	VALUES ("da40ee6a-32ab-49ba-8a94-74fbbb285729",
	"d44688ed-438e-4556-b784-41efaf61ce01");
INSERT INTO V_VAL
	VALUES ("3fdacc60-a0c6-43ae-955b-e2cd5eccaa8e",
	0,
	0,
	26,
	7,
	7,
	0,
	0,
	0,
	0,
	"811f1dd7-74f0-407e-b449-939d0de5ee8d",
	"9e276f93-3008-4f07-9bde-58b9847bb1e2");
INSERT INTO V_TVL
	VALUES ("3fdacc60-a0c6-43ae-955b-e2cd5eccaa8e",
	"d44688ed-438e-4556-b784-41efaf61ce01");
INSERT INTO V_VAL
	VALUES ("8e89f83e-6817-4ee9-8346-2d68974b15a6",
	0,
	0,
	-1,
	-1,
	-1,
	0,
	0,
	0,
	0,
	"811f1dd7-74f0-407e-b449-939d0de5ee8d",
	"9e276f93-3008-4f07-9bde-58b9847bb1e2");
INSERT INTO V_BIN
	VALUES ("8e89f83e-6817-4ee9-8346-2d68974b15a6",
	"a2faa435-3d1f-418c-9aac-84248ab98008",
	"3fdacc60-a0c6-43ae-955b-e2cd5eccaa8e",
	'-');
INSERT INTO V_VAL
	VALUES ("a2faa435-3d1f-418c-9aac-84248ab98008",
	0,
	0,
	26,
	11,
	11,
	0,
	0,
	0,
	0,
	"811f1dd7-74f0-407e-b449-939d0de5ee8d",
	"9e276f93-3008-4f07-9bde-58b9847bb1e2");
INSERT INTO V_LIN
	VALUES ("a2faa435-3d1f-418c-9aac-84248ab98008",
	'1');
INSERT INTO V_VAR
	VALUES ("4204ec5e-61c0-48fb-88ea-40b374fa711a",
	"9e276f93-3008-4f07-9bde-58b9847bb1e2",
	'digit',
	1,
	"1a2907d2-496f-482d-ba4d-df818f73d6fa");
INSERT INTO V_INT
	VALUES ("4204ec5e-61c0-48fb-88ea-40b374fa711a",
	0,
	"8a59e2de-6f5d-4937-ade5-f1ace45cc756");
INSERT INTO V_LOC
	VALUES ("9c04e930-e81d-4540-8f32-0cb5d1e3713f",
	24,
	26,
	30,
	"4204ec5e-61c0-48fb-88ea-40b374fa711a");
INSERT INTO V_LOC
	VALUES ("7aba625f-4d86-45f0-b879-0138df55a56c",
	25,
	3,
	7,
	"4204ec5e-61c0-48fb-88ea-40b374fa711a");
INSERT INTO ACT_BLK
	VALUES ("ef234042-53a5-4db9-b7b0-78677e85394f",
	0,
	0,
	0,
	'',
	'',
	'',
	59,
	3,
	55,
	33,
	0,
	0,
	57,
	33,
	0,
	0,
	0,
	0,
	0,
	"53d97387-cd3a-47b0-a198-70bcc78aa2cf",
	"00000000-0000-0000-0000-000000000000");
INSERT INTO ACT_SMT
	VALUES ("a09dc36c-c6a3-4114-b0ca-ed54050ed68b",
	"ef234042-53a5-4db9-b7b0-78677e85394f",
	"39035668-db5a-482b-9b81-35dffe9c0fdf",
	36,
	3,
	'setup line: 36');
INSERT INTO ACT_CR
	VALUES ("a09dc36c-c6a3-4114-b0ca-ed54050ed68b",
	"a6172d7f-e708-4434-9624-6b95c3e94bd8",
	0,
	"03ac2337-ce3a-497f-a3de-92a1101b2208",
	36,
	38);
INSERT INTO ACT_SMT
	VALUES ("39035668-db5a-482b-9b81-35dffe9c0fdf",
	"ef234042-53a5-4db9-b7b0-78677e85394f",
	"8a617b0d-aa2f-400c-9d26-dd904c958070",
	37,
	3,
	'setup line: 37');
INSERT INTO ACT_AI
	VALUES ("39035668-db5a-482b-9b81-35dffe9c0fdf",
	"85a18acc-34ad-4975-8e9c-131c6b1b2303",
	"6db62d6c-fa00-4994-b79d-0816cc3a674c",
	0,
	0);
INSERT INTO ACT_SMT
	VALUES ("8a617b0d-aa2f-400c-9d26-dd904c958070",
	"ef234042-53a5-4db9-b7b0-78677e85394f",
	"93d41afc-1c2b-4dcc-9514-26760a2cbe75",
	38,
	3,
	'setup line: 38');
INSERT INTO ACT_AI
	VALUES ("8a617b0d-aa2f-400c-9d26-dd904c958070",
	"5087a16c-1ceb-4b8c-ac7a-39cf6bbb8289",
	"520cabb7-3d33-4e5a-8a58-1836e4ee5843",
	0,
	0);
INSERT INTO ACT_SMT
	VALUES ("93d41afc-1c2b-4dcc-9514-26760a2cbe75",
	"ef234042-53a5-4db9-b7b0-78677e85394f",
	"1d2736fa-622c-4354-8d71-83ca440f4c0d",
	39,
	3,
	'setup line: 39');
INSERT INTO ACT_CR
	VALUES ("93d41afc-1c2b-4dcc-9514-26760a2cbe75",
	"4ae44a14-395e-4451-9bd9-4b4d211bcfb3",
	1,
	"56c54c26-d9b7-409a-83b7-4c701cc02c0e",
	39,
	33);
INSERT INTO ACT_SMT
	VALUES ("1d2736fa-622c-4354-8d71-83ca440f4c0d",
	"ef234042-53a5-4db9-b7b0-78677e85394f",
	"71bd00dd-1980-4d1a-96ca-3194b0e387bd",
	40,
	3,
	'setup line: 40');
INSERT INTO ACT_AI
	VALUES ("1d2736fa-622c-4354-8d71-83ca440f4c0d",
	"8d2eda1a-9659-4640-97e0-12fa96a65235",
	"aac849de-18a6-4e8c-ba8a-3e7c2824719c",
	0,
	0);
INSERT INTO ACT_SMT
	VALUES ("71bd00dd-1980-4d1a-96ca-3194b0e387bd",
	"ef234042-53a5-4db9-b7b0-78677e85394f",
	"3ae14c0a-beed-4201-8604-6ef579ebc966",
	41,
	3,
	'setup line: 41');
INSERT INTO ACT_REL
	VALUES ("71bd00dd-1980-4d1a-96ca-3194b0e387bd",
	"4ae44a14-395e-4451-9bd9-4b4d211bcfb3",
	"a6172d7f-e708-4434-9624-6b95c3e94bd8",
	'',
	"8894c5f7-bffa-4974-ac54-7678f0a478b0",
	41,
	33,
	0,
	0);
INSERT INTO ACT_SMT
	VALUES ("3ae14c0a-beed-4201-8604-6ef579ebc966",
	"ef234042-53a5-4db9-b7b0-78677e85394f",
	"7f448626-6811-488e-9c08-598f03854999",
	44,
	3,
	'setup line: 44');
INSERT INTO ACT_CR
	VALUES ("3ae14c0a-beed-4201-8604-6ef579ebc966",
	"a6172d7f-e708-4434-9624-6b95c3e94bd8",
	0,
	"03ac2337-ce3a-497f-a3de-92a1101b2208",
	44,
	38);
INSERT INTO ACT_SMT
	VALUES ("7f448626-6811-488e-9c08-598f03854999",
	"ef234042-53a5-4db9-b7b0-78677e85394f",
	"4593260c-d95d-4388-9398-2d7e1b33cc7b",
	45,
	3,
	'setup line: 45');
INSERT INTO ACT_AI
	VALUES ("7f448626-6811-488e-9c08-598f03854999",
	"215fb9e9-d8e7-4073-a68f-dfbb9cdbfdad",
	"398a92f7-1428-4d1d-840d-d5dcfec25529",
	0,
	0);
INSERT INTO ACT_SMT
	VALUES ("4593260c-d95d-4388-9398-2d7e1b33cc7b",
	"ef234042-53a5-4db9-b7b0-78677e85394f",
	"eb21b517-e8b4-46e8-9286-8ac30d52f348",
	46,
	3,
	'setup line: 46');
INSERT INTO ACT_AI
	VALUES ("4593260c-d95d-4388-9398-2d7e1b33cc7b",
	"d7beb572-6ead-43cf-9b2b-961ffbbefb7d",
	"59265954-9835-428d-9d9b-b92cd2c791d2",
	0,
	0);
INSERT INTO ACT_SMT
	VALUES ("eb21b517-e8b4-46e8-9286-8ac30d52f348",
	"ef234042-53a5-4db9-b7b0-78677e85394f",
	"7ee078eb-b591-4d91-802e-3c8351e56ab7",
	47,
	3,
	'setup line: 47');
INSERT INTO ACT_CR
	VALUES ("eb21b517-e8b4-46e8-9286-8ac30d52f348",
	"6e6a8837-fdab-4829-b198-e59788989333",
	1,
	"b7d2c815-d54e-475a-819c-5d9e6dbc66d5",
	47,
	36);
INSERT INTO ACT_SMT
	VALUES ("7ee078eb-b591-4d91-802e-3c8351e56ab7",
	"ef234042-53a5-4db9-b7b0-78677e85394f",
	"0458b8ba-33e0-4849-b39a-2cccfdd194fe",
	48,
	3,
	'setup line: 48');
INSERT INTO ACT_AI
	VALUES ("7ee078eb-b591-4d91-802e-3c8351e56ab7",
	"a529012e-3328-4f6d-b1c4-1ae918a7a6ac",
	"2a5320ec-97ac-49c3-877f-6583280a0bee",
	0,
	0);
INSERT INTO ACT_SMT
	VALUES ("0458b8ba-33e0-4849-b39a-2cccfdd194fe",
	"ef234042-53a5-4db9-b7b0-78677e85394f",
	"c2962cd3-87e3-4846-9a5e-da9ef8b13717",
	49,
	3,
	'setup line: 49');
INSERT INTO ACT_REL
	VALUES ("0458b8ba-33e0-4849-b39a-2cccfdd194fe",
	"6e6a8837-fdab-4829-b198-e59788989333",
	"a6172d7f-e708-4434-9624-6b95c3e94bd8",
	'',
	"8894c5f7-bffa-4974-ac54-7678f0a478b0",
	49,
	36,
	0,
	0);
INSERT INTO ACT_SMT
	VALUES ("c2962cd3-87e3-4846-9a5e-da9ef8b13717",
	"ef234042-53a5-4db9-b7b0-78677e85394f",
	"abd67ce2-f666-466e-b8fb-3b6eaf00b90b",
	52,
	3,
	'setup line: 52');
INSERT INTO ACT_CR
	VALUES ("c2962cd3-87e3-4846-9a5e-da9ef8b13717",
	"a6172d7f-e708-4434-9624-6b95c3e94bd8",
	0,
	"03ac2337-ce3a-497f-a3de-92a1101b2208",
	52,
	38);
INSERT INTO ACT_SMT
	VALUES ("abd67ce2-f666-466e-b8fb-3b6eaf00b90b",
	"ef234042-53a5-4db9-b7b0-78677e85394f",
	"02554904-1445-42d6-9100-ddc61adc78e4",
	53,
	3,
	'setup line: 53');
INSERT INTO ACT_AI
	VALUES ("abd67ce2-f666-466e-b8fb-3b6eaf00b90b",
	"6ec8cfc1-af99-4e38-a670-3d511c68e0af",
	"a65a40bb-ad9b-472a-837d-09d5f60f88e6",
	0,
	0);
INSERT INTO ACT_SMT
	VALUES ("02554904-1445-42d6-9100-ddc61adc78e4",
	"ef234042-53a5-4db9-b7b0-78677e85394f",
	"f6ad11dd-c277-4f28-93d8-6d8b104ba586",
	54,
	3,
	'setup line: 54');
INSERT INTO ACT_AI
	VALUES ("02554904-1445-42d6-9100-ddc61adc78e4",
	"db1cc407-66f3-44b0-b442-2a377bab87a7",
	"1b7c9e48-dded-42a6-b3e1-d47a32429480",
	0,
	0);
INSERT INTO ACT_SMT
	VALUES ("f6ad11dd-c277-4f28-93d8-6d8b104ba586",
	"ef234042-53a5-4db9-b7b0-78677e85394f",
	"84935551-aee3-4774-92a0-6bbf631ff716",
	55,
	3,
	'setup line: 55');
INSERT INTO ACT_CR
	VALUES ("f6ad11dd-c277-4f28-93d8-6d8b104ba586",
	"7c23a5f3-d6bd-4b67-8ac3-70f701c6cb64",
	1,
	"83fd5a00-5820-4fb5-ade7-97f8217b945f",
	55,
	33);
INSERT INTO ACT_SMT
	VALUES ("84935551-aee3-4774-92a0-6bbf631ff716",
	"ef234042-53a5-4db9-b7b0-78677e85394f",
	"f424329d-4144-4a44-a5d7-bc423a10313c",
	56,
	3,
	'setup line: 56');
INSERT INTO ACT_AI
	VALUES ("84935551-aee3-4774-92a0-6bbf631ff716",
	"7d3f2d4a-e42e-48b0-a268-9605637ebe42",
	"d89e6549-bb5b-4407-8d3a-5cc33b0f8dc4",
	0,
	0);
INSERT INTO ACT_SMT
	VALUES ("f424329d-4144-4a44-a5d7-bc423a10313c",
	"ef234042-53a5-4db9-b7b0-78677e85394f",
	"57274aa3-d340-4034-ab89-f2d920e4b659",
	57,
	3,
	'setup line: 57');
INSERT INTO ACT_REL
	VALUES ("f424329d-4144-4a44-a5d7-bc423a10313c",
	"7c23a5f3-d6bd-4b67-8ac3-70f701c6cb64",
	"a6172d7f-e708-4434-9624-6b95c3e94bd8",
	'',
	"8894c5f7-bffa-4974-ac54-7678f0a478b0",
	57,
	33,
	0,
	0);
INSERT INTO ACT_SMT
	VALUES ("57274aa3-d340-4034-ab89-f2d920e4b659",
	"ef234042-53a5-4db9-b7b0-78677e85394f",
	"00000000-0000-0000-0000-000000000000",
	59,
	3,
	'setup line: 59');
INSERT INTO ACT_AI
	VALUES ("57274aa3-d340-4034-ab89-f2d920e4b659",
	"6650f282-ba26-41fb-ad8b-aaa91611d401",
	"6dfaf9d3-f552-4572-a617-89e8c15fc47b",
	0,
	0);
INSERT INTO V_VAL
	VALUES ("3038849e-0836-4287-bc5e-9b7ef0307c78",
	1,
	0,
	37,
	3,
	10,
	0,
	0,
	0,
	0,
	"1a2907d2-496f-482d-ba4d-df818f73d6fa",
	"ef234042-53a5-4db9-b7b0-78677e85394f");
INSERT INTO V_IRF
	VALUES ("3038849e-0836-4287-bc5e-9b7ef0307c78",
	"a6172d7f-e708-4434-9624-6b95c3e94bd8");
INSERT INTO V_VAL
	VALUES ("6db62d6c-fa00-4994-b79d-0816cc3a674c",
	1,
	0,
	37,
	12,
	17,
	0,
	0,
	0,
	0,
	"4e005777-df64-4279-9c02-400e239872b9",
	"ef234042-53a5-4db9-b7b0-78677e85394f");
INSERT INTO V_AVL
	VALUES ("6db62d6c-fa00-4994-b79d-0816cc3a674c",
	"3038849e-0836-4287-bc5e-9b7ef0307c78",
	"03ac2337-ce3a-497f-a3de-92a1101b2208",
	"48d19dd8-8465-49b9-b4d0-dd14aa6d653f");
INSERT INTO V_VAL
	VALUES ("85a18acc-34ad-4975-8e9c-131c6b1b2303",
	0,
	0,
	-1,
	-1,
	-1,
	0,
	0,
	0,
	0,
	"4e005777-df64-4279-9c02-400e239872b9",
	"ef234042-53a5-4db9-b7b0-78677e85394f");
INSERT INTO V_LBO
	VALUES ("85a18acc-34ad-4975-8e9c-131c6b1b2303",
	'FALSE');
INSERT INTO V_VAL
	VALUES ("8fb24321-fbe1-46d4-9825-077b360afe4c",
	1,
	0,
	38,
	3,
	10,
	0,
	0,
	0,
	0,
	"1a2907d2-496f-482d-ba4d-df818f73d6fa",
	"ef234042-53a5-4db9-b7b0-78677e85394f");
INSERT INTO V_IRF
	VALUES ("8fb24321-fbe1-46d4-9825-077b360afe4c",
	"a6172d7f-e708-4434-9624-6b95c3e94bd8");
INSERT INTO V_VAL
	VALUES ("520cabb7-3d33-4e5a-8a58-1836e4ee5843",
	1,
	0,
	38,
	12,
	19,
	0,
	0,
	0,
	0,
	"811f1dd7-74f0-407e-b449-939d0de5ee8d",
	"ef234042-53a5-4db9-b7b0-78677e85394f");
INSERT INTO V_AVL
	VALUES ("520cabb7-3d33-4e5a-8a58-1836e4ee5843",
	"8fb24321-fbe1-46d4-9825-077b360afe4c",
	"03ac2337-ce3a-497f-a3de-92a1101b2208",
	"1d98774f-c8bd-4c43-8f75-530b0ff40265");
INSERT INTO V_VAL
	VALUES ("5087a16c-1ceb-4b8c-ac7a-39cf6bbb8289",
	0,
	0,
	38,
	23,
	23,
	0,
	0,
	0,
	0,
	"811f1dd7-74f0-407e-b449-939d0de5ee8d",
	"ef234042-53a5-4db9-b7b0-78677e85394f");
INSERT INTO V_LIN
	VALUES ("5087a16c-1ceb-4b8c-ac7a-39cf6bbb8289",
	'0');
INSERT INTO V_VAL
	VALUES ("073e6aa7-d5d0-47f6-974b-13be51410d92",
	1,
	0,
	40,
	3,
	5,
	0,
	0,
	0,
	0,
	"1a2907d2-496f-482d-ba4d-df818f73d6fa",
	"ef234042-53a5-4db9-b7b0-78677e85394f");
INSERT INTO V_IRF
	VALUES ("073e6aa7-d5d0-47f6-974b-13be51410d92",
	"4ae44a14-395e-4451-9bd9-4b4d211bcfb3");
INSERT INTO V_VAL
	VALUES ("aac849de-18a6-4e8c-ba8a-3e7c2824719c",
	1,
	0,
	40,
	7,
	12,
	0,
	0,
	0,
	0,
	"811f1dd7-74f0-407e-b449-939d0de5ee8d",
	"ef234042-53a5-4db9-b7b0-78677e85394f");
INSERT INTO V_AVL
	VALUES ("aac849de-18a6-4e8c-ba8a-3e7c2824719c",
	"073e6aa7-d5d0-47f6-974b-13be51410d92",
	"56c54c26-d9b7-409a-83b7-4c701cc02c0e",
	"b7c46385-7816-4616-9e73-922fad4f4af1");
INSERT INTO V_VAL
	VALUES ("8d2eda1a-9659-4640-97e0-12fa96a65235",
	0,
	0,
	40,
	16,
	16,
	0,
	0,
	0,
	0,
	"811f1dd7-74f0-407e-b449-939d0de5ee8d",
	"ef234042-53a5-4db9-b7b0-78677e85394f");
INSERT INTO V_TVL
	VALUES ("8d2eda1a-9659-4640-97e0-12fa96a65235",
	"d44688ed-438e-4556-b784-41efaf61ce01");
INSERT INTO V_VAL
	VALUES ("46af7214-fe9d-4f76-9583-3b40c7a5f0b9",
	1,
	0,
	45,
	3,
	10,
	0,
	0,
	0,
	0,
	"1a2907d2-496f-482d-ba4d-df818f73d6fa",
	"ef234042-53a5-4db9-b7b0-78677e85394f");
INSERT INTO V_IRF
	VALUES ("46af7214-fe9d-4f76-9583-3b40c7a5f0b9",
	"a6172d7f-e708-4434-9624-6b95c3e94bd8");
INSERT INTO V_VAL
	VALUES ("398a92f7-1428-4d1d-840d-d5dcfec25529",
	1,
	0,
	45,
	12,
	17,
	0,
	0,
	0,
	0,
	"4e005777-df64-4279-9c02-400e239872b9",
	"ef234042-53a5-4db9-b7b0-78677e85394f");
INSERT INTO V_AVL
	VALUES ("398a92f7-1428-4d1d-840d-d5dcfec25529",
	"46af7214-fe9d-4f76-9583-3b40c7a5f0b9",
	"03ac2337-ce3a-497f-a3de-92a1101b2208",
	"48d19dd8-8465-49b9-b4d0-dd14aa6d653f");
INSERT INTO V_VAL
	VALUES ("215fb9e9-d8e7-4073-a68f-dfbb9cdbfdad",
	0,
	0,
	-1,
	-1,
	-1,
	0,
	0,
	0,
	0,
	"4e005777-df64-4279-9c02-400e239872b9",
	"ef234042-53a5-4db9-b7b0-78677e85394f");
INSERT INTO V_LBO
	VALUES ("215fb9e9-d8e7-4073-a68f-dfbb9cdbfdad",
	'FALSE');
INSERT INTO V_VAL
	VALUES ("dd3f26a1-170c-44ef-abb2-e2d4d4f61e95",
	1,
	0,
	46,
	3,
	10,
	0,
	0,
	0,
	0,
	"1a2907d2-496f-482d-ba4d-df818f73d6fa",
	"ef234042-53a5-4db9-b7b0-78677e85394f");
INSERT INTO V_IRF
	VALUES ("dd3f26a1-170c-44ef-abb2-e2d4d4f61e95",
	"a6172d7f-e708-4434-9624-6b95c3e94bd8");
INSERT INTO V_VAL
	VALUES ("59265954-9835-428d-9d9b-b92cd2c791d2",
	1,
	0,
	46,
	12,
	19,
	0,
	0,
	0,
	0,
	"811f1dd7-74f0-407e-b449-939d0de5ee8d",
	"ef234042-53a5-4db9-b7b0-78677e85394f");
INSERT INTO V_AVL
	VALUES ("59265954-9835-428d-9d9b-b92cd2c791d2",
	"dd3f26a1-170c-44ef-abb2-e2d4d4f61e95",
	"03ac2337-ce3a-497f-a3de-92a1101b2208",
	"1d98774f-c8bd-4c43-8f75-530b0ff40265");
INSERT INTO V_VAL
	VALUES ("d7beb572-6ead-43cf-9b2b-961ffbbefb7d",
	0,
	0,
	46,
	23,
	23,
	0,
	0,
	0,
	0,
	"811f1dd7-74f0-407e-b449-939d0de5ee8d",
	"ef234042-53a5-4db9-b7b0-78677e85394f");
INSERT INTO V_LIN
	VALUES ("d7beb572-6ead-43cf-9b2b-961ffbbefb7d",
	'0');
INSERT INTO V_VAL
	VALUES ("a3d7dfa9-760f-4920-9148-1de10d8b93e8",
	1,
	0,
	48,
	3,
	8,
	0,
	0,
	0,
	0,
	"1a2907d2-496f-482d-ba4d-df818f73d6fa",
	"ef234042-53a5-4db9-b7b0-78677e85394f");
INSERT INTO V_IRF
	VALUES ("a3d7dfa9-760f-4920-9148-1de10d8b93e8",
	"6e6a8837-fdab-4829-b198-e59788989333");
INSERT INTO V_VAL
	VALUES ("2a5320ec-97ac-49c3-877f-6583280a0bee",
	1,
	0,
	48,
	10,
	15,
	0,
	0,
	0,
	0,
	"811f1dd7-74f0-407e-b449-939d0de5ee8d",
	"ef234042-53a5-4db9-b7b0-78677e85394f");
INSERT INTO V_AVL
	VALUES ("2a5320ec-97ac-49c3-877f-6583280a0bee",
	"a3d7dfa9-760f-4920-9148-1de10d8b93e8",
	"b7d2c815-d54e-475a-819c-5d9e6dbc66d5",
	"90e0d09a-7fa5-45f0-ac4f-f519aa651f29");
INSERT INTO V_VAL
	VALUES ("a529012e-3328-4f6d-b1c4-1ae918a7a6ac",
	0,
	0,
	48,
	19,
	19,
	0,
	0,
	0,
	0,
	"811f1dd7-74f0-407e-b449-939d0de5ee8d",
	"ef234042-53a5-4db9-b7b0-78677e85394f");
INSERT INTO V_TVL
	VALUES ("a529012e-3328-4f6d-b1c4-1ae918a7a6ac",
	"d44688ed-438e-4556-b784-41efaf61ce01");
INSERT INTO V_VAL
	VALUES ("8c181570-58eb-452d-aa2e-15145c67cf37",
	1,
	0,
	53,
	3,
	10,
	0,
	0,
	0,
	0,
	"1a2907d2-496f-482d-ba4d-df818f73d6fa",
	"ef234042-53a5-4db9-b7b0-78677e85394f");
INSERT INTO V_IRF
	VALUES ("8c181570-58eb-452d-aa2e-15145c67cf37",
	"a6172d7f-e708-4434-9624-6b95c3e94bd8");
INSERT INTO V_VAL
	VALUES ("a65a40bb-ad9b-472a-837d-09d5f60f88e6",
	1,
	0,
	53,
	12,
	17,
	0,
	0,
	0,
	0,
	"4e005777-df64-4279-9c02-400e239872b9",
	"ef234042-53a5-4db9-b7b0-78677e85394f");
INSERT INTO V_AVL
	VALUES ("a65a40bb-ad9b-472a-837d-09d5f60f88e6",
	"8c181570-58eb-452d-aa2e-15145c67cf37",
	"03ac2337-ce3a-497f-a3de-92a1101b2208",
	"48d19dd8-8465-49b9-b4d0-dd14aa6d653f");
INSERT INTO V_VAL
	VALUES ("6ec8cfc1-af99-4e38-a670-3d511c68e0af",
	0,
	0,
	-1,
	-1,
	-1,
	0,
	0,
	0,
	0,
	"4e005777-df64-4279-9c02-400e239872b9",
	"ef234042-53a5-4db9-b7b0-78677e85394f");
INSERT INTO V_LBO
	VALUES ("6ec8cfc1-af99-4e38-a670-3d511c68e0af",
	'FALSE');
INSERT INTO V_VAL
	VALUES ("4b17e6c6-294c-4de6-b26f-512aa9272160",
	1,
	0,
	54,
	3,
	10,
	0,
	0,
	0,
	0,
	"1a2907d2-496f-482d-ba4d-df818f73d6fa",
	"ef234042-53a5-4db9-b7b0-78677e85394f");
INSERT INTO V_IRF
	VALUES ("4b17e6c6-294c-4de6-b26f-512aa9272160",
	"a6172d7f-e708-4434-9624-6b95c3e94bd8");
INSERT INTO V_VAL
	VALUES ("1b7c9e48-dded-42a6-b3e1-d47a32429480",
	1,
	0,
	54,
	12,
	19,
	0,
	0,
	0,
	0,
	"811f1dd7-74f0-407e-b449-939d0de5ee8d",
	"ef234042-53a5-4db9-b7b0-78677e85394f");
INSERT INTO V_AVL
	VALUES ("1b7c9e48-dded-42a6-b3e1-d47a32429480",
	"4b17e6c6-294c-4de6-b26f-512aa9272160",
	"03ac2337-ce3a-497f-a3de-92a1101b2208",
	"1d98774f-c8bd-4c43-8f75-530b0ff40265");
INSERT INTO V_VAL
	VALUES ("db1cc407-66f3-44b0-b442-2a377bab87a7",
	0,
	0,
	54,
	23,
	23,
	0,
	0,
	0,
	0,
	"811f1dd7-74f0-407e-b449-939d0de5ee8d",
	"ef234042-53a5-4db9-b7b0-78677e85394f");
INSERT INTO V_LIN
	VALUES ("db1cc407-66f3-44b0-b442-2a377bab87a7",
	'0');
INSERT INTO V_VAL
	VALUES ("ea08ca06-7c80-4101-ae60-de8eecca83f9",
	1,
	0,
	56,
	3,
	5,
	0,
	0,
	0,
	0,
	"1a2907d2-496f-482d-ba4d-df818f73d6fa",
	"ef234042-53a5-4db9-b7b0-78677e85394f");
INSERT INTO V_IRF
	VALUES ("ea08ca06-7c80-4101-ae60-de8eecca83f9",
	"7c23a5f3-d6bd-4b67-8ac3-70f701c6cb64");
INSERT INTO V_VAL
	VALUES ("d89e6549-bb5b-4407-8d3a-5cc33b0f8dc4",
	1,
	0,
	56,
	7,
	12,
	0,
	0,
	0,
	0,
	"811f1dd7-74f0-407e-b449-939d0de5ee8d",
	"ef234042-53a5-4db9-b7b0-78677e85394f");
INSERT INTO V_AVL
	VALUES ("d89e6549-bb5b-4407-8d3a-5cc33b0f8dc4",
	"ea08ca06-7c80-4101-ae60-de8eecca83f9",
	"83fd5a00-5820-4fb5-ade7-97f8217b945f",
	"f53a8993-9b73-4be5-b107-ad96fb5601d1");
INSERT INTO V_VAL
	VALUES ("7d3f2d4a-e42e-48b0-a268-9605637ebe42",
	0,
	0,
	56,
	16,
	16,
	0,
	0,
	0,
	0,
	"811f1dd7-74f0-407e-b449-939d0de5ee8d",
	"ef234042-53a5-4db9-b7b0-78677e85394f");
INSERT INTO V_TVL
	VALUES ("7d3f2d4a-e42e-48b0-a268-9605637ebe42",
	"d44688ed-438e-4556-b784-41efaf61ce01");
INSERT INTO V_VAL
	VALUES ("6dfaf9d3-f552-4572-a617-89e8c15fc47b",
	1,
	0,
	59,
	3,
	3,
	0,
	0,
	0,
	0,
	"811f1dd7-74f0-407e-b449-939d0de5ee8d",
	"ef234042-53a5-4db9-b7b0-78677e85394f");
INSERT INTO V_TVL
	VALUES ("6dfaf9d3-f552-4572-a617-89e8c15fc47b",
	"d44688ed-438e-4556-b784-41efaf61ce01");
INSERT INTO V_VAL
	VALUES ("744a5d8e-357f-4de3-ae0e-7584dd55f315",
	0,
	0,
	59,
	7,
	7,
	0,
	0,
	0,
	0,
	"811f1dd7-74f0-407e-b449-939d0de5ee8d",
	"ef234042-53a5-4db9-b7b0-78677e85394f");
INSERT INTO V_TVL
	VALUES ("744a5d8e-357f-4de3-ae0e-7584dd55f315",
	"d44688ed-438e-4556-b784-41efaf61ce01");
INSERT INTO V_VAL
	VALUES ("6650f282-ba26-41fb-ad8b-aaa91611d401",
	0,
	0,
	-1,
	-1,
	-1,
	0,
	0,
	0,
	0,
	"811f1dd7-74f0-407e-b449-939d0de5ee8d",
	"ef234042-53a5-4db9-b7b0-78677e85394f");
INSERT INTO V_BIN
	VALUES ("6650f282-ba26-41fb-ad8b-aaa91611d401",
	"17f272ac-b9b1-42e1-b7d2-c38d484646b6",
	"744a5d8e-357f-4de3-ae0e-7584dd55f315",
	'-');
INSERT INTO V_VAL
	VALUES ("17f272ac-b9b1-42e1-b7d2-c38d484646b6",
	0,
	0,
	59,
	11,
	11,
	0,
	0,
	0,
	0,
	"811f1dd7-74f0-407e-b449-939d0de5ee8d",
	"ef234042-53a5-4db9-b7b0-78677e85394f");
INSERT INTO V_LIN
	VALUES ("17f272ac-b9b1-42e1-b7d2-c38d484646b6",
	'1');
INSERT INTO V_VAR
	VALUES ("4ae44a14-395e-4451-9bd9-4b4d211bcfb3",
	"ef234042-53a5-4db9-b7b0-78677e85394f",
	'row',
	1,
	"1a2907d2-496f-482d-ba4d-df818f73d6fa");
INSERT INTO V_INT
	VALUES ("4ae44a14-395e-4451-9bd9-4b4d211bcfb3",
	0,
	"56c54c26-d9b7-409a-83b7-4c701cc02c0e");
INSERT INTO V_LOC
	VALUES ("b343b5ac-046b-4476-a75b-a201f889305a",
	39,
	26,
	28,
	"4ae44a14-395e-4451-9bd9-4b4d211bcfb3");
INSERT INTO V_LOC
	VALUES ("153f924d-edca-4d25-aa07-ff76400ab927",
	40,
	3,
	5,
	"4ae44a14-395e-4451-9bd9-4b4d211bcfb3");
INSERT INTO V_LOC
	VALUES ("c9365ed3-cd13-4fbd-9f38-2d725a12dd72",
	41,
	10,
	12,
	"4ae44a14-395e-4451-9bd9-4b4d211bcfb3");
INSERT INTO V_VAR
	VALUES ("6e6a8837-fdab-4829-b198-e59788989333",
	"ef234042-53a5-4db9-b7b0-78677e85394f",
	'column',
	1,
	"1a2907d2-496f-482d-ba4d-df818f73d6fa");
INSERT INTO V_INT
	VALUES ("6e6a8837-fdab-4829-b198-e59788989333",
	0,
	"b7d2c815-d54e-475a-819c-5d9e6dbc66d5");
INSERT INTO V_LOC
	VALUES ("ffad98c7-2ee1-4419-b781-8d95ca2aeed7",
	47,
	26,
	31,
	"6e6a8837-fdab-4829-b198-e59788989333");
INSERT INTO V_LOC
	VALUES ("0c1f71f9-255f-47b3-ae57-876c949b63d9",
	48,
	3,
	8,
	"6e6a8837-fdab-4829-b198-e59788989333");
INSERT INTO V_LOC
	VALUES ("da382bac-3c6d-4270-8bc5-aa2de6ffec17",
	49,
	10,
	15,
	"6e6a8837-fdab-4829-b198-e59788989333");
INSERT INTO V_VAR
	VALUES ("7c23a5f3-d6bd-4b67-8ac3-70f701c6cb64",
	"ef234042-53a5-4db9-b7b0-78677e85394f",
	'box',
	1,
	"1a2907d2-496f-482d-ba4d-df818f73d6fa");
INSERT INTO V_INT
	VALUES ("7c23a5f3-d6bd-4b67-8ac3-70f701c6cb64",
	0,
	"83fd5a00-5820-4fb5-ade7-97f8217b945f");
INSERT INTO V_LOC
	VALUES ("aab034c9-8134-4c9b-81f7-3069409df893",
	55,
	26,
	28,
	"7c23a5f3-d6bd-4b67-8ac3-70f701c6cb64");
INSERT INTO V_LOC
	VALUES ("93177867-eba0-4f7b-8c92-e197ada5d397",
	56,
	3,
	5,
	"7c23a5f3-d6bd-4b67-8ac3-70f701c6cb64");
INSERT INTO V_LOC
	VALUES ("dcc04f63-9b0f-4738-9083-9f671bb21f79",
	57,
	10,
	12,
	"7c23a5f3-d6bd-4b67-8ac3-70f701c6cb64");
INSERT INTO ACT_BLK
	VALUES ("3b63142a-9398-4d93-a153-d5209e8a2494",
	1,
	0,
	0,
	'',
	'',
	'',
	65,
	3,
	64,
	41,
	0,
	0,
	0,
	0,
	0,
	0,
	0,
	0,
	0,
	"53d97387-cd3a-47b0-a198-70bcc78aa2cf",
	"00000000-0000-0000-0000-000000000000");
INSERT INTO ACT_SMT
	VALUES ("e0b5f104-1392-49b0-97be-734709a1acd0",
	"3b63142a-9398-4d93-a153-d5209e8a2494",
	"d886a909-2292-4ac6-9fc4-b8608fcac0da",
	64,
	3,
	'setup line: 64');
INSERT INTO ACT_FIO
	VALUES ("e0b5f104-1392-49b0-97be-734709a1acd0",
	"aef826aa-783d-4931-904d-1b8d796f34bc",
	1,
	'many',
	"b7d2c815-d54e-475a-819c-5d9e6dbc66d5",
	64,
	41);
INSERT INTO ACT_SMT
	VALUES ("d886a909-2292-4ac6-9fc4-b8608fcac0da",
	"3b63142a-9398-4d93-a153-d5209e8a2494",
	"00000000-0000-0000-0000-000000000000",
	65,
	3,
	'setup line: 65');
INSERT INTO ACT_FOR
	VALUES ("d886a909-2292-4ac6-9fc4-b8608fcac0da",
	"fd5584e2-e948-4a84-8066-f68e5ce06550",
	1,
	"a075aa36-6319-4b39-9149-315f2b9561d7",
	"aef826aa-783d-4931-904d-1b8d796f34bc",
	"b7d2c815-d54e-475a-819c-5d9e6dbc66d5");
INSERT INTO V_VAR
	VALUES ("aef826aa-783d-4931-904d-1b8d796f34bc",
	"3b63142a-9398-4d93-a153-d5209e8a2494",
	'columns',
	1,
	"bd7c827f-c0a0-4115-8268-33db6654fef9");
INSERT INTO V_INS
	VALUES ("aef826aa-783d-4931-904d-1b8d796f34bc",
	"b7d2c815-d54e-475a-819c-5d9e6dbc66d5");
INSERT INTO V_LOC
	VALUES ("d9b6566b-7fdb-492b-b44f-3366f6d63160",
	64,
	15,
	21,
	"aef826aa-783d-4931-904d-1b8d796f34bc");
INSERT INTO V_LOC
	VALUES ("61b7ac3b-3d58-4359-81e4-7dfc00a7ef49",
	65,
	22,
	28,
	"aef826aa-783d-4931-904d-1b8d796f34bc");
INSERT INTO V_VAR
	VALUES ("a075aa36-6319-4b39-9149-315f2b9561d7",
	"3b63142a-9398-4d93-a153-d5209e8a2494",
	'column',
	1,
	"1a2907d2-496f-482d-ba4d-df818f73d6fa");
INSERT INTO V_INT
	VALUES ("a075aa36-6319-4b39-9149-315f2b9561d7",
	1,
	"b7d2c815-d54e-475a-819c-5d9e6dbc66d5");
INSERT INTO V_LOC
	VALUES ("2274c0ce-c913-45da-833e-d9b63bedc711",
	65,
	12,
	17,
	"a075aa36-6319-4b39-9149-315f2b9561d7");
INSERT INTO V_LOC
	VALUES ("deaf0883-b7c4-4834-96e3-c7950c50e8da",
	70,
	20,
	25,
	"a075aa36-6319-4b39-9149-315f2b9561d7");
INSERT INTO ACT_BLK
	VALUES ("fd5584e2-e948-4a84-8066-f68e5ce06550",
	1,
	0,
	1,
	'',
	'',
	'',
	74,
	5,
	73,
	42,
	0,
	0,
	70,
	34,
	0,
	0,
	0,
	0,
	0,
	"53d97387-cd3a-47b0-a198-70bcc78aa2cf",
	"00000000-0000-0000-0000-000000000000");
INSERT INTO ACT_SMT
	VALUES ("cfd16c29-0e09-47a0-87ef-1978b8ce74a7",
	"fd5584e2-e948-4a84-8066-f68e5ce06550",
	"22d02da5-8d8c-450e-a60d-95ce7ff36b53",
	66,
	5,
	'setup line: 66');
INSERT INTO ACT_CR
	VALUES ("cfd16c29-0e09-47a0-87ef-1978b8ce74a7",
	"b8746d98-c284-42d3-b670-bde693626bd3",
	1,
	"e488047e-8d3e-455c-a7e9-29120bad505f",
	66,
	36);
INSERT INTO ACT_SMT
	VALUES ("22d02da5-8d8c-450e-a60d-95ce7ff36b53",
	"fd5584e2-e948-4a84-8066-f68e5ce06550",
	"060d7f70-d58f-4dc6-bf93-606ca3e9a2f5",
	67,
	5,
	'setup line: 67');
INSERT INTO ACT_FIW
	VALUES ("22d02da5-8d8c-450e-a60d-95ce7ff36b53",
	"9ac36d5c-ec3c-4e70-84fd-d995e198cddc",
	0,
	'any',
	"81337113-edd7-4686-81d2-8d89eb98e53f",
	"8a59e2de-6f5d-4937-ade5-f1ace45cc756",
	67,
	40);
INSERT INTO ACT_SMT
	VALUES ("060d7f70-d58f-4dc6-bf93-606ca3e9a2f5",
	"fd5584e2-e948-4a84-8066-f68e5ce06550",
	"02e51b69-a79c-49df-bfb3-8203b7194217",
	68,
	5,
	'setup line: 68');
INSERT INTO ACT_REL
	VALUES ("060d7f70-d58f-4dc6-bf93-606ca3e9a2f5",
	"b8746d98-c284-42d3-b670-bde693626bd3",
	"9ac36d5c-ec3c-4e70-84fd-d995e198cddc",
	'',
	"52e5a3de-5d5d-4eaf-a076-5b96609c9130",
	68,
	33,
	0,
	0);
INSERT INTO ACT_SMT
	VALUES ("02e51b69-a79c-49df-bfb3-8203b7194217",
	"fd5584e2-e948-4a84-8066-f68e5ce06550",
	"111811a6-9875-41e2-9589-e8d5de7e7e56",
	69,
	5,
	'setup line: 69');
INSERT INTO ACT_REL
	VALUES ("02e51b69-a79c-49df-bfb3-8203b7194217",
	"b8746d98-c284-42d3-b670-bde693626bd3",
	"e62213a6-ff80-4fdf-89e9-b2da33982a3e",
	'',
	"c9931c97-9acb-4b55-af72-81add52c1825",
	69,
	31,
	0,
	0);
INSERT INTO ACT_SMT
	VALUES ("111811a6-9875-41e2-9589-e8d5de7e7e56",
	"fd5584e2-e948-4a84-8066-f68e5ce06550",
	"8c40129a-b090-48e2-8f1b-a27d16301d90",
	70,
	5,
	'setup line: 70');
INSERT INTO ACT_REL
	VALUES ("111811a6-9875-41e2-9589-e8d5de7e7e56",
	"b8746d98-c284-42d3-b670-bde693626bd3",
	"a075aa36-6319-4b39-9149-315f2b9561d7",
	'',
	"750a2939-f0a1-475a-a387-d099bd4f6edb",
	70,
	34,
	0,
	0);
INSERT INTO ACT_SMT
	VALUES ("8c40129a-b090-48e2-8f1b-a27d16301d90",
	"fd5584e2-e948-4a84-8066-f68e5ce06550",
	"7aef4dc7-8727-40ea-972a-bf9dc8f77882",
	73,
	5,
	'setup line: 73');
INSERT INTO ACT_FIW
	VALUES ("8c40129a-b090-48e2-8f1b-a27d16301d90",
	"4a207907-d761-43ed-8625-f8b6dfe50e5b",
	1,
	'many',
	"1b058cb6-4388-48fd-98fe-7fcf06dfd4fc",
	"8a59e2de-6f5d-4937-ade5-f1ace45cc756",
	73,
	42);
INSERT INTO ACT_SMT
	VALUES ("7aef4dc7-8727-40ea-972a-bf9dc8f77882",
	"fd5584e2-e948-4a84-8066-f68e5ce06550",
	"00000000-0000-0000-0000-000000000000",
	74,
	5,
	'setup line: 74');
INSERT INTO ACT_FOR
	VALUES ("7aef4dc7-8727-40ea-972a-bf9dc8f77882",
	"8bba90ba-43a3-4cd6-82cf-0dd6f3e28845",
	0,
	"9ac36d5c-ec3c-4e70-84fd-d995e198cddc",
	"4a207907-d761-43ed-8625-f8b6dfe50e5b",
	"8a59e2de-6f5d-4937-ade5-f1ace45cc756");
INSERT INTO V_VAL
	VALUES ("df3a369c-b8c9-43bf-922e-28619f594d78",
	0,
	0,
	67,
	54,
	-1,
	0,
	0,
	0,
	0,
	"1a2907d2-496f-482d-ba4d-df818f73d6fa",
	"fd5584e2-e948-4a84-8066-f68e5ce06550");
INSERT INTO V_SLR
	VALUES ("df3a369c-b8c9-43bf-922e-28619f594d78",
	"00000000-0000-0000-0000-000000000000",
	"00000000-0000-0000-0000-000000000000",
	"00000000-0000-0000-0000-000000000000");
INSERT INTO V_VAL
	VALUES ("c7c85db4-d96a-4994-b072-7fc3e662ad45",
	0,
	0,
	67,
	63,
	67,
	0,
	0,
	0,
	0,
	"811f1dd7-74f0-407e-b449-939d0de5ee8d",
	"fd5584e2-e948-4a84-8066-f68e5ce06550");
INSERT INTO V_AVL
	VALUES ("c7c85db4-d96a-4994-b072-7fc3e662ad45",
	"df3a369c-b8c9-43bf-922e-28619f594d78",
	"8a59e2de-6f5d-4937-ade5-f1ace45cc756",
	"53e80efe-cb6c-4332-b046-1ba6f6005b30");
INSERT INTO V_VAL
	VALUES ("81337113-edd7-4686-81d2-8d89eb98e53f",
	0,
	0,
	-1,
	-1,
	-1,
	0,
	0,
	0,
	0,
	"4e005777-df64-4279-9c02-400e239872b9",
	"fd5584e2-e948-4a84-8066-f68e5ce06550");
INSERT INTO V_BIN
	VALUES ("81337113-edd7-4686-81d2-8d89eb98e53f",
	"dfd70d3b-3907-45de-a623-f70cbc2b5a1d",
	"c7c85db4-d96a-4994-b072-7fc3e662ad45",
	'==');
INSERT INTO V_VAL
	VALUES ("dfd70d3b-3907-45de-a623-f70cbc2b5a1d",
	0,
	0,
	67,
	72,
	72,
	0,
	0,
	0,
	0,
	"811f1dd7-74f0-407e-b449-939d0de5ee8d",
	"fd5584e2-e948-4a84-8066-f68e5ce06550");
INSERT INTO V_LIN
	VALUES ("dfd70d3b-3907-45de-a623-f70cbc2b5a1d",
	'0');
INSERT INTO V_VAL
	VALUES ("a8ab0ef8-a55a-4646-9d67-dce83ed78897",
	0,
	0,
	73,
	56,
	-1,
	0,
	0,
	0,
	0,
	"1a2907d2-496f-482d-ba4d-df818f73d6fa",
	"fd5584e2-e948-4a84-8066-f68e5ce06550");
INSERT INTO V_SLR
	VALUES ("a8ab0ef8-a55a-4646-9d67-dce83ed78897",
	"00000000-0000-0000-0000-000000000000",
	"00000000-0000-0000-0000-000000000000",
	"00000000-0000-0000-0000-000000000000");
INSERT INTO V_VAL
	VALUES ("1e100db6-f73c-44f5-a727-65671c1253b6",
	0,
	0,
	73,
	65,
	69,
	0,
	0,
	0,
	0,
	"811f1dd7-74f0-407e-b449-939d0de5ee8d",
	"fd5584e2-e948-4a84-8066-f68e5ce06550");
INSERT INTO V_AVL
	VALUES ("1e100db6-f73c-44f5-a727-65671c1253b6",
	"a8ab0ef8-a55a-4646-9d67-dce83ed78897",
	"8a59e2de-6f5d-4937-ade5-f1ace45cc756",
	"53e80efe-cb6c-4332-b046-1ba6f6005b30");
INSERT INTO V_VAL
	VALUES ("1b058cb6-4388-48fd-98fe-7fcf06dfd4fc",
	0,
	0,
	-1,
	-1,
	-1,
	0,
	0,
	0,
	0,
	"4e005777-df64-4279-9c02-400e239872b9",
	"fd5584e2-e948-4a84-8066-f68e5ce06550");
INSERT INTO V_BIN
	VALUES ("1b058cb6-4388-48fd-98fe-7fcf06dfd4fc",
	"a61dd358-1053-4556-8129-d2c5dc505bd3",
	"1e100db6-f73c-44f5-a727-65671c1253b6",
	'!=');
INSERT INTO V_VAL
	VALUES ("a61dd358-1053-4556-8129-d2c5dc505bd3",
	0,
	0,
	73,
	74,
	74,
	0,
	0,
	0,
	0,
	"811f1dd7-74f0-407e-b449-939d0de5ee8d",
	"fd5584e2-e948-4a84-8066-f68e5ce06550");
INSERT INTO V_LIN
	VALUES ("a61dd358-1053-4556-8129-d2c5dc505bd3",
	'0');
INSERT INTO V_VAR
	VALUES ("b8746d98-c284-42d3-b670-bde693626bd3",
	"fd5584e2-e948-4a84-8066-f68e5ce06550",
	'cell',
	1,
	"1a2907d2-496f-482d-ba4d-df818f73d6fa");
INSERT INTO V_INT
	VALUES ("b8746d98-c284-42d3-b670-bde693626bd3",
	0,
	"e488047e-8d3e-455c-a7e9-29120bad505f");
INSERT INTO V_LOC
	VALUES ("00ebc935-964a-4f50-a852-8f41491d3e6b",
	66,
	28,
	31,
	"b8746d98-c284-42d3-b670-bde693626bd3");
INSERT INTO V_LOC
	VALUES ("e6db2e97-97eb-4e87-a665-6f746864f0dc",
	68,
	12,
	15,
	"b8746d98-c284-42d3-b670-bde693626bd3");
INSERT INTO V_LOC
	VALUES ("871e81ad-dea1-4da9-b46e-a85d090ea701",
	69,
	12,
	15,
	"b8746d98-c284-42d3-b670-bde693626bd3");
INSERT INTO V_LOC
	VALUES ("bf0e357c-4c50-4bfb-9937-91ae519e2d3c",
	70,
	12,
	15,
	"b8746d98-c284-42d3-b670-bde693626bd3");
INSERT INTO V_LOC
	VALUES ("df8a9a29-9eae-4f35-a9f4-98b4e997ef52",
	76,
	23,
	26,
	"b8746d98-c284-42d3-b670-bde693626bd3");
INSERT INTO V_VAR
	VALUES ("4a207907-d761-43ed-8625-f8b6dfe50e5b",
	"fd5584e2-e948-4a84-8066-f68e5ce06550",
	'digits',
	1,
	"bd7c827f-c0a0-4115-8268-33db6654fef9");
INSERT INTO V_INS
	VALUES ("4a207907-d761-43ed-8625-f8b6dfe50e5b",
	"8a59e2de-6f5d-4937-ade5-f1ace45cc756");
INSERT INTO V_LOC
	VALUES ("589e6dfa-29f7-44cd-8649-c8acd655b54e",
	73,
	17,
	22,
	"4a207907-d761-43ed-8625-f8b6dfe50e5b");
INSERT INTO V_LOC
	VALUES ("6eebe65b-62c0-4e5f-9f5c-08c165344a47",
	74,
	23,
	28,
	"4a207907-d761-43ed-8625-f8b6dfe50e5b");
INSERT INTO ACT_BLK
	VALUES ("8bba90ba-43a3-4cd6-82cf-0dd6f3e28845",
	0,
	0,
	0,
	'',
	'',
	'',
	76,
	7,
	75,
	42,
	0,
	0,
	76,
	35,
	0,
	0,
	0,
	0,
	0,
	"53d97387-cd3a-47b0-a198-70bcc78aa2cf",
	"00000000-0000-0000-0000-000000000000");
INSERT INTO ACT_SMT
	VALUES ("561c2c4b-7a40-4add-ab9b-6b179748143b",
	"8bba90ba-43a3-4cd6-82cf-0dd6f3e28845",
	"1b59feeb-89a0-400f-a133-9976b2991c2d",
	75,
	7,
	'setup line: 75');
INSERT INTO ACT_CR
	VALUES ("561c2c4b-7a40-4add-ab9b-6b179748143b",
	"5f961f46-1876-4d49-8bd4-f9a9639ce1e6",
	1,
	"7dfbb9fe-d109-4356-a43c-8a02617ad46a",
	75,
	42);
INSERT INTO ACT_SMT
	VALUES ("1b59feeb-89a0-400f-a133-9976b2991c2d",
	"8bba90ba-43a3-4cd6-82cf-0dd6f3e28845",
	"00000000-0000-0000-0000-000000000000",
	76,
	7,
	'setup line: 76');
INSERT INTO ACT_RU
	VALUES ("1b59feeb-89a0-400f-a133-9976b2991c2d",
	"9ac36d5c-ec3c-4e70-84fd-d995e198cddc",
	"b8746d98-c284-42d3-b670-bde693626bd3",
	"5f961f46-1876-4d49-8bd4-f9a9639ce1e6",
	'',
	"62a93566-2203-4db8-ba18-f7c15ca2072a",
	76,
	35,
	0,
	0);
INSERT INTO V_VAR
	VALUES ("5f961f46-1876-4d49-8bd4-f9a9639ce1e6",
	"8bba90ba-43a3-4cd6-82cf-0dd6f3e28845",
	'eligible',
	1,
	"1a2907d2-496f-482d-ba4d-df818f73d6fa");
INSERT INTO V_INT
	VALUES ("5f961f46-1876-4d49-8bd4-f9a9639ce1e6",
	0,
	"7dfbb9fe-d109-4356-a43c-8a02617ad46a");
INSERT INTO V_LOC
	VALUES ("d1d90d8f-a7fb-44d3-8d24-0e85e2b76305",
	75,
	30,
	37,
	"5f961f46-1876-4d49-8bd4-f9a9639ce1e6");
INSERT INTO V_LOC
	VALUES ("b111785f-b934-490a-ab80-3e2ee9beade8",
	76,
	44,
	51,
	"5f961f46-1876-4d49-8bd4-f9a9639ce1e6");
INSERT INTO ACT_BLK
	VALUES ("623da1c5-4e87-4258-a6b9-3305ed1dfd52",
	0,
	0,
	0,
	'',
	'',
	'',
	116,
	3,
	0,
	0,
	0,
	0,
	0,
	0,
	0,
	0,
	0,
	0,
	0,
	"53d97387-cd3a-47b0-a198-70bcc78aa2cf",
	"00000000-0000-0000-0000-000000000000");
INSERT INTO ACT_SMT
	VALUES ("c418b868-4a75-4a61-93fa-d219f1fa8df3",
	"623da1c5-4e87-4258-a6b9-3305ed1dfd52",
	"00000000-0000-0000-0000-000000000000",
	84,
	3,
	'setup line: 84');
INSERT INTO ACT_IF
	VALUES ("c418b868-4a75-4a61-93fa-d219f1fa8df3",
	"c64a07ad-a4e1-48d0-83aa-1b47b8b9c14f",
	"4ae533bf-f8db-4203-9425-fee0a3fc19da",
	"00000000-0000-0000-0000-000000000000",
	"00000000-0000-0000-0000-000000000000");
INSERT INTO ACT_SMT
	VALUES ("c9f1f1ef-06a8-49a1-b745-53b09640b3cb",
	"623da1c5-4e87-4258-a6b9-3305ed1dfd52",
	"00000000-0000-0000-0000-000000000000",
	88,
	3,
	'setup line: 88');
INSERT INTO ACT_EL
	VALUES ("c9f1f1ef-06a8-49a1-b745-53b09640b3cb",
	"141ea9b3-2ee9-4d35-b2a4-caf972a82695",
	"4abe2e4f-5341-4e04-8cda-8ce1bb51f0cd",
	"c418b868-4a75-4a61-93fa-d219f1fa8df3");
INSERT INTO ACT_SMT
	VALUES ("e12f1c2d-4e88-4a06-9475-9f29af214b5e",
	"623da1c5-4e87-4258-a6b9-3305ed1dfd52",
	"00000000-0000-0000-0000-000000000000",
	92,
	3,
	'setup line: 92');
INSERT INTO ACT_EL
	VALUES ("e12f1c2d-4e88-4a06-9475-9f29af214b5e",
	"9304936e-3700-477b-b68a-c90912a9b912",
	"f411e412-f1e0-4c88-88a8-ac92c4ccccb4",
	"c418b868-4a75-4a61-93fa-d219f1fa8df3");
INSERT INTO ACT_SMT
	VALUES ("4c0d3356-f2cc-4b5b-9bae-e3e0f9c77760",
	"623da1c5-4e87-4258-a6b9-3305ed1dfd52",
	"00000000-0000-0000-0000-000000000000",
	96,
	3,
	'setup line: 96');
INSERT INTO ACT_EL
	VALUES ("4c0d3356-f2cc-4b5b-9bae-e3e0f9c77760",
	"b2288b74-2f81-48bb-901c-0ccf3d8b77a0",
	"762fa2dd-2d7f-461a-97ed-7c45e0e65c1f",
	"c418b868-4a75-4a61-93fa-d219f1fa8df3");
INSERT INTO ACT_SMT
	VALUES ("12b4f955-2817-4e22-ac5f-376bbee0a0a1",
	"623da1c5-4e87-4258-a6b9-3305ed1dfd52",
	"00000000-0000-0000-0000-000000000000",
	100,
	3,
	'setup line: 100');
INSERT INTO ACT_EL
	VALUES ("12b4f955-2817-4e22-ac5f-376bbee0a0a1",
	"59d76db3-9a9f-4ee4-aa63-b781d6cd6c00",
	"7a71f50f-03ef-42a1-9819-b90a5898fa05",
	"c418b868-4a75-4a61-93fa-d219f1fa8df3");
INSERT INTO ACT_SMT
	VALUES ("6811e1b1-17c3-4dcb-afde-176a6329da5b",
	"623da1c5-4e87-4258-a6b9-3305ed1dfd52",
	"00000000-0000-0000-0000-000000000000",
	104,
	3,
	'setup line: 104');
INSERT INTO ACT_EL
	VALUES ("6811e1b1-17c3-4dcb-afde-176a6329da5b",
	"32b80911-41af-4b19-aebf-f8998b0186fc",
	"07c2905b-d242-405d-8c59-f501b772db62",
	"c418b868-4a75-4a61-93fa-d219f1fa8df3");
INSERT INTO ACT_SMT
	VALUES ("444273e1-92c7-4dee-a44e-d1bc25364b91",
	"623da1c5-4e87-4258-a6b9-3305ed1dfd52",
	"00000000-0000-0000-0000-000000000000",
	108,
	3,
	'setup line: 108');
INSERT INTO ACT_EL
	VALUES ("444273e1-92c7-4dee-a44e-d1bc25364b91",
	"0ada6a96-a411-4380-b8e4-6bcfc7ba8d3c",
	"1c7434d1-5f2c-43a0-985e-4cc5aa43cb02",
	"c418b868-4a75-4a61-93fa-d219f1fa8df3");
INSERT INTO ACT_SMT
	VALUES ("b4b23f50-63be-4e72-baa1-3b929ac222e0",
	"623da1c5-4e87-4258-a6b9-3305ed1dfd52",
	"00000000-0000-0000-0000-000000000000",
	112,
	3,
	'setup line: 112');
INSERT INTO ACT_EL
	VALUES ("b4b23f50-63be-4e72-baa1-3b929ac222e0",
	"59a3effd-e3ff-4166-bc7d-3019e69ec8cc",
	"2e7dde95-bd8d-4358-a1c7-50a1d8335170",
	"c418b868-4a75-4a61-93fa-d219f1fa8df3");
INSERT INTO ACT_SMT
	VALUES ("03fa4123-8686-4d74-b471-33af96312ace",
	"623da1c5-4e87-4258-a6b9-3305ed1dfd52",
	"00000000-0000-0000-0000-000000000000",
	116,
	3,
	'setup line: 116');
INSERT INTO ACT_EL
	VALUES ("03fa4123-8686-4d74-b471-33af96312ace",
	"98fbe2fc-6289-4658-8a34-0f8bd208063e",
	"39b1c905-50ef-423c-87b7-5ead9d1d80c5",
	"c418b868-4a75-4a61-93fa-d219f1fa8df3");
INSERT INTO V_VAL
	VALUES ("99ac3778-9c72-41da-a79f-973c8e0c971e",
	0,
	0,
	84,
	10,
	13,
	0,
	0,
	0,
	0,
	"1a2907d2-496f-482d-ba4d-df818f73d6fa",
	"623da1c5-4e87-4258-a6b9-3305ed1dfd52");
INSERT INTO V_IRF
	VALUES ("99ac3778-9c72-41da-a79f-973c8e0c971e",
	"2d2751ee-5e34-4e7b-a0e7-9d12ad2eaf79");
INSERT INTO V_VAL
	VALUES ("29f85880-6003-4e70-9181-096f8790a5ff",
	0,
	0,
	84,
	15,
	24,
	0,
	0,
	0,
	0,
	"811f1dd7-74f0-407e-b449-939d0de5ee8d",
	"623da1c5-4e87-4258-a6b9-3305ed1dfd52");
INSERT INTO V_AVL
	VALUES ("29f85880-6003-4e70-9181-096f8790a5ff",
	"99ac3778-9c72-41da-a79f-973c8e0c971e",
	"e488047e-8d3e-455c-a7e9-29120bad505f",
	"53a62320-a206-4d56-a639-c4592f420548");
INSERT INTO V_VAL
	VALUES ("c4baa1ad-8166-4b28-b3e3-ed597fd17b5e",
	0,
	0,
	-1,
	-1,
	-1,
	0,
	0,
	0,
	0,
	"4e005777-df64-4279-9c02-400e239872b9",
	"623da1c5-4e87-4258-a6b9-3305ed1dfd52");
INSERT INTO V_BIN
	VALUES ("c4baa1ad-8166-4b28-b3e3-ed597fd17b5e",
	"73ced9cf-659e-44af-968e-0838a17c337a",
	"29f85880-6003-4e70-9181-096f8790a5ff",
	'<=');
INSERT INTO V_VAL
	VALUES ("73ced9cf-659e-44af-968e-0838a17c337a",
	0,
	0,
	84,
	29,
	29,
	0,
	0,
	0,
	0,
	"811f1dd7-74f0-407e-b449-939d0de5ee8d",
	"623da1c5-4e87-4258-a6b9-3305ed1dfd52");
INSERT INTO V_LIN
	VALUES ("73ced9cf-659e-44af-968e-0838a17c337a",
	'3');
INSERT INTO V_VAL
	VALUES ("d661720d-3ad1-4de9-b88f-d66e7596fd7a",
	0,
	0,
	85,
	8,
	11,
	0,
	0,
	0,
	0,
	"1a2907d2-496f-482d-ba4d-df818f73d6fa",
	"623da1c5-4e87-4258-a6b9-3305ed1dfd52");
INSERT INTO V_IRF
	VALUES ("d661720d-3ad1-4de9-b88f-d66e7596fd7a",
	"2d2751ee-5e34-4e7b-a0e7-9d12ad2eaf79");
INSERT INTO V_VAL
	VALUES ("6a890ec8-dea3-45b7-915b-33154f8f5e84",
	0,
	0,
	85,
	13,
	25,
	0,
	0,
	0,
	0,
	"811f1dd7-74f0-407e-b449-939d0de5ee8d",
	"623da1c5-4e87-4258-a6b9-3305ed1dfd52");
INSERT INTO V_AVL
	VALUES ("6a890ec8-dea3-45b7-915b-33154f8f5e84",
	"d661720d-3ad1-4de9-b88f-d66e7596fd7a",
	"e488047e-8d3e-455c-a7e9-29120bad505f",
	"d132eb18-d364-4962-a2a9-487279251e05");
INSERT INTO V_VAL
	VALUES ("1b0b277c-0ea8-4767-aff4-c19b03f8147e",
	0,
	0,
	-1,
	-1,
	-1,
	0,
	0,
	0,
	0,
	"4e005777-df64-4279-9c02-400e239872b9",
	"623da1c5-4e87-4258-a6b9-3305ed1dfd52");
INSERT INTO V_BIN
	VALUES ("1b0b277c-0ea8-4767-aff4-c19b03f8147e",
	"42eaba9e-b572-4a7b-ba78-a42ef043d0ff",
	"6a890ec8-dea3-45b7-915b-33154f8f5e84",
	'<=');
INSERT INTO V_VAL
	VALUES ("42eaba9e-b572-4a7b-ba78-a42ef043d0ff",
	0,
	0,
	85,
	30,
	30,
	0,
	0,
	0,
	0,
	"811f1dd7-74f0-407e-b449-939d0de5ee8d",
	"623da1c5-4e87-4258-a6b9-3305ed1dfd52");
INSERT INTO V_LIN
	VALUES ("42eaba9e-b572-4a7b-ba78-a42ef043d0ff",
	'3');
INSERT INTO V_VAL
	VALUES ("4ae533bf-f8db-4203-9425-fee0a3fc19da",
	0,
	0,
	-1,
	-1,
	-1,
	0,
	0,
	0,
	0,
	"4e005777-df64-4279-9c02-400e239872b9",
	"623da1c5-4e87-4258-a6b9-3305ed1dfd52");
INSERT INTO V_BIN
	VALUES ("4ae533bf-f8db-4203-9425-fee0a3fc19da",
	"1b0b277c-0ea8-4767-aff4-c19b03f8147e",
	"c4baa1ad-8166-4b28-b3e3-ed597fd17b5e",
	'and');
INSERT INTO V_VAL
	VALUES ("f5cc4e9d-47ad-4a34-938d-88d8f8508a84",
	0,
	0,
	88,
	12,
	15,
	0,
	0,
	0,
	0,
	"1a2907d2-496f-482d-ba4d-df818f73d6fa",
	"623da1c5-4e87-4258-a6b9-3305ed1dfd52");
INSERT INTO V_IRF
	VALUES ("f5cc4e9d-47ad-4a34-938d-88d8f8508a84",
	"2d2751ee-5e34-4e7b-a0e7-9d12ad2eaf79");
INSERT INTO V_VAL
	VALUES ("8d4dcc3e-1cf9-44e2-afe8-d7769a4082b5",
	0,
	0,
	88,
	17,
	26,
	0,
	0,
	0,
	0,
	"811f1dd7-74f0-407e-b449-939d0de5ee8d",
	"623da1c5-4e87-4258-a6b9-3305ed1dfd52");
INSERT INTO V_AVL
	VALUES ("8d4dcc3e-1cf9-44e2-afe8-d7769a4082b5",
	"f5cc4e9d-47ad-4a34-938d-88d8f8508a84",
	"e488047e-8d3e-455c-a7e9-29120bad505f",
	"53a62320-a206-4d56-a639-c4592f420548");
INSERT INTO V_VAL
	VALUES ("da6b9fca-6860-4e76-8e78-885be0ebb640",
	0,
	0,
	-1,
	-1,
	-1,
	0,
	0,
	0,
	0,
	"4e005777-df64-4279-9c02-400e239872b9",
	"623da1c5-4e87-4258-a6b9-3305ed1dfd52");
INSERT INTO V_BIN
	VALUES ("da6b9fca-6860-4e76-8e78-885be0ebb640",
	"29f4d285-1c5f-4761-b4ab-67d67b8d213b",
	"8d4dcc3e-1cf9-44e2-afe8-d7769a4082b5",
	'<=');
INSERT INTO V_VAL
	VALUES ("29f4d285-1c5f-4761-b4ab-67d67b8d213b",
	0,
	0,
	88,
	31,
	31,
	0,
	0,
	0,
	0,
	"811f1dd7-74f0-407e-b449-939d0de5ee8d",
	"623da1c5-4e87-4258-a6b9-3305ed1dfd52");
INSERT INTO V_LIN
	VALUES ("29f4d285-1c5f-4761-b4ab-67d67b8d213b",
	'3');
INSERT INTO V_VAL
	VALUES ("cbff993c-a6a8-4314-a3b1-44650d4e30ef",
	0,
	0,
	89,
	10,
	10,
	0,
	0,
	0,
	0,
	"811f1dd7-74f0-407e-b449-939d0de5ee8d",
	"623da1c5-4e87-4258-a6b9-3305ed1dfd52");
INSERT INTO V_LIN
	VALUES ("cbff993c-a6a8-4314-a3b1-44650d4e30ef",
	'4');
INSERT INTO V_VAL
	VALUES ("f7629911-8fcc-4651-b32a-8ff86390e790",
	0,
	0,
	-1,
	-1,
	-1,
	0,
	0,
	0,
	0,
	"4e005777-df64-4279-9c02-400e239872b9",
	"623da1c5-4e87-4258-a6b9-3305ed1dfd52");
INSERT INTO V_BIN
	VALUES ("f7629911-8fcc-4651-b32a-8ff86390e790",
	"457d0d04-ae0f-4b4f-8177-1aded664c71b",
	"cbff993c-a6a8-4314-a3b1-44650d4e30ef",
	'<=');
INSERT INTO V_VAL
	VALUES ("a6605c98-a152-43a9-a4ee-77962a2144f2",
	0,
	0,
	89,
	15,
	18,
	0,
	0,
	0,
	0,
	"1a2907d2-496f-482d-ba4d-df818f73d6fa",
	"623da1c5-4e87-4258-a6b9-3305ed1dfd52");
INSERT INTO V_IRF
	VALUES ("a6605c98-a152-43a9-a4ee-77962a2144f2",
	"2d2751ee-5e34-4e7b-a0e7-9d12ad2eaf79");
INSERT INTO V_VAL
	VALUES ("457d0d04-ae0f-4b4f-8177-1aded664c71b",
	0,
	0,
	89,
	20,
	32,
	0,
	0,
	0,
	0,
	"811f1dd7-74f0-407e-b449-939d0de5ee8d",
	"623da1c5-4e87-4258-a6b9-3305ed1dfd52");
INSERT INTO V_AVL
	VALUES ("457d0d04-ae0f-4b4f-8177-1aded664c71b",
	"a6605c98-a152-43a9-a4ee-77962a2144f2",
	"e488047e-8d3e-455c-a7e9-29120bad505f",
	"d132eb18-d364-4962-a2a9-487279251e05");
INSERT INTO V_VAL
	VALUES ("b4253e59-1ce8-428d-854c-fac852517a0f",
	0,
	0,
	89,
	42,
	45,
	0,
	0,
	0,
	0,
	"1a2907d2-496f-482d-ba4d-df818f73d6fa",
	"623da1c5-4e87-4258-a6b9-3305ed1dfd52");
INSERT INTO V_IRF
	VALUES ("b4253e59-1ce8-428d-854c-fac852517a0f",
	"2d2751ee-5e34-4e7b-a0e7-9d12ad2eaf79");
INSERT INTO V_VAL
	VALUES ("a9dffdfd-85c6-4317-b854-b6c44725213a",
	0,
	0,
	89,
	47,
	59,
	0,
	0,
	0,
	0,
	"811f1dd7-74f0-407e-b449-939d0de5ee8d",
	"623da1c5-4e87-4258-a6b9-3305ed1dfd52");
INSERT INTO V_AVL
	VALUES ("a9dffdfd-85c6-4317-b854-b6c44725213a",
	"b4253e59-1ce8-428d-854c-fac852517a0f",
	"e488047e-8d3e-455c-a7e9-29120bad505f",
	"d132eb18-d364-4962-a2a9-487279251e05");
INSERT INTO V_VAL
	VALUES ("05106eec-79c1-498b-8820-c54374d339c8",
	0,
	0,
	-1,
	-1,
	-1,
	0,
	0,
	0,
	0,
	"4e005777-df64-4279-9c02-400e239872b9",
	"623da1c5-4e87-4258-a6b9-3305ed1dfd52");
INSERT INTO V_BIN
	VALUES ("05106eec-79c1-498b-8820-c54374d339c8",
	"7c8c6fb6-b59b-4962-a628-198c89e31e2b",
	"a9dffdfd-85c6-4317-b854-b6c44725213a",
	'<=');
INSERT INTO V_VAL
	VALUES ("7c8c6fb6-b59b-4962-a628-198c89e31e2b",
	0,
	0,
	89,
	64,
	64,
	0,
	0,
	0,
	0,
	"811f1dd7-74f0-407e-b449-939d0de5ee8d",
	"623da1c5-4e87-4258-a6b9-3305ed1dfd52");
INSERT INTO V_LIN
	VALUES ("7c8c6fb6-b59b-4962-a628-198c89e31e2b",
	'6');
INSERT INTO V_VAL
	VALUES ("09a6562f-a52c-4cd6-a33e-d2d1f7dc1fb0",
	0,
	0,
	-1,
	-1,
	-1,
	0,
	0,
	0,
	0,
	"4e005777-df64-4279-9c02-400e239872b9",
	"623da1c5-4e87-4258-a6b9-3305ed1dfd52");
INSERT INTO V_BIN
	VALUES ("09a6562f-a52c-4cd6-a33e-d2d1f7dc1fb0",
	"05106eec-79c1-498b-8820-c54374d339c8",
	"f7629911-8fcc-4651-b32a-8ff86390e790",
	'and');
INSERT INTO V_VAL
	VALUES ("4abe2e4f-5341-4e04-8cda-8ce1bb51f0cd",
	0,
	0,
	-1,
	-1,
	-1,
	0,
	0,
	0,
	0,
	"4e005777-df64-4279-9c02-400e239872b9",
	"623da1c5-4e87-4258-a6b9-3305ed1dfd52");
INSERT INTO V_BIN
	VALUES ("4abe2e4f-5341-4e04-8cda-8ce1bb51f0cd",
	"09a6562f-a52c-4cd6-a33e-d2d1f7dc1fb0",
	"da6b9fca-6860-4e76-8e78-885be0ebb640",
	'and');
INSERT INTO V_VAL
	VALUES ("6f6d0237-0d90-4d2a-9037-d346d9641009",
	0,
	0,
	92,
	12,
	15,
	0,
	0,
	0,
	0,
	"1a2907d2-496f-482d-ba4d-df818f73d6fa",
	"623da1c5-4e87-4258-a6b9-3305ed1dfd52");
INSERT INTO V_IRF
	VALUES ("6f6d0237-0d90-4d2a-9037-d346d9641009",
	"2d2751ee-5e34-4e7b-a0e7-9d12ad2eaf79");
INSERT INTO V_VAL
	VALUES ("05b5b406-febf-43bf-8806-cb8754ffa5e7",
	0,
	0,
	92,
	17,
	26,
	0,
	0,
	0,
	0,
	"811f1dd7-74f0-407e-b449-939d0de5ee8d",
	"623da1c5-4e87-4258-a6b9-3305ed1dfd52");
INSERT INTO V_AVL
	VALUES ("05b5b406-febf-43bf-8806-cb8754ffa5e7",
	"6f6d0237-0d90-4d2a-9037-d346d9641009",
	"e488047e-8d3e-455c-a7e9-29120bad505f",
	"53a62320-a206-4d56-a639-c4592f420548");
INSERT INTO V_VAL
	VALUES ("25672ccb-7f50-4c27-bcc5-0a4ae003e779",
	0,
	0,
	-1,
	-1,
	-1,
	0,
	0,
	0,
	0,
	"4e005777-df64-4279-9c02-400e239872b9",
	"623da1c5-4e87-4258-a6b9-3305ed1dfd52");
INSERT INTO V_BIN
	VALUES ("25672ccb-7f50-4c27-bcc5-0a4ae003e779",
	"ccd50b44-6d22-4189-bcd7-6f311e30b185",
	"05b5b406-febf-43bf-8806-cb8754ffa5e7",
	'<=');
INSERT INTO V_VAL
	VALUES ("ccd50b44-6d22-4189-bcd7-6f311e30b185",
	0,
	0,
	92,
	31,
	31,
	0,
	0,
	0,
	0,
	"811f1dd7-74f0-407e-b449-939d0de5ee8d",
	"623da1c5-4e87-4258-a6b9-3305ed1dfd52");
INSERT INTO V_LIN
	VALUES ("ccd50b44-6d22-4189-bcd7-6f311e30b185",
	'3');
INSERT INTO V_VAL
	VALUES ("44057cd9-fc2a-4a9b-9adc-f5462f63eed4",
	0,
	0,
	93,
	8,
	8,
	0,
	0,
	0,
	0,
	"811f1dd7-74f0-407e-b449-939d0de5ee8d",
	"623da1c5-4e87-4258-a6b9-3305ed1dfd52");
INSERT INTO V_LIN
	VALUES ("44057cd9-fc2a-4a9b-9adc-f5462f63eed4",
	'7');
INSERT INTO V_VAL
	VALUES ("6a706a2e-07c2-4561-b9b4-f77a1c3089f0",
	0,
	0,
	-1,
	-1,
	-1,
	0,
	0,
	0,
	0,
	"4e005777-df64-4279-9c02-400e239872b9",
	"623da1c5-4e87-4258-a6b9-3305ed1dfd52");
INSERT INTO V_BIN
	VALUES ("6a706a2e-07c2-4561-b9b4-f77a1c3089f0",
	"7a4a2247-2b6f-4cc3-8f8c-eec922ca0d23",
	"44057cd9-fc2a-4a9b-9adc-f5462f63eed4",
	'<=');
INSERT INTO V_VAL
	VALUES ("48e4f1de-ee94-4169-aab9-7fba9c469fa8",
	0,
	0,
	93,
	13,
	16,
	0,
	0,
	0,
	0,
	"1a2907d2-496f-482d-ba4d-df818f73d6fa",
	"623da1c5-4e87-4258-a6b9-3305ed1dfd52");
INSERT INTO V_IRF
	VALUES ("48e4f1de-ee94-4169-aab9-7fba9c469fa8",
	"2d2751ee-5e34-4e7b-a0e7-9d12ad2eaf79");
INSERT INTO V_VAL
	VALUES ("7a4a2247-2b6f-4cc3-8f8c-eec922ca0d23",
	0,
	0,
	93,
	18,
	30,
	0,
	0,
	0,
	0,
	"811f1dd7-74f0-407e-b449-939d0de5ee8d",
	"623da1c5-4e87-4258-a6b9-3305ed1dfd52");
INSERT INTO V_AVL
	VALUES ("7a4a2247-2b6f-4cc3-8f8c-eec922ca0d23",
	"48e4f1de-ee94-4169-aab9-7fba9c469fa8",
	"e488047e-8d3e-455c-a7e9-29120bad505f",
	"d132eb18-d364-4962-a2a9-487279251e05");
INSERT INTO V_VAL
	VALUES ("f411e412-f1e0-4c88-88a8-ac92c4ccccb4",
	0,
	0,
	-1,
	-1,
	-1,
	0,
	0,
	0,
	0,
	"4e005777-df64-4279-9c02-400e239872b9",
	"623da1c5-4e87-4258-a6b9-3305ed1dfd52");
INSERT INTO V_BIN
	VALUES ("f411e412-f1e0-4c88-88a8-ac92c4ccccb4",
	"6a706a2e-07c2-4561-b9b4-f77a1c3089f0",
	"25672ccb-7f50-4c27-bcc5-0a4ae003e779",
	'and');
INSERT INTO V_VAL
	VALUES ("4033fa73-f760-434c-affc-2a8c133987be",
	0,
	0,
	96,
	14,
	14,
	0,
	0,
	0,
	0,
	"811f1dd7-74f0-407e-b449-939d0de5ee8d",
	"623da1c5-4e87-4258-a6b9-3305ed1dfd52");
INSERT INTO V_LIN
	VALUES ("4033fa73-f760-434c-affc-2a8c133987be",
	'4');
INSERT INTO V_VAL
	VALUES ("f0909f4e-2fd9-46b7-a3c0-a28e9fb95d1f",
	0,
	0,
	-1,
	-1,
	-1,
	0,
	0,
	0,
	0,
	"4e005777-df64-4279-9c02-400e239872b9",
	"623da1c5-4e87-4258-a6b9-3305ed1dfd52");
INSERT INTO V_BIN
	VALUES ("f0909f4e-2fd9-46b7-a3c0-a28e9fb95d1f",
	"1ebd4262-07f8-43d5-a0d6-751a7711e7e6",
	"4033fa73-f760-434c-affc-2a8c133987be",
	'<=');
INSERT INTO V_VAL
	VALUES ("9f0932db-ec79-4c9a-b155-d3d7356ecf7f",
	0,
	0,
	96,
	19,
	22,
	0,
	0,
	0,
	0,
	"1a2907d2-496f-482d-ba4d-df818f73d6fa",
	"623da1c5-4e87-4258-a6b9-3305ed1dfd52");
INSERT INTO V_IRF
	VALUES ("9f0932db-ec79-4c9a-b155-d3d7356ecf7f",
	"2d2751ee-5e34-4e7b-a0e7-9d12ad2eaf79");
INSERT INTO V_VAL
	VALUES ("1ebd4262-07f8-43d5-a0d6-751a7711e7e6",
	0,
	0,
	96,
	24,
	33,
	0,
	0,
	0,
	0,
	"811f1dd7-74f0-407e-b449-939d0de5ee8d",
	"623da1c5-4e87-4258-a6b9-3305ed1dfd52");
INSERT INTO V_AVL
	VALUES ("1ebd4262-07f8-43d5-a0d6-751a7711e7e6",
	"9f0932db-ec79-4c9a-b155-d3d7356ecf7f",
	"e488047e-8d3e-455c-a7e9-29120bad505f",
	"53a62320-a206-4d56-a639-c4592f420548");
INSERT INTO V_VAL
	VALUES ("993723db-2ea4-4ca5-aa84-d0da95fd7b68",
	0,
	0,
	96,
	43,
	46,
	0,
	0,
	0,
	0,
	"1a2907d2-496f-482d-ba4d-df818f73d6fa",
	"623da1c5-4e87-4258-a6b9-3305ed1dfd52");
INSERT INTO V_IRF
	VALUES ("993723db-2ea4-4ca5-aa84-d0da95fd7b68",
	"2d2751ee-5e34-4e7b-a0e7-9d12ad2eaf79");
INSERT INTO V_VAL
	VALUES ("2f20a92f-ba76-4129-8198-16562676f210",
	0,
	0,
	96,
	48,
	57,
	0,
	0,
	0,
	0,
	"811f1dd7-74f0-407e-b449-939d0de5ee8d",
	"623da1c5-4e87-4258-a6b9-3305ed1dfd52");
INSERT INTO V_AVL
	VALUES ("2f20a92f-ba76-4129-8198-16562676f210",
	"993723db-2ea4-4ca5-aa84-d0da95fd7b68",
	"e488047e-8d3e-455c-a7e9-29120bad505f",
	"53a62320-a206-4d56-a639-c4592f420548");
INSERT INTO V_VAL
	VALUES ("91d444bb-6683-4aef-a178-7c6ca6cf41b0",
	0,
	0,
	-1,
	-1,
	-1,
	0,
	0,
	0,
	0,
	"4e005777-df64-4279-9c02-400e239872b9",
	"623da1c5-4e87-4258-a6b9-3305ed1dfd52");
INSERT INTO V_BIN
	VALUES ("91d444bb-6683-4aef-a178-7c6ca6cf41b0",
	"e0b9dd04-5278-4f85-976b-0caaa0d9bd9e",
	"2f20a92f-ba76-4129-8198-16562676f210",
	'<=');
INSERT INTO V_VAL
	VALUES ("e0b9dd04-5278-4f85-976b-0caaa0d9bd9e",
	0,
	0,
	96,
	62,
	62,
	0,
	0,
	0,
	0,
	"811f1dd7-74f0-407e-b449-939d0de5ee8d",
	"623da1c5-4e87-4258-a6b9-3305ed1dfd52");
INSERT INTO V_LIN
	VALUES ("e0b9dd04-5278-4f85-976b-0caaa0d9bd9e",
	'6');
INSERT INTO V_VAL
	VALUES ("d1acf1b4-9c22-4ba3-9574-6281fe51d892",
	0,
	0,
	-1,
	-1,
	-1,
	0,
	0,
	0,
	0,
	"4e005777-df64-4279-9c02-400e239872b9",
	"623da1c5-4e87-4258-a6b9-3305ed1dfd52");
INSERT INTO V_BIN
	VALUES ("d1acf1b4-9c22-4ba3-9574-6281fe51d892",
	"91d444bb-6683-4aef-a178-7c6ca6cf41b0",
	"f0909f4e-2fd9-46b7-a3c0-a28e9fb95d1f",
	'and');
INSERT INTO V_VAL
	VALUES ("236186a3-e2dd-44d9-bc07-28134255d0ab",
	0,
	0,
	97,
	8,
	11,
	0,
	0,
	0,
	0,
	"1a2907d2-496f-482d-ba4d-df818f73d6fa",
	"623da1c5-4e87-4258-a6b9-3305ed1dfd52");
INSERT INTO V_IRF
	VALUES ("236186a3-e2dd-44d9-bc07-28134255d0ab",
	"2d2751ee-5e34-4e7b-a0e7-9d12ad2eaf79");
INSERT INTO V_VAL
	VALUES ("68b2da1e-e6de-4652-96c2-b37ebf2364f8",
	0,
	0,
	97,
	13,
	25,
	0,
	0,
	0,
	0,
	"811f1dd7-74f0-407e-b449-939d0de5ee8d",
	"623da1c5-4e87-4258-a6b9-3305ed1dfd52");
INSERT INTO V_AVL
	VALUES ("68b2da1e-e6de-4652-96c2-b37ebf2364f8",
	"236186a3-e2dd-44d9-bc07-28134255d0ab",
	"e488047e-8d3e-455c-a7e9-29120bad505f",
	"d132eb18-d364-4962-a2a9-487279251e05");
INSERT INTO V_VAL
	VALUES ("cd65b1b3-28cb-4200-b533-3531fadeb4cb",
	0,
	0,
	-1,
	-1,
	-1,
	0,
	0,
	0,
	0,
	"4e005777-df64-4279-9c02-400e239872b9",
	"623da1c5-4e87-4258-a6b9-3305ed1dfd52");
INSERT INTO V_BIN
	VALUES ("cd65b1b3-28cb-4200-b533-3531fadeb4cb",
	"2358f8d9-fc05-4d07-8e86-2d6b7262674a",
	"68b2da1e-e6de-4652-96c2-b37ebf2364f8",
	'<=');
INSERT INTO V_VAL
	VALUES ("2358f8d9-fc05-4d07-8e86-2d6b7262674a",
	0,
	0,
	97,
	30,
	30,
	0,
	0,
	0,
	0,
	"811f1dd7-74f0-407e-b449-939d0de5ee8d",
	"623da1c5-4e87-4258-a6b9-3305ed1dfd52");
INSERT INTO V_LIN
	VALUES ("2358f8d9-fc05-4d07-8e86-2d6b7262674a",
	'3');
INSERT INTO V_VAL
	VALUES ("762fa2dd-2d7f-461a-97ed-7c45e0e65c1f",
	0,
	0,
	-1,
	-1,
	-1,
	0,
	0,
	0,
	0,
	"4e005777-df64-4279-9c02-400e239872b9",
	"623da1c5-4e87-4258-a6b9-3305ed1dfd52");
INSERT INTO V_BIN
	VALUES ("762fa2dd-2d7f-461a-97ed-7c45e0e65c1f",
	"cd65b1b3-28cb-4200-b533-3531fadeb4cb",
	"d1acf1b4-9c22-4ba3-9574-6281fe51d892",
	'and');
INSERT INTO V_VAL
	VALUES ("00dee6de-b32f-4c8a-8ae5-fc4c5facf507",
	0,
	0,
	100,
	14,
	14,
	0,
	0,
	0,
	0,
	"811f1dd7-74f0-407e-b449-939d0de5ee8d",
	"623da1c5-4e87-4258-a6b9-3305ed1dfd52");
INSERT INTO V_LIN
	VALUES ("00dee6de-b32f-4c8a-8ae5-fc4c5facf507",
	'4');
INSERT INTO V_VAL
	VALUES ("7e0c193e-83b4-4906-b610-649106baf90f",
	0,
	0,
	-1,
	-1,
	-1,
	0,
	0,
	0,
	0,
	"4e005777-df64-4279-9c02-400e239872b9",
	"623da1c5-4e87-4258-a6b9-3305ed1dfd52");
INSERT INTO V_BIN
	VALUES ("7e0c193e-83b4-4906-b610-649106baf90f",
	"ff2d6483-cf72-4d31-bd56-0f9a079e44c4",
	"00dee6de-b32f-4c8a-8ae5-fc4c5facf507",
	'<=');
INSERT INTO V_VAL
	VALUES ("14309fa0-813f-4390-af12-e8c4a5202c67",
	0,
	0,
	100,
	19,
	22,
	0,
	0,
	0,
	0,
	"1a2907d2-496f-482d-ba4d-df818f73d6fa",
	"623da1c5-4e87-4258-a6b9-3305ed1dfd52");
INSERT INTO V_IRF
	VALUES ("14309fa0-813f-4390-af12-e8c4a5202c67",
	"2d2751ee-5e34-4e7b-a0e7-9d12ad2eaf79");
INSERT INTO V_VAL
	VALUES ("ff2d6483-cf72-4d31-bd56-0f9a079e44c4",
	0,
	0,
	100,
	24,
	33,
	0,
	0,
	0,
	0,
	"811f1dd7-74f0-407e-b449-939d0de5ee8d",
	"623da1c5-4e87-4258-a6b9-3305ed1dfd52");
INSERT INTO V_AVL
	VALUES ("ff2d6483-cf72-4d31-bd56-0f9a079e44c4",
	"14309fa0-813f-4390-af12-e8c4a5202c67",
	"e488047e-8d3e-455c-a7e9-29120bad505f",
	"53a62320-a206-4d56-a639-c4592f420548");
INSERT INTO V_VAL
	VALUES ("c9c89e5a-3bd0-4ecb-90d9-f393dbfc14e7",
	0,
	0,
	100,
	43,
	46,
	0,
	0,
	0,
	0,
	"1a2907d2-496f-482d-ba4d-df818f73d6fa",
	"623da1c5-4e87-4258-a6b9-3305ed1dfd52");
INSERT INTO V_IRF
	VALUES ("c9c89e5a-3bd0-4ecb-90d9-f393dbfc14e7",
	"2d2751ee-5e34-4e7b-a0e7-9d12ad2eaf79");
INSERT INTO V_VAL
	VALUES ("68398a5b-ac6d-49f2-b2dd-556af60696fd",
	0,
	0,
	100,
	48,
	57,
	0,
	0,
	0,
	0,
	"811f1dd7-74f0-407e-b449-939d0de5ee8d",
	"623da1c5-4e87-4258-a6b9-3305ed1dfd52");
INSERT INTO V_AVL
	VALUES ("68398a5b-ac6d-49f2-b2dd-556af60696fd",
	"c9c89e5a-3bd0-4ecb-90d9-f393dbfc14e7",
	"e488047e-8d3e-455c-a7e9-29120bad505f",
	"53a62320-a206-4d56-a639-c4592f420548");
INSERT INTO V_VAL
	VALUES ("bf22298a-299c-4ff8-8cf9-9d1a10bbcc97",
	0,
	0,
	-1,
	-1,
	-1,
	0,
	0,
	0,
	0,
	"4e005777-df64-4279-9c02-400e239872b9",
	"623da1c5-4e87-4258-a6b9-3305ed1dfd52");
INSERT INTO V_BIN
	VALUES ("bf22298a-299c-4ff8-8cf9-9d1a10bbcc97",
	"cd7e6ccb-043e-4903-8240-62816b1356d1",
	"68398a5b-ac6d-49f2-b2dd-556af60696fd",
	'<=');
INSERT INTO V_VAL
	VALUES ("cd7e6ccb-043e-4903-8240-62816b1356d1",
	0,
	0,
	100,
	62,
	62,
	0,
	0,
	0,
	0,
	"811f1dd7-74f0-407e-b449-939d0de5ee8d",
	"623da1c5-4e87-4258-a6b9-3305ed1dfd52");
INSERT INTO V_LIN
	VALUES ("cd7e6ccb-043e-4903-8240-62816b1356d1",
	'6');
INSERT INTO V_VAL
	VALUES ("d9523e87-f119-4e38-ac35-20b9706d352b",
	0,
	0,
	-1,
	-1,
	-1,
	0,
	0,
	0,
	0,
	"4e005777-df64-4279-9c02-400e239872b9",
	"623da1c5-4e87-4258-a6b9-3305ed1dfd52");
INSERT INTO V_BIN
	VALUES ("d9523e87-f119-4e38-ac35-20b9706d352b",
	"bf22298a-299c-4ff8-8cf9-9d1a10bbcc97",
	"7e0c193e-83b4-4906-b610-649106baf90f",
	'and');
INSERT INTO V_VAL
	VALUES ("5d844cfd-7476-4723-a96b-c51c510c19a0",
	0,
	0,
	101,
	10,
	10,
	0,
	0,
	0,
	0,
	"811f1dd7-74f0-407e-b449-939d0de5ee8d",
	"623da1c5-4e87-4258-a6b9-3305ed1dfd52");
INSERT INTO V_LIN
	VALUES ("5d844cfd-7476-4723-a96b-c51c510c19a0",
	'4');
INSERT INTO V_VAL
	VALUES ("9c017a70-e1d8-48c4-a6f3-6975bb8152f5",
	0,
	0,
	-1,
	-1,
	-1,
	0,
	0,
	0,
	0,
	"4e005777-df64-4279-9c02-400e239872b9",
	"623da1c5-4e87-4258-a6b9-3305ed1dfd52");
INSERT INTO V_BIN
	VALUES ("9c017a70-e1d8-48c4-a6f3-6975bb8152f5",
	"f9711c97-8c2f-445e-aa82-477667df71a6",
	"5d844cfd-7476-4723-a96b-c51c510c19a0",
	'<=');
INSERT INTO V_VAL
	VALUES ("12fbcd99-6564-4083-96d2-83a2d7b1c5f1",
	0,
	0,
	101,
	15,
	18,
	0,
	0,
	0,
	0,
	"1a2907d2-496f-482d-ba4d-df818f73d6fa",
	"623da1c5-4e87-4258-a6b9-3305ed1dfd52");
INSERT INTO V_IRF
	VALUES ("12fbcd99-6564-4083-96d2-83a2d7b1c5f1",
	"2d2751ee-5e34-4e7b-a0e7-9d12ad2eaf79");
INSERT INTO V_VAL
	VALUES ("f9711c97-8c2f-445e-aa82-477667df71a6",
	0,
	0,
	101,
	20,
	32,
	0,
	0,
	0,
	0,
	"811f1dd7-74f0-407e-b449-939d0de5ee8d",
	"623da1c5-4e87-4258-a6b9-3305ed1dfd52");
INSERT INTO V_AVL
	VALUES ("f9711c97-8c2f-445e-aa82-477667df71a6",
	"12fbcd99-6564-4083-96d2-83a2d7b1c5f1",
	"e488047e-8d3e-455c-a7e9-29120bad505f",
	"d132eb18-d364-4962-a2a9-487279251e05");
INSERT INTO V_VAL
	VALUES ("562a7eb8-9460-4945-9541-ac096dd8f24b",
	0,
	0,
	101,
	42,
	45,
	0,
	0,
	0,
	0,
	"1a2907d2-496f-482d-ba4d-df818f73d6fa",
	"623da1c5-4e87-4258-a6b9-3305ed1dfd52");
INSERT INTO V_IRF
	VALUES ("562a7eb8-9460-4945-9541-ac096dd8f24b",
	"2d2751ee-5e34-4e7b-a0e7-9d12ad2eaf79");
INSERT INTO V_VAL
	VALUES ("73f53ae5-5047-44e3-93c3-5e6ea642a1dc",
	0,
	0,
	101,
	47,
	59,
	0,
	0,
	0,
	0,
	"811f1dd7-74f0-407e-b449-939d0de5ee8d",
	"623da1c5-4e87-4258-a6b9-3305ed1dfd52");
INSERT INTO V_AVL
	VALUES ("73f53ae5-5047-44e3-93c3-5e6ea642a1dc",
	"562a7eb8-9460-4945-9541-ac096dd8f24b",
	"e488047e-8d3e-455c-a7e9-29120bad505f",
	"d132eb18-d364-4962-a2a9-487279251e05");
INSERT INTO V_VAL
	VALUES ("beb127be-9d55-42f3-8e4f-b4ba4b1926f1",
	0,
	0,
	-1,
	-1,
	-1,
	0,
	0,
	0,
	0,
	"4e005777-df64-4279-9c02-400e239872b9",
	"623da1c5-4e87-4258-a6b9-3305ed1dfd52");
INSERT INTO V_BIN
	VALUES ("beb127be-9d55-42f3-8e4f-b4ba4b1926f1",
	"59180110-9bd7-4c14-b32c-a559c56ef3e9",
	"73f53ae5-5047-44e3-93c3-5e6ea642a1dc",
	'<=');
INSERT INTO V_VAL
	VALUES ("59180110-9bd7-4c14-b32c-a559c56ef3e9",
	0,
	0,
	101,
	64,
	64,
	0,
	0,
	0,
	0,
	"811f1dd7-74f0-407e-b449-939d0de5ee8d",
	"623da1c5-4e87-4258-a6b9-3305ed1dfd52");
INSERT INTO V_LIN
	VALUES ("59180110-9bd7-4c14-b32c-a559c56ef3e9",
	'6');
INSERT INTO V_VAL
	VALUES ("8d5aa0ae-488a-4a73-8aec-67df39397b81",
	0,
	0,
	-1,
	-1,
	-1,
	0,
	0,
	0,
	0,
	"4e005777-df64-4279-9c02-400e239872b9",
	"623da1c5-4e87-4258-a6b9-3305ed1dfd52");
INSERT INTO V_BIN
	VALUES ("8d5aa0ae-488a-4a73-8aec-67df39397b81",
	"beb127be-9d55-42f3-8e4f-b4ba4b1926f1",
	"9c017a70-e1d8-48c4-a6f3-6975bb8152f5",
	'and');
INSERT INTO V_VAL
	VALUES ("7a71f50f-03ef-42a1-9819-b90a5898fa05",
	0,
	0,
	-1,
	-1,
	-1,
	0,
	0,
	0,
	0,
	"4e005777-df64-4279-9c02-400e239872b9",
	"623da1c5-4e87-4258-a6b9-3305ed1dfd52");
INSERT INTO V_BIN
	VALUES ("7a71f50f-03ef-42a1-9819-b90a5898fa05",
	"8d5aa0ae-488a-4a73-8aec-67df39397b81",
	"d9523e87-f119-4e38-ac35-20b9706d352b",
	'and');
INSERT INTO V_VAL
	VALUES ("36934638-f717-495b-9539-490da05c7639",
	0,
	0,
	104,
	14,
	14,
	0,
	0,
	0,
	0,
	"811f1dd7-74f0-407e-b449-939d0de5ee8d",
	"623da1c5-4e87-4258-a6b9-3305ed1dfd52");
INSERT INTO V_LIN
	VALUES ("36934638-f717-495b-9539-490da05c7639",
	'4');
INSERT INTO V_VAL
	VALUES ("138973fb-c5d5-4eb7-a62d-8633ed59786e",
	0,
	0,
	-1,
	-1,
	-1,
	0,
	0,
	0,
	0,
	"4e005777-df64-4279-9c02-400e239872b9",
	"623da1c5-4e87-4258-a6b9-3305ed1dfd52");
INSERT INTO V_BIN
	VALUES ("138973fb-c5d5-4eb7-a62d-8633ed59786e",
	"1b69a9df-430c-4933-b6d7-1768bbf17271",
	"36934638-f717-495b-9539-490da05c7639",
	'<=');
INSERT INTO V_VAL
	VALUES ("6e7360d8-5de5-4428-8daa-468ebd5528a1",
	0,
	0,
	104,
	19,
	22,
	0,
	0,
	0,
	0,
	"1a2907d2-496f-482d-ba4d-df818f73d6fa",
	"623da1c5-4e87-4258-a6b9-3305ed1dfd52");
INSERT INTO V_IRF
	VALUES ("6e7360d8-5de5-4428-8daa-468ebd5528a1",
	"2d2751ee-5e34-4e7b-a0e7-9d12ad2eaf79");
INSERT INTO V_VAL
	VALUES ("1b69a9df-430c-4933-b6d7-1768bbf17271",
	0,
	0,
	104,
	24,
	33,
	0,
	0,
	0,
	0,
	"811f1dd7-74f0-407e-b449-939d0de5ee8d",
	"623da1c5-4e87-4258-a6b9-3305ed1dfd52");
INSERT INTO V_AVL
	VALUES ("1b69a9df-430c-4933-b6d7-1768bbf17271",
	"6e7360d8-5de5-4428-8daa-468ebd5528a1",
	"e488047e-8d3e-455c-a7e9-29120bad505f",
	"53a62320-a206-4d56-a639-c4592f420548");
INSERT INTO V_VAL
	VALUES ("673bd099-ebfe-4b43-92cf-563c7bd1526d",
	0,
	0,
	104,
	43,
	46,
	0,
	0,
	0,
	0,
	"1a2907d2-496f-482d-ba4d-df818f73d6fa",
	"623da1c5-4e87-4258-a6b9-3305ed1dfd52");
INSERT INTO V_IRF
	VALUES ("673bd099-ebfe-4b43-92cf-563c7bd1526d",
	"2d2751ee-5e34-4e7b-a0e7-9d12ad2eaf79");
INSERT INTO V_VAL
	VALUES ("e186475b-3f09-4db1-a605-6109d6b1baf3",
	0,
	0,
	104,
	48,
	57,
	0,
	0,
	0,
	0,
	"811f1dd7-74f0-407e-b449-939d0de5ee8d",
	"623da1c5-4e87-4258-a6b9-3305ed1dfd52");
INSERT INTO V_AVL
	VALUES ("e186475b-3f09-4db1-a605-6109d6b1baf3",
	"673bd099-ebfe-4b43-92cf-563c7bd1526d",
	"e488047e-8d3e-455c-a7e9-29120bad505f",
	"53a62320-a206-4d56-a639-c4592f420548");
INSERT INTO V_VAL
	VALUES ("e074cd5e-943b-40fe-ba51-58a027e625ac",
	0,
	0,
	-1,
	-1,
	-1,
	0,
	0,
	0,
	0,
	"4e005777-df64-4279-9c02-400e239872b9",
	"623da1c5-4e87-4258-a6b9-3305ed1dfd52");
INSERT INTO V_BIN
	VALUES ("e074cd5e-943b-40fe-ba51-58a027e625ac",
	"ac78cf25-17ee-4bec-b236-bf2250bfdb1e",
	"e186475b-3f09-4db1-a605-6109d6b1baf3",
	'<=');
INSERT INTO V_VAL
	VALUES ("ac78cf25-17ee-4bec-b236-bf2250bfdb1e",
	0,
	0,
	104,
	62,
	62,
	0,
	0,
	0,
	0,
	"811f1dd7-74f0-407e-b449-939d0de5ee8d",
	"623da1c5-4e87-4258-a6b9-3305ed1dfd52");
INSERT INTO V_LIN
	VALUES ("ac78cf25-17ee-4bec-b236-bf2250bfdb1e",
	'6');
INSERT INTO V_VAL
	VALUES ("d8024b91-b73d-4c2f-b174-0713324a5686",
	0,
	0,
	-1,
	-1,
	-1,
	0,
	0,
	0,
	0,
	"4e005777-df64-4279-9c02-400e239872b9",
	"623da1c5-4e87-4258-a6b9-3305ed1dfd52");
INSERT INTO V_BIN
	VALUES ("d8024b91-b73d-4c2f-b174-0713324a5686",
	"e074cd5e-943b-40fe-ba51-58a027e625ac",
	"138973fb-c5d5-4eb7-a62d-8633ed59786e",
	'and');
INSERT INTO V_VAL
	VALUES ("8c88dc5f-bee1-4fe4-aa21-456b9c425b8b",
	0,
	0,
	105,
	8,
	8,
	0,
	0,
	0,
	0,
	"811f1dd7-74f0-407e-b449-939d0de5ee8d",
	"623da1c5-4e87-4258-a6b9-3305ed1dfd52");
INSERT INTO V_LIN
	VALUES ("8c88dc5f-bee1-4fe4-aa21-456b9c425b8b",
	'7');
INSERT INTO V_VAL
	VALUES ("3e0412e8-4ca8-440c-a084-e17ec63cb003",
	0,
	0,
	-1,
	-1,
	-1,
	0,
	0,
	0,
	0,
	"4e005777-df64-4279-9c02-400e239872b9",
	"623da1c5-4e87-4258-a6b9-3305ed1dfd52");
INSERT INTO V_BIN
	VALUES ("3e0412e8-4ca8-440c-a084-e17ec63cb003",
	"843df5df-81c0-4fc8-bdea-70bab2005e7c",
	"8c88dc5f-bee1-4fe4-aa21-456b9c425b8b",
	'<=');
INSERT INTO V_VAL
	VALUES ("11348c72-f135-4510-9055-a47d1fff412f",
	0,
	0,
	105,
	13,
	16,
	0,
	0,
	0,
	0,
	"1a2907d2-496f-482d-ba4d-df818f73d6fa",
	"623da1c5-4e87-4258-a6b9-3305ed1dfd52");
INSERT INTO V_IRF
	VALUES ("11348c72-f135-4510-9055-a47d1fff412f",
	"2d2751ee-5e34-4e7b-a0e7-9d12ad2eaf79");
INSERT INTO V_VAL
	VALUES ("843df5df-81c0-4fc8-bdea-70bab2005e7c",
	0,
	0,
	105,
	18,
	30,
	0,
	0,
	0,
	0,
	"811f1dd7-74f0-407e-b449-939d0de5ee8d",
	"623da1c5-4e87-4258-a6b9-3305ed1dfd52");
INSERT INTO V_AVL
	VALUES ("843df5df-81c0-4fc8-bdea-70bab2005e7c",
	"11348c72-f135-4510-9055-a47d1fff412f",
	"e488047e-8d3e-455c-a7e9-29120bad505f",
	"d132eb18-d364-4962-a2a9-487279251e05");
INSERT INTO V_VAL
	VALUES ("07c2905b-d242-405d-8c59-f501b772db62",
	0,
	0,
	-1,
	-1,
	-1,
	0,
	0,
	0,
	0,
	"4e005777-df64-4279-9c02-400e239872b9",
	"623da1c5-4e87-4258-a6b9-3305ed1dfd52");
INSERT INTO V_BIN
	VALUES ("07c2905b-d242-405d-8c59-f501b772db62",
	"3e0412e8-4ca8-440c-a084-e17ec63cb003",
	"d8024b91-b73d-4c2f-b174-0713324a5686",
	'and');
INSERT INTO V_VAL
	VALUES ("42739234-61cc-4c6e-9182-33cc2df4f53f",
	0,
	0,
	108,
	12,
	12,
	0,
	0,
	0,
	0,
	"811f1dd7-74f0-407e-b449-939d0de5ee8d",
	"623da1c5-4e87-4258-a6b9-3305ed1dfd52");
INSERT INTO V_LIN
	VALUES ("42739234-61cc-4c6e-9182-33cc2df4f53f",
	'7');
INSERT INTO V_VAL
	VALUES ("6535b8af-fbba-4ed2-b75e-d79ca4bda431",
	0,
	0,
	-1,
	-1,
	-1,
	0,
	0,
	0,
	0,
	"4e005777-df64-4279-9c02-400e239872b9",
	"623da1c5-4e87-4258-a6b9-3305ed1dfd52");
INSERT INTO V_BIN
	VALUES ("6535b8af-fbba-4ed2-b75e-d79ca4bda431",
	"64a116e8-9714-420d-9e21-2a85be8a22a9",
	"42739234-61cc-4c6e-9182-33cc2df4f53f",
	'<=');
INSERT INTO V_VAL
	VALUES ("758842d7-7901-4305-8fff-c711f615bef3",
	0,
	0,
	108,
	17,
	20,
	0,
	0,
	0,
	0,
	"1a2907d2-496f-482d-ba4d-df818f73d6fa",
	"623da1c5-4e87-4258-a6b9-3305ed1dfd52");
INSERT INTO V_IRF
	VALUES ("758842d7-7901-4305-8fff-c711f615bef3",
	"2d2751ee-5e34-4e7b-a0e7-9d12ad2eaf79");
INSERT INTO V_VAL
	VALUES ("64a116e8-9714-420d-9e21-2a85be8a22a9",
	0,
	0,
	108,
	22,
	31,
	0,
	0,
	0,
	0,
	"811f1dd7-74f0-407e-b449-939d0de5ee8d",
	"623da1c5-4e87-4258-a6b9-3305ed1dfd52");
INSERT INTO V_AVL
	VALUES ("64a116e8-9714-420d-9e21-2a85be8a22a9",
	"758842d7-7901-4305-8fff-c711f615bef3",
	"e488047e-8d3e-455c-a7e9-29120bad505f",
	"53a62320-a206-4d56-a639-c4592f420548");
INSERT INTO V_VAL
	VALUES ("01fc9839-29b4-487c-a02d-423c8e34b3a9",
	0,
	0,
	109,
	8,
	11,
	0,
	0,
	0,
	0,
	"1a2907d2-496f-482d-ba4d-df818f73d6fa",
	"623da1c5-4e87-4258-a6b9-3305ed1dfd52");
INSERT INTO V_IRF
	VALUES ("01fc9839-29b4-487c-a02d-423c8e34b3a9",
	"2d2751ee-5e34-4e7b-a0e7-9d12ad2eaf79");
INSERT INTO V_VAL
	VALUES ("17f9512c-8a72-4dff-9257-09999428ba86",
	0,
	0,
	109,
	13,
	25,
	0,
	0,
	0,
	0,
	"811f1dd7-74f0-407e-b449-939d0de5ee8d",
	"623da1c5-4e87-4258-a6b9-3305ed1dfd52");
INSERT INTO V_AVL
	VALUES ("17f9512c-8a72-4dff-9257-09999428ba86",
	"01fc9839-29b4-487c-a02d-423c8e34b3a9",
	"e488047e-8d3e-455c-a7e9-29120bad505f",
	"d132eb18-d364-4962-a2a9-487279251e05");
INSERT INTO V_VAL
	VALUES ("adf6dbe7-829f-4137-9a49-d87fcc8394e3",
	0,
	0,
	-1,
	-1,
	-1,
	0,
	0,
	0,
	0,
	"4e005777-df64-4279-9c02-400e239872b9",
	"623da1c5-4e87-4258-a6b9-3305ed1dfd52");
INSERT INTO V_BIN
	VALUES ("adf6dbe7-829f-4137-9a49-d87fcc8394e3",
	"cee56a7e-9534-4007-96e9-c9dd368ea74b",
	"17f9512c-8a72-4dff-9257-09999428ba86",
	'<=');
INSERT INTO V_VAL
	VALUES ("cee56a7e-9534-4007-96e9-c9dd368ea74b",
	0,
	0,
	109,
	30,
	30,
	0,
	0,
	0,
	0,
	"811f1dd7-74f0-407e-b449-939d0de5ee8d",
	"623da1c5-4e87-4258-a6b9-3305ed1dfd52");
INSERT INTO V_LIN
	VALUES ("cee56a7e-9534-4007-96e9-c9dd368ea74b",
	'3');
INSERT INTO V_VAL
	VALUES ("1c7434d1-5f2c-43a0-985e-4cc5aa43cb02",
	0,
	0,
	-1,
	-1,
	-1,
	0,
	0,
	0,
	0,
	"4e005777-df64-4279-9c02-400e239872b9",
	"623da1c5-4e87-4258-a6b9-3305ed1dfd52");
INSERT INTO V_BIN
	VALUES ("1c7434d1-5f2c-43a0-985e-4cc5aa43cb02",
	"adf6dbe7-829f-4137-9a49-d87fcc8394e3",
	"6535b8af-fbba-4ed2-b75e-d79ca4bda431",
	'and');
INSERT INTO V_VAL
	VALUES ("c8892d83-2ec4-4d52-8c46-17f43b24444e",
	0,
	0,
	112,
	12,
	12,
	0,
	0,
	0,
	0,
	"811f1dd7-74f0-407e-b449-939d0de5ee8d",
	"623da1c5-4e87-4258-a6b9-3305ed1dfd52");
INSERT INTO V_LIN
	VALUES ("c8892d83-2ec4-4d52-8c46-17f43b24444e",
	'7');
INSERT INTO V_VAL
	VALUES ("fce64b29-9790-4da6-8f92-c702e6f9e89e",
	0,
	0,
	-1,
	-1,
	-1,
	0,
	0,
	0,
	0,
	"4e005777-df64-4279-9c02-400e239872b9",
	"623da1c5-4e87-4258-a6b9-3305ed1dfd52");
INSERT INTO V_BIN
	VALUES ("fce64b29-9790-4da6-8f92-c702e6f9e89e",
	"5d170544-dec8-47c2-8f77-ad849c516ad4",
	"c8892d83-2ec4-4d52-8c46-17f43b24444e",
	'<=');
INSERT INTO V_VAL
	VALUES ("04629672-86bc-4471-9190-667f1ed004d5",
	0,
	0,
	112,
	17,
	20,
	0,
	0,
	0,
	0,
	"1a2907d2-496f-482d-ba4d-df818f73d6fa",
	"623da1c5-4e87-4258-a6b9-3305ed1dfd52");
INSERT INTO V_IRF
	VALUES ("04629672-86bc-4471-9190-667f1ed004d5",
	"2d2751ee-5e34-4e7b-a0e7-9d12ad2eaf79");
INSERT INTO V_VAL
	VALUES ("5d170544-dec8-47c2-8f77-ad849c516ad4",
	0,
	0,
	112,
	22,
	31,
	0,
	0,
	0,
	0,
	"811f1dd7-74f0-407e-b449-939d0de5ee8d",
	"623da1c5-4e87-4258-a6b9-3305ed1dfd52");
INSERT INTO V_AVL
	VALUES ("5d170544-dec8-47c2-8f77-ad849c516ad4",
	"04629672-86bc-4471-9190-667f1ed004d5",
	"e488047e-8d3e-455c-a7e9-29120bad505f",
	"53a62320-a206-4d56-a639-c4592f420548");
INSERT INTO V_VAL
	VALUES ("4a556d2b-71c0-4ac9-9ce6-63ca71d8751a",
	0,
	0,
	113,
	10,
	10,
	0,
	0,
	0,
	0,
	"811f1dd7-74f0-407e-b449-939d0de5ee8d",
	"623da1c5-4e87-4258-a6b9-3305ed1dfd52");
INSERT INTO V_LIN
	VALUES ("4a556d2b-71c0-4ac9-9ce6-63ca71d8751a",
	'4');
INSERT INTO V_VAL
	VALUES ("96ad8b2c-6fce-47c4-8db8-25f786e87d65",
	0,
	0,
	-1,
	-1,
	-1,
	0,
	0,
	0,
	0,
	"4e005777-df64-4279-9c02-400e239872b9",
	"623da1c5-4e87-4258-a6b9-3305ed1dfd52");
INSERT INTO V_BIN
	VALUES ("96ad8b2c-6fce-47c4-8db8-25f786e87d65",
	"0462a397-91ef-41b3-967e-fd8dc9c23cf6",
	"4a556d2b-71c0-4ac9-9ce6-63ca71d8751a",
	'<=');
INSERT INTO V_VAL
	VALUES ("ddd0ab0d-ab79-4d5d-962a-59bfb7d5a10a",
	0,
	0,
	113,
	15,
	18,
	0,
	0,
	0,
	0,
	"1a2907d2-496f-482d-ba4d-df818f73d6fa",
	"623da1c5-4e87-4258-a6b9-3305ed1dfd52");
INSERT INTO V_IRF
	VALUES ("ddd0ab0d-ab79-4d5d-962a-59bfb7d5a10a",
	"2d2751ee-5e34-4e7b-a0e7-9d12ad2eaf79");
INSERT INTO V_VAL
	VALUES ("0462a397-91ef-41b3-967e-fd8dc9c23cf6",
	0,
	0,
	113,
	20,
	32,
	0,
	0,
	0,
	0,
	"811f1dd7-74f0-407e-b449-939d0de5ee8d",
	"623da1c5-4e87-4258-a6b9-3305ed1dfd52");
INSERT INTO V_AVL
	VALUES ("0462a397-91ef-41b3-967e-fd8dc9c23cf6",
	"ddd0ab0d-ab79-4d5d-962a-59bfb7d5a10a",
	"e488047e-8d3e-455c-a7e9-29120bad505f",
	"d132eb18-d364-4962-a2a9-487279251e05");
INSERT INTO V_VAL
	VALUES ("a79c25d7-2635-43cd-902c-d723f0022450",
	0,
	0,
	113,
	42,
	45,
	0,
	0,
	0,
	0,
	"1a2907d2-496f-482d-ba4d-df818f73d6fa",
	"623da1c5-4e87-4258-a6b9-3305ed1dfd52");
INSERT INTO V_IRF
	VALUES ("a79c25d7-2635-43cd-902c-d723f0022450",
	"2d2751ee-5e34-4e7b-a0e7-9d12ad2eaf79");
INSERT INTO V_VAL
	VALUES ("d93309f6-a72a-4ad6-852a-803a4bf9cd74",
	0,
	0,
	113,
	47,
	59,
	0,
	0,
	0,
	0,
	"811f1dd7-74f0-407e-b449-939d0de5ee8d",
	"623da1c5-4e87-4258-a6b9-3305ed1dfd52");
INSERT INTO V_AVL
	VALUES ("d93309f6-a72a-4ad6-852a-803a4bf9cd74",
	"a79c25d7-2635-43cd-902c-d723f0022450",
	"e488047e-8d3e-455c-a7e9-29120bad505f",
	"d132eb18-d364-4962-a2a9-487279251e05");
INSERT INTO V_VAL
	VALUES ("3d88d206-b04c-4fa7-9100-662f8fc275bd",
	0,
	0,
	-1,
	-1,
	-1,
	0,
	0,
	0,
	0,
	"4e005777-df64-4279-9c02-400e239872b9",
	"623da1c5-4e87-4258-a6b9-3305ed1dfd52");
INSERT INTO V_BIN
	VALUES ("3d88d206-b04c-4fa7-9100-662f8fc275bd",
	"1e2cc0bf-32ac-4158-b078-93c2985b7b24",
	"d93309f6-a72a-4ad6-852a-803a4bf9cd74",
	'<=');
INSERT INTO V_VAL
	VALUES ("1e2cc0bf-32ac-4158-b078-93c2985b7b24",
	0,
	0,
	113,
	64,
	64,
	0,
	0,
	0,
	0,
	"811f1dd7-74f0-407e-b449-939d0de5ee8d",
	"623da1c5-4e87-4258-a6b9-3305ed1dfd52");
INSERT INTO V_LIN
	VALUES ("1e2cc0bf-32ac-4158-b078-93c2985b7b24",
	'6');
INSERT INTO V_VAL
	VALUES ("14bece58-692d-4545-baf8-75a52e6d8f96",
	0,
	0,
	-1,
	-1,
	-1,
	0,
	0,
	0,
	0,
	"4e005777-df64-4279-9c02-400e239872b9",
	"623da1c5-4e87-4258-a6b9-3305ed1dfd52");
INSERT INTO V_BIN
	VALUES ("14bece58-692d-4545-baf8-75a52e6d8f96",
	"3d88d206-b04c-4fa7-9100-662f8fc275bd",
	"96ad8b2c-6fce-47c4-8db8-25f786e87d65",
	'and');
INSERT INTO V_VAL
	VALUES ("2e7dde95-bd8d-4358-a1c7-50a1d8335170",
	0,
	0,
	-1,
	-1,
	-1,
	0,
	0,
	0,
	0,
	"4e005777-df64-4279-9c02-400e239872b9",
	"623da1c5-4e87-4258-a6b9-3305ed1dfd52");
INSERT INTO V_BIN
	VALUES ("2e7dde95-bd8d-4358-a1c7-50a1d8335170",
	"14bece58-692d-4545-baf8-75a52e6d8f96",
	"fce64b29-9790-4da6-8f92-c702e6f9e89e",
	'and');
INSERT INTO V_VAL
	VALUES ("bc615b0b-024b-412d-b7b0-fc04fda0a893",
	0,
	0,
	116,
	12,
	12,
	0,
	0,
	0,
	0,
	"811f1dd7-74f0-407e-b449-939d0de5ee8d",
	"623da1c5-4e87-4258-a6b9-3305ed1dfd52");
INSERT INTO V_LIN
	VALUES ("bc615b0b-024b-412d-b7b0-fc04fda0a893",
	'7');
INSERT INTO V_VAL
	VALUES ("7f659f96-7428-429f-ab39-763a8f4b079c",
	0,
	0,
	-1,
	-1,
	-1,
	0,
	0,
	0,
	0,
	"4e005777-df64-4279-9c02-400e239872b9",
	"623da1c5-4e87-4258-a6b9-3305ed1dfd52");
INSERT INTO V_BIN
	VALUES ("7f659f96-7428-429f-ab39-763a8f4b079c",
	"33bd8ff3-75b5-474f-bad4-c7bd907c030a",
	"bc615b0b-024b-412d-b7b0-fc04fda0a893",
	'<=');
INSERT INTO V_VAL
	VALUES ("2bc2ff24-9ab3-40e9-b6c1-b10595969836",
	0,
	0,
	116,
	17,
	20,
	0,
	0,
	0,
	0,
	"1a2907d2-496f-482d-ba4d-df818f73d6fa",
	"623da1c5-4e87-4258-a6b9-3305ed1dfd52");
INSERT INTO V_IRF
	VALUES ("2bc2ff24-9ab3-40e9-b6c1-b10595969836",
	"2d2751ee-5e34-4e7b-a0e7-9d12ad2eaf79");
INSERT INTO V_VAL
	VALUES ("33bd8ff3-75b5-474f-bad4-c7bd907c030a",
	0,
	0,
	116,
	22,
	31,
	0,
	0,
	0,
	0,
	"811f1dd7-74f0-407e-b449-939d0de5ee8d",
	"623da1c5-4e87-4258-a6b9-3305ed1dfd52");
INSERT INTO V_AVL
	VALUES ("33bd8ff3-75b5-474f-bad4-c7bd907c030a",
	"2bc2ff24-9ab3-40e9-b6c1-b10595969836",
	"e488047e-8d3e-455c-a7e9-29120bad505f",
	"53a62320-a206-4d56-a639-c4592f420548");
INSERT INTO V_VAL
	VALUES ("3c5ffdf3-2ba5-42bc-8759-cdced634a0b4",
	0,
	0,
	117,
	8,
	8,
	0,
	0,
	0,
	0,
	"811f1dd7-74f0-407e-b449-939d0de5ee8d",
	"623da1c5-4e87-4258-a6b9-3305ed1dfd52");
INSERT INTO V_LIN
	VALUES ("3c5ffdf3-2ba5-42bc-8759-cdced634a0b4",
	'7');
INSERT INTO V_VAL
	VALUES ("75f0012a-d57c-41cf-8a93-9dafa75a8a5f",
	0,
	0,
	-1,
	-1,
	-1,
	0,
	0,
	0,
	0,
	"4e005777-df64-4279-9c02-400e239872b9",
	"623da1c5-4e87-4258-a6b9-3305ed1dfd52");
INSERT INTO V_BIN
	VALUES ("75f0012a-d57c-41cf-8a93-9dafa75a8a5f",
	"2793df53-3699-4784-9cbb-efc645b0f760",
	"3c5ffdf3-2ba5-42bc-8759-cdced634a0b4",
	'<=');
INSERT INTO V_VAL
	VALUES ("8fdcbaf7-2d91-4dd8-90d3-e1639825a2f1",
	0,
	0,
	117,
	13,
	16,
	0,
	0,
	0,
	0,
	"1a2907d2-496f-482d-ba4d-df818f73d6fa",
	"623da1c5-4e87-4258-a6b9-3305ed1dfd52");
INSERT INTO V_IRF
	VALUES ("8fdcbaf7-2d91-4dd8-90d3-e1639825a2f1",
	"2d2751ee-5e34-4e7b-a0e7-9d12ad2eaf79");
INSERT INTO V_VAL
	VALUES ("2793df53-3699-4784-9cbb-efc645b0f760",
	0,
	0,
	117,
	18,
	30,
	0,
	0,
	0,
	0,
	"811f1dd7-74f0-407e-b449-939d0de5ee8d",
	"623da1c5-4e87-4258-a6b9-3305ed1dfd52");
INSERT INTO V_AVL
	VALUES ("2793df53-3699-4784-9cbb-efc645b0f760",
	"8fdcbaf7-2d91-4dd8-90d3-e1639825a2f1",
	"e488047e-8d3e-455c-a7e9-29120bad505f",
	"d132eb18-d364-4962-a2a9-487279251e05");
INSERT INTO V_VAL
	VALUES ("39b1c905-50ef-423c-87b7-5ead9d1d80c5",
	0,
	0,
	-1,
	-1,
	-1,
	0,
	0,
	0,
	0,
	"4e005777-df64-4279-9c02-400e239872b9",
	"623da1c5-4e87-4258-a6b9-3305ed1dfd52");
INSERT INTO V_BIN
	VALUES ("39b1c905-50ef-423c-87b7-5ead9d1d80c5",
	"75f0012a-d57c-41cf-8a93-9dafa75a8a5f",
	"7f659f96-7428-429f-ab39-763a8f4b079c",
	'and');
INSERT INTO ACT_BLK
	VALUES ("c64a07ad-a4e1-48d0-83aa-1b47b8b9c14f",
	1,
	0,
	1,
	'',
	'',
	'',
	87,
	5,
	86,
	38,
	0,
	0,
	87,
	31,
	0,
	0,
	0,
	0,
	0,
	"53d97387-cd3a-47b0-a198-70bcc78aa2cf",
	"00000000-0000-0000-0000-000000000000");
INSERT INTO ACT_SMT
	VALUES ("00e889d0-7d72-4516-a28b-afa65f7b667a",
	"c64a07ad-a4e1-48d0-83aa-1b47b8b9c14f",
	"9dbfbb03-d25e-4b15-a6fb-63f611c79b18",
	86,
	5,
	'setup line: 86');
INSERT INTO ACT_FIW
	VALUES ("00e889d0-7d72-4516-a28b-afa65f7b667a",
	"92cb1cea-db37-4d64-bf12-839b835c56c0",
	1,
	'any',
	"6fd45d33-42df-4630-97a9-2bff81c2b380",
	"83fd5a00-5820-4fb5-ade7-97f8217b945f",
	86,
	38);
INSERT INTO ACT_SMT
	VALUES ("9dbfbb03-d25e-4b15-a6fb-63f611c79b18",
	"c64a07ad-a4e1-48d0-83aa-1b47b8b9c14f",
	"00000000-0000-0000-0000-000000000000",
	87,
	5,
	'setup line: 87');
INSERT INTO ACT_REL
	VALUES ("9dbfbb03-d25e-4b15-a6fb-63f611c79b18",
	"2d2751ee-5e34-4e7b-a0e7-9d12ad2eaf79",
	"92cb1cea-db37-4d64-bf12-839b835c56c0",
	'',
	"e6cf2b93-d27e-4c83-a459-4307f3d2ce43",
	87,
	31,
	0,
	0);
INSERT INTO V_VAL
	VALUES ("3df841fd-95ea-4f27-8773-9bc73ba71000",
	0,
	0,
	86,
	50,
	-1,
	0,
	0,
	0,
	0,
	"1a2907d2-496f-482d-ba4d-df818f73d6fa",
	"c64a07ad-a4e1-48d0-83aa-1b47b8b9c14f");
INSERT INTO V_SLR
	VALUES ("3df841fd-95ea-4f27-8773-9bc73ba71000",
	"00000000-0000-0000-0000-000000000000",
	"00000000-0000-0000-0000-000000000000",
	"00000000-0000-0000-0000-000000000000");
INSERT INTO V_VAL
	VALUES ("f1d09eba-3a54-43d6-9628-556a6dbf47f4",
	0,
	0,
	86,
	59,
	64,
	0,
	0,
	0,
	0,
	"811f1dd7-74f0-407e-b449-939d0de5ee8d",
	"c64a07ad-a4e1-48d0-83aa-1b47b8b9c14f");
INSERT INTO V_AVL
	VALUES ("f1d09eba-3a54-43d6-9628-556a6dbf47f4",
	"3df841fd-95ea-4f27-8773-9bc73ba71000",
	"83fd5a00-5820-4fb5-ade7-97f8217b945f",
	"f53a8993-9b73-4be5-b107-ad96fb5601d1");
INSERT INTO V_VAL
	VALUES ("6fd45d33-42df-4630-97a9-2bff81c2b380",
	0,
	0,
	-1,
	-1,
	-1,
	0,
	0,
	0,
	0,
	"4e005777-df64-4279-9c02-400e239872b9",
	"c64a07ad-a4e1-48d0-83aa-1b47b8b9c14f");
INSERT INTO V_BIN
	VALUES ("6fd45d33-42df-4630-97a9-2bff81c2b380",
	"ad552c79-a44e-40b9-871e-50dbf1e8e94b",
	"f1d09eba-3a54-43d6-9628-556a6dbf47f4",
	'==');
INSERT INTO V_VAL
	VALUES ("ad552c79-a44e-40b9-871e-50dbf1e8e94b",
	0,
	0,
	86,
	69,
	69,
	0,
	0,
	0,
	0,
	"811f1dd7-74f0-407e-b449-939d0de5ee8d",
	"c64a07ad-a4e1-48d0-83aa-1b47b8b9c14f");
INSERT INTO V_LIN
	VALUES ("ad552c79-a44e-40b9-871e-50dbf1e8e94b",
	'1');
INSERT INTO V_VAR
	VALUES ("92cb1cea-db37-4d64-bf12-839b835c56c0",
	"c64a07ad-a4e1-48d0-83aa-1b47b8b9c14f",
	'box',
	1,
	"1a2907d2-496f-482d-ba4d-df818f73d6fa");
INSERT INTO V_INT
	VALUES ("92cb1cea-db37-4d64-bf12-839b835c56c0",
	0,
	"83fd5a00-5820-4fb5-ade7-97f8217b945f");
INSERT INTO V_LOC
	VALUES ("e3193561-5e94-403b-921c-acfddd09bdd8",
	86,
	16,
	18,
	"92cb1cea-db37-4d64-bf12-839b835c56c0");
INSERT INTO V_LOC
	VALUES ("57a26af8-4d22-442a-a2ef-360ae2573594",
	87,
	20,
	22,
	"92cb1cea-db37-4d64-bf12-839b835c56c0");
INSERT INTO ACT_BLK
	VALUES ("141ea9b3-2ee9-4d35-b2a4-caf972a82695",
	1,
	0,
	1,
	'',
	'',
	'',
	91,
	5,
	90,
	38,
	0,
	0,
	91,
	31,
	0,
	0,
	0,
	0,
	0,
	"53d97387-cd3a-47b0-a198-70bcc78aa2cf",
	"00000000-0000-0000-0000-000000000000");
INSERT INTO ACT_SMT
	VALUES ("f619e2ee-4101-4842-b75c-759997439d5e",
	"141ea9b3-2ee9-4d35-b2a4-caf972a82695",
	"6e2fdaa6-d070-4aa8-a399-dcfab41c1423",
	90,
	5,
	'setup line: 90');
INSERT INTO ACT_FIW
	VALUES ("f619e2ee-4101-4842-b75c-759997439d5e",
	"4dabe558-8867-405f-ba61-a87dd852b6db",
	1,
	'any',
	"d35ca684-1631-4fbc-8ff2-6af19e31d910",
	"83fd5a00-5820-4fb5-ade7-97f8217b945f",
	90,
	38);
INSERT INTO ACT_SMT
	VALUES ("6e2fdaa6-d070-4aa8-a399-dcfab41c1423",
	"141ea9b3-2ee9-4d35-b2a4-caf972a82695",
	"00000000-0000-0000-0000-000000000000",
	91,
	5,
	'setup line: 91');
INSERT INTO ACT_REL
	VALUES ("6e2fdaa6-d070-4aa8-a399-dcfab41c1423",
	"2d2751ee-5e34-4e7b-a0e7-9d12ad2eaf79",
	"4dabe558-8867-405f-ba61-a87dd852b6db",
	'',
	"e6cf2b93-d27e-4c83-a459-4307f3d2ce43",
	91,
	31,
	0,
	0);
INSERT INTO V_VAL
	VALUES ("9e590837-0ec3-4c6c-8be0-51f40ec4e925",
	0,
	0,
	90,
	50,
	-1,
	0,
	0,
	0,
	0,
	"1a2907d2-496f-482d-ba4d-df818f73d6fa",
	"141ea9b3-2ee9-4d35-b2a4-caf972a82695");
INSERT INTO V_SLR
	VALUES ("9e590837-0ec3-4c6c-8be0-51f40ec4e925",
	"00000000-0000-0000-0000-000000000000",
	"00000000-0000-0000-0000-000000000000",
	"00000000-0000-0000-0000-000000000000");
INSERT INTO V_VAL
	VALUES ("e5428c42-af1f-4e3f-a8c1-ad9b0f618c50",
	0,
	0,
	90,
	59,
	64,
	0,
	0,
	0,
	0,
	"811f1dd7-74f0-407e-b449-939d0de5ee8d",
	"141ea9b3-2ee9-4d35-b2a4-caf972a82695");
INSERT INTO V_AVL
	VALUES ("e5428c42-af1f-4e3f-a8c1-ad9b0f618c50",
	"9e590837-0ec3-4c6c-8be0-51f40ec4e925",
	"83fd5a00-5820-4fb5-ade7-97f8217b945f",
	"f53a8993-9b73-4be5-b107-ad96fb5601d1");
INSERT INTO V_VAL
	VALUES ("d35ca684-1631-4fbc-8ff2-6af19e31d910",
	0,
	0,
	-1,
	-1,
	-1,
	0,
	0,
	0,
	0,
	"4e005777-df64-4279-9c02-400e239872b9",
	"141ea9b3-2ee9-4d35-b2a4-caf972a82695");
INSERT INTO V_BIN
	VALUES ("d35ca684-1631-4fbc-8ff2-6af19e31d910",
	"8e905500-3fd9-4a18-812c-b81e58efa5ac",
	"e5428c42-af1f-4e3f-a8c1-ad9b0f618c50",
	'==');
INSERT INTO V_VAL
	VALUES ("8e905500-3fd9-4a18-812c-b81e58efa5ac",
	0,
	0,
	90,
	69,
	69,
	0,
	0,
	0,
	0,
	"811f1dd7-74f0-407e-b449-939d0de5ee8d",
	"141ea9b3-2ee9-4d35-b2a4-caf972a82695");
INSERT INTO V_LIN
	VALUES ("8e905500-3fd9-4a18-812c-b81e58efa5ac",
	'2');
INSERT INTO V_VAR
	VALUES ("4dabe558-8867-405f-ba61-a87dd852b6db",
	"141ea9b3-2ee9-4d35-b2a4-caf972a82695",
	'box',
	1,
	"1a2907d2-496f-482d-ba4d-df818f73d6fa");
INSERT INTO V_INT
	VALUES ("4dabe558-8867-405f-ba61-a87dd852b6db",
	0,
	"83fd5a00-5820-4fb5-ade7-97f8217b945f");
INSERT INTO V_LOC
	VALUES ("daf36d00-987c-4f18-90a2-5d5b59adf91e",
	90,
	16,
	18,
	"4dabe558-8867-405f-ba61-a87dd852b6db");
INSERT INTO V_LOC
	VALUES ("574204f7-297e-4008-a6b8-b91d0169fcdf",
	91,
	20,
	22,
	"4dabe558-8867-405f-ba61-a87dd852b6db");
INSERT INTO ACT_BLK
	VALUES ("9304936e-3700-477b-b68a-c90912a9b912",
	1,
	0,
	1,
	'',
	'',
	'',
	95,
	5,
	94,
	38,
	0,
	0,
	95,
	31,
	0,
	0,
	0,
	0,
	0,
	"53d97387-cd3a-47b0-a198-70bcc78aa2cf",
	"00000000-0000-0000-0000-000000000000");
INSERT INTO ACT_SMT
	VALUES ("65f6f78b-adaa-47af-b341-a41647f6795e",
	"9304936e-3700-477b-b68a-c90912a9b912",
	"6d2afc81-302a-42b6-8a38-ef67623b9cb4",
	94,
	5,
	'setup line: 94');
INSERT INTO ACT_FIW
	VALUES ("65f6f78b-adaa-47af-b341-a41647f6795e",
	"3d80cb15-3bab-4905-8a76-64e6d1dc8652",
	1,
	'any',
	"0de78875-90d7-4ec0-9a1e-959f04005c4c",
	"83fd5a00-5820-4fb5-ade7-97f8217b945f",
	94,
	38);
INSERT INTO ACT_SMT
	VALUES ("6d2afc81-302a-42b6-8a38-ef67623b9cb4",
	"9304936e-3700-477b-b68a-c90912a9b912",
	"00000000-0000-0000-0000-000000000000",
	95,
	5,
	'setup line: 95');
INSERT INTO ACT_REL
	VALUES ("6d2afc81-302a-42b6-8a38-ef67623b9cb4",
	"2d2751ee-5e34-4e7b-a0e7-9d12ad2eaf79",
	"3d80cb15-3bab-4905-8a76-64e6d1dc8652",
	'',
	"e6cf2b93-d27e-4c83-a459-4307f3d2ce43",
	95,
	31,
	0,
	0);
INSERT INTO V_VAL
	VALUES ("3c3f2a60-7417-441b-abf2-d87b657256e5",
	0,
	0,
	94,
	50,
	-1,
	0,
	0,
	0,
	0,
	"1a2907d2-496f-482d-ba4d-df818f73d6fa",
	"9304936e-3700-477b-b68a-c90912a9b912");
INSERT INTO V_SLR
	VALUES ("3c3f2a60-7417-441b-abf2-d87b657256e5",
	"00000000-0000-0000-0000-000000000000",
	"00000000-0000-0000-0000-000000000000",
	"00000000-0000-0000-0000-000000000000");
INSERT INTO V_VAL
	VALUES ("91c0cc5c-e887-4368-aacf-97a74b4e488b",
	0,
	0,
	94,
	59,
	64,
	0,
	0,
	0,
	0,
	"811f1dd7-74f0-407e-b449-939d0de5ee8d",
	"9304936e-3700-477b-b68a-c90912a9b912");
INSERT INTO V_AVL
	VALUES ("91c0cc5c-e887-4368-aacf-97a74b4e488b",
	"3c3f2a60-7417-441b-abf2-d87b657256e5",
	"83fd5a00-5820-4fb5-ade7-97f8217b945f",
	"f53a8993-9b73-4be5-b107-ad96fb5601d1");
INSERT INTO V_VAL
	VALUES ("0de78875-90d7-4ec0-9a1e-959f04005c4c",
	0,
	0,
	-1,
	-1,
	-1,
	0,
	0,
	0,
	0,
	"4e005777-df64-4279-9c02-400e239872b9",
	"9304936e-3700-477b-b68a-c90912a9b912");
INSERT INTO V_BIN
	VALUES ("0de78875-90d7-4ec0-9a1e-959f04005c4c",
	"c5951289-cfb8-46bb-8007-a0881f3c6ca0",
	"91c0cc5c-e887-4368-aacf-97a74b4e488b",
	'==');
INSERT INTO V_VAL
	VALUES ("c5951289-cfb8-46bb-8007-a0881f3c6ca0",
	0,
	0,
	94,
	69,
	69,
	0,
	0,
	0,
	0,
	"811f1dd7-74f0-407e-b449-939d0de5ee8d",
	"9304936e-3700-477b-b68a-c90912a9b912");
INSERT INTO V_LIN
	VALUES ("c5951289-cfb8-46bb-8007-a0881f3c6ca0",
	'3');
INSERT INTO V_VAR
	VALUES ("3d80cb15-3bab-4905-8a76-64e6d1dc8652",
	"9304936e-3700-477b-b68a-c90912a9b912",
	'box',
	1,
	"1a2907d2-496f-482d-ba4d-df818f73d6fa");
INSERT INTO V_INT
	VALUES ("3d80cb15-3bab-4905-8a76-64e6d1dc8652",
	0,
	"83fd5a00-5820-4fb5-ade7-97f8217b945f");
INSERT INTO V_LOC
	VALUES ("68793749-48b6-4f56-a988-bcb166eb9b62",
	94,
	16,
	18,
	"3d80cb15-3bab-4905-8a76-64e6d1dc8652");
INSERT INTO V_LOC
	VALUES ("3c9db432-d126-4cf7-b8bc-e7c9f9e13c35",
	95,
	20,
	22,
	"3d80cb15-3bab-4905-8a76-64e6d1dc8652");
INSERT INTO ACT_BLK
	VALUES ("b2288b74-2f81-48bb-901c-0ccf3d8b77a0",
	1,
	0,
	1,
	'',
	'',
	'',
	99,
	5,
	98,
	38,
	0,
	0,
	99,
	31,
	0,
	0,
	0,
	0,
	0,
	"53d97387-cd3a-47b0-a198-70bcc78aa2cf",
	"00000000-0000-0000-0000-000000000000");
INSERT INTO ACT_SMT
	VALUES ("8a176f11-d0e0-4180-9ed4-9becf9141d79",
	"b2288b74-2f81-48bb-901c-0ccf3d8b77a0",
	"a6933ada-22f7-448f-baa9-4e2ebbbb02cc",
	98,
	5,
	'setup line: 98');
INSERT INTO ACT_FIW
	VALUES ("8a176f11-d0e0-4180-9ed4-9becf9141d79",
	"b509ee04-13a2-45d9-b360-9d79ef60fca3",
	1,
	'any',
	"d83d20b6-a1af-4d6c-87aa-d39b7ce1fb6d",
	"83fd5a00-5820-4fb5-ade7-97f8217b945f",
	98,
	38);
INSERT INTO ACT_SMT
	VALUES ("a6933ada-22f7-448f-baa9-4e2ebbbb02cc",
	"b2288b74-2f81-48bb-901c-0ccf3d8b77a0",
	"00000000-0000-0000-0000-000000000000",
	99,
	5,
	'setup line: 99');
INSERT INTO ACT_REL
	VALUES ("a6933ada-22f7-448f-baa9-4e2ebbbb02cc",
	"2d2751ee-5e34-4e7b-a0e7-9d12ad2eaf79",
	"b509ee04-13a2-45d9-b360-9d79ef60fca3",
	'',
	"e6cf2b93-d27e-4c83-a459-4307f3d2ce43",
	99,
	31,
	0,
	0);
INSERT INTO V_VAL
	VALUES ("6f9f6d46-4c04-4831-b993-6eb6ec4be3fa",
	0,
	0,
	98,
	50,
	-1,
	0,
	0,
	0,
	0,
	"1a2907d2-496f-482d-ba4d-df818f73d6fa",
	"b2288b74-2f81-48bb-901c-0ccf3d8b77a0");
INSERT INTO V_SLR
	VALUES ("6f9f6d46-4c04-4831-b993-6eb6ec4be3fa",
	"00000000-0000-0000-0000-000000000000",
	"00000000-0000-0000-0000-000000000000",
	"00000000-0000-0000-0000-000000000000");
INSERT INTO V_VAL
	VALUES ("dd63d812-5a0e-4ba5-a7ee-f9b80568df09",
	0,
	0,
	98,
	59,
	64,
	0,
	0,
	0,
	0,
	"811f1dd7-74f0-407e-b449-939d0de5ee8d",
	"b2288b74-2f81-48bb-901c-0ccf3d8b77a0");
INSERT INTO V_AVL
	VALUES ("dd63d812-5a0e-4ba5-a7ee-f9b80568df09",
	"6f9f6d46-4c04-4831-b993-6eb6ec4be3fa",
	"83fd5a00-5820-4fb5-ade7-97f8217b945f",
	"f53a8993-9b73-4be5-b107-ad96fb5601d1");
INSERT INTO V_VAL
	VALUES ("d83d20b6-a1af-4d6c-87aa-d39b7ce1fb6d",
	0,
	0,
	-1,
	-1,
	-1,
	0,
	0,
	0,
	0,
	"4e005777-df64-4279-9c02-400e239872b9",
	"b2288b74-2f81-48bb-901c-0ccf3d8b77a0");
INSERT INTO V_BIN
	VALUES ("d83d20b6-a1af-4d6c-87aa-d39b7ce1fb6d",
	"1ff3c5ee-381a-499a-8859-0815029aeafe",
	"dd63d812-5a0e-4ba5-a7ee-f9b80568df09",
	'==');
INSERT INTO V_VAL
	VALUES ("1ff3c5ee-381a-499a-8859-0815029aeafe",
	0,
	0,
	98,
	69,
	69,
	0,
	0,
	0,
	0,
	"811f1dd7-74f0-407e-b449-939d0de5ee8d",
	"b2288b74-2f81-48bb-901c-0ccf3d8b77a0");
INSERT INTO V_LIN
	VALUES ("1ff3c5ee-381a-499a-8859-0815029aeafe",
	'4');
INSERT INTO V_VAR
	VALUES ("b509ee04-13a2-45d9-b360-9d79ef60fca3",
	"b2288b74-2f81-48bb-901c-0ccf3d8b77a0",
	'box',
	1,
	"1a2907d2-496f-482d-ba4d-df818f73d6fa");
INSERT INTO V_INT
	VALUES ("b509ee04-13a2-45d9-b360-9d79ef60fca3",
	0,
	"83fd5a00-5820-4fb5-ade7-97f8217b945f");
INSERT INTO V_LOC
	VALUES ("7953447d-a83e-4841-bf68-a22a0541aa62",
	98,
	16,
	18,
	"b509ee04-13a2-45d9-b360-9d79ef60fca3");
INSERT INTO V_LOC
	VALUES ("e2ad139d-2885-4c3c-bc60-65aa5bbea377",
	99,
	20,
	22,
	"b509ee04-13a2-45d9-b360-9d79ef60fca3");
INSERT INTO ACT_BLK
	VALUES ("59d76db3-9a9f-4ee4-aa63-b781d6cd6c00",
	1,
	0,
	1,
	'',
	'',
	'',
	103,
	5,
	102,
	38,
	0,
	0,
	103,
	31,
	0,
	0,
	0,
	0,
	0,
	"53d97387-cd3a-47b0-a198-70bcc78aa2cf",
	"00000000-0000-0000-0000-000000000000");
INSERT INTO ACT_SMT
	VALUES ("e97c84b9-9245-44f4-a7e9-e2ea6ff470cf",
	"59d76db3-9a9f-4ee4-aa63-b781d6cd6c00",
	"318292f3-2e23-47bb-9cc9-6e3e5a0325ca",
	102,
	5,
	'setup line: 102');
INSERT INTO ACT_FIW
	VALUES ("e97c84b9-9245-44f4-a7e9-e2ea6ff470cf",
	"f0265c7d-c5de-4459-8578-3064f1c3213f",
	1,
	'any',
	"e43647b6-f94a-4d82-a018-a4f97bbb89d2",
	"83fd5a00-5820-4fb5-ade7-97f8217b945f",
	102,
	38);
INSERT INTO ACT_SMT
	VALUES ("318292f3-2e23-47bb-9cc9-6e3e5a0325ca",
	"59d76db3-9a9f-4ee4-aa63-b781d6cd6c00",
	"00000000-0000-0000-0000-000000000000",
	103,
	5,
	'setup line: 103');
INSERT INTO ACT_REL
	VALUES ("318292f3-2e23-47bb-9cc9-6e3e5a0325ca",
	"2d2751ee-5e34-4e7b-a0e7-9d12ad2eaf79",
	"f0265c7d-c5de-4459-8578-3064f1c3213f",
	'',
	"e6cf2b93-d27e-4c83-a459-4307f3d2ce43",
	103,
	31,
	0,
	0);
INSERT INTO V_VAL
	VALUES ("350daad2-e6c7-48de-8242-78672ed1a08b",
	0,
	0,
	102,
	50,
	-1,
	0,
	0,
	0,
	0,
	"1a2907d2-496f-482d-ba4d-df818f73d6fa",
	"59d76db3-9a9f-4ee4-aa63-b781d6cd6c00");
INSERT INTO V_SLR
	VALUES ("350daad2-e6c7-48de-8242-78672ed1a08b",
	"00000000-0000-0000-0000-000000000000",
	"00000000-0000-0000-0000-000000000000",
	"00000000-0000-0000-0000-000000000000");
INSERT INTO V_VAL
	VALUES ("64fa3bad-dbff-4a34-9184-dca4a7425bcc",
	0,
	0,
	102,
	59,
	64,
	0,
	0,
	0,
	0,
	"811f1dd7-74f0-407e-b449-939d0de5ee8d",
	"59d76db3-9a9f-4ee4-aa63-b781d6cd6c00");
INSERT INTO V_AVL
	VALUES ("64fa3bad-dbff-4a34-9184-dca4a7425bcc",
	"350daad2-e6c7-48de-8242-78672ed1a08b",
	"83fd5a00-5820-4fb5-ade7-97f8217b945f",
	"f53a8993-9b73-4be5-b107-ad96fb5601d1");
INSERT INTO V_VAL
	VALUES ("e43647b6-f94a-4d82-a018-a4f97bbb89d2",
	0,
	0,
	-1,
	-1,
	-1,
	0,
	0,
	0,
	0,
	"4e005777-df64-4279-9c02-400e239872b9",
	"59d76db3-9a9f-4ee4-aa63-b781d6cd6c00");
INSERT INTO V_BIN
	VALUES ("e43647b6-f94a-4d82-a018-a4f97bbb89d2",
	"fe71fb03-12b6-4df9-9dec-a4500e6f3495",
	"64fa3bad-dbff-4a34-9184-dca4a7425bcc",
	'==');
INSERT INTO V_VAL
	VALUES ("fe71fb03-12b6-4df9-9dec-a4500e6f3495",
	0,
	0,
	102,
	69,
	69,
	0,
	0,
	0,
	0,
	"811f1dd7-74f0-407e-b449-939d0de5ee8d",
	"59d76db3-9a9f-4ee4-aa63-b781d6cd6c00");
INSERT INTO V_LIN
	VALUES ("fe71fb03-12b6-4df9-9dec-a4500e6f3495",
	'5');
INSERT INTO V_VAR
	VALUES ("f0265c7d-c5de-4459-8578-3064f1c3213f",
	"59d76db3-9a9f-4ee4-aa63-b781d6cd6c00",
	'box',
	1,
	"1a2907d2-496f-482d-ba4d-df818f73d6fa");
INSERT INTO V_INT
	VALUES ("f0265c7d-c5de-4459-8578-3064f1c3213f",
	0,
	"83fd5a00-5820-4fb5-ade7-97f8217b945f");
INSERT INTO V_LOC
	VALUES ("92e308f9-3544-4457-bb3a-31379c01b046",
	102,
	16,
	18,
	"f0265c7d-c5de-4459-8578-3064f1c3213f");
INSERT INTO V_LOC
	VALUES ("f41aecd0-6d46-4b21-b4ed-5fa7060841ef",
	103,
	20,
	22,
	"f0265c7d-c5de-4459-8578-3064f1c3213f");
INSERT INTO ACT_BLK
	VALUES ("32b80911-41af-4b19-aebf-f8998b0186fc",
	1,
	0,
	1,
	'',
	'',
	'',
	107,
	5,
	106,
	38,
	0,
	0,
	107,
	31,
	0,
	0,
	0,
	0,
	0,
	"53d97387-cd3a-47b0-a198-70bcc78aa2cf",
	"00000000-0000-0000-0000-000000000000");
INSERT INTO ACT_SMT
	VALUES ("99c1e3e0-1278-4bac-a591-30decf281012",
	"32b80911-41af-4b19-aebf-f8998b0186fc",
	"9eed7786-b945-46bb-a240-deefa7034aea",
	106,
	5,
	'setup line: 106');
INSERT INTO ACT_FIW
	VALUES ("99c1e3e0-1278-4bac-a591-30decf281012",
	"68fbab55-22f8-4418-b85c-10b17dc465e0",
	1,
	'any',
	"aaf7c1f1-bc97-421b-8107-9de8f8983b41",
	"83fd5a00-5820-4fb5-ade7-97f8217b945f",
	106,
	38);
INSERT INTO ACT_SMT
	VALUES ("9eed7786-b945-46bb-a240-deefa7034aea",
	"32b80911-41af-4b19-aebf-f8998b0186fc",
	"00000000-0000-0000-0000-000000000000",
	107,
	5,
	'setup line: 107');
INSERT INTO ACT_REL
	VALUES ("9eed7786-b945-46bb-a240-deefa7034aea",
	"2d2751ee-5e34-4e7b-a0e7-9d12ad2eaf79",
	"68fbab55-22f8-4418-b85c-10b17dc465e0",
	'',
	"e6cf2b93-d27e-4c83-a459-4307f3d2ce43",
	107,
	31,
	0,
	0);
INSERT INTO V_VAL
	VALUES ("4fb91fb2-6268-4995-9ce9-e99db4136e26",
	0,
	0,
	106,
	50,
	-1,
	0,
	0,
	0,
	0,
	"1a2907d2-496f-482d-ba4d-df818f73d6fa",
	"32b80911-41af-4b19-aebf-f8998b0186fc");
INSERT INTO V_SLR
	VALUES ("4fb91fb2-6268-4995-9ce9-e99db4136e26",
	"00000000-0000-0000-0000-000000000000",
	"00000000-0000-0000-0000-000000000000",
	"00000000-0000-0000-0000-000000000000");
INSERT INTO V_VAL
	VALUES ("9d3f5c6f-1cd7-4deb-b984-d820078b026c",
	0,
	0,
	106,
	59,
	64,
	0,
	0,
	0,
	0,
	"811f1dd7-74f0-407e-b449-939d0de5ee8d",
	"32b80911-41af-4b19-aebf-f8998b0186fc");
INSERT INTO V_AVL
	VALUES ("9d3f5c6f-1cd7-4deb-b984-d820078b026c",
	"4fb91fb2-6268-4995-9ce9-e99db4136e26",
	"83fd5a00-5820-4fb5-ade7-97f8217b945f",
	"f53a8993-9b73-4be5-b107-ad96fb5601d1");
INSERT INTO V_VAL
	VALUES ("aaf7c1f1-bc97-421b-8107-9de8f8983b41",
	0,
	0,
	-1,
	-1,
	-1,
	0,
	0,
	0,
	0,
	"4e005777-df64-4279-9c02-400e239872b9",
	"32b80911-41af-4b19-aebf-f8998b0186fc");
INSERT INTO V_BIN
	VALUES ("aaf7c1f1-bc97-421b-8107-9de8f8983b41",
	"6926c68d-13e2-44ef-bdb8-2672174a3553",
	"9d3f5c6f-1cd7-4deb-b984-d820078b026c",
	'==');
INSERT INTO V_VAL
	VALUES ("6926c68d-13e2-44ef-bdb8-2672174a3553",
	0,
	0,
	106,
	69,
	69,
	0,
	0,
	0,
	0,
	"811f1dd7-74f0-407e-b449-939d0de5ee8d",
	"32b80911-41af-4b19-aebf-f8998b0186fc");
INSERT INTO V_LIN
	VALUES ("6926c68d-13e2-44ef-bdb8-2672174a3553",
	'6');
INSERT INTO V_VAR
	VALUES ("68fbab55-22f8-4418-b85c-10b17dc465e0",
	"32b80911-41af-4b19-aebf-f8998b0186fc",
	'box',
	1,
	"1a2907d2-496f-482d-ba4d-df818f73d6fa");
INSERT INTO V_INT
	VALUES ("68fbab55-22f8-4418-b85c-10b17dc465e0",
	0,
	"83fd5a00-5820-4fb5-ade7-97f8217b945f");
INSERT INTO V_LOC
	VALUES ("0cd78d32-2261-43e4-b323-5d3a9ba8d167",
	106,
	16,
	18,
	"68fbab55-22f8-4418-b85c-10b17dc465e0");
INSERT INTO V_LOC
	VALUES ("8c1db029-ae9d-44d8-b3b7-ede8a8e2bdae",
	107,
	20,
	22,
	"68fbab55-22f8-4418-b85c-10b17dc465e0");
INSERT INTO ACT_BLK
	VALUES ("0ada6a96-a411-4380-b8e4-6bcfc7ba8d3c",
	1,
	0,
	1,
	'',
	'',
	'',
	111,
	5,
	110,
	38,
	0,
	0,
	111,
	31,
	0,
	0,
	0,
	0,
	0,
	"53d97387-cd3a-47b0-a198-70bcc78aa2cf",
	"00000000-0000-0000-0000-000000000000");
INSERT INTO ACT_SMT
	VALUES ("3418033a-80ee-4a2a-b33d-154de889c510",
	"0ada6a96-a411-4380-b8e4-6bcfc7ba8d3c",
	"74157f58-fc8b-44b1-9e96-3be507867c2d",
	110,
	5,
	'setup line: 110');
INSERT INTO ACT_FIW
	VALUES ("3418033a-80ee-4a2a-b33d-154de889c510",
	"765ae643-1cac-47fa-a2ed-d627ccba2d9d",
	1,
	'any',
	"c3324511-cca6-46a0-82a6-7e5ba255e6e7",
	"83fd5a00-5820-4fb5-ade7-97f8217b945f",
	110,
	38);
INSERT INTO ACT_SMT
	VALUES ("74157f58-fc8b-44b1-9e96-3be507867c2d",
	"0ada6a96-a411-4380-b8e4-6bcfc7ba8d3c",
	"00000000-0000-0000-0000-000000000000",
	111,
	5,
	'setup line: 111');
INSERT INTO ACT_REL
	VALUES ("74157f58-fc8b-44b1-9e96-3be507867c2d",
	"2d2751ee-5e34-4e7b-a0e7-9d12ad2eaf79",
	"765ae643-1cac-47fa-a2ed-d627ccba2d9d",
	'',
	"e6cf2b93-d27e-4c83-a459-4307f3d2ce43",
	111,
	31,
	0,
	0);
INSERT INTO V_VAL
	VALUES ("eccc510e-cf66-4ecd-a253-0fc2bbdb3351",
	0,
	0,
	110,
	50,
	-1,
	0,
	0,
	0,
	0,
	"1a2907d2-496f-482d-ba4d-df818f73d6fa",
	"0ada6a96-a411-4380-b8e4-6bcfc7ba8d3c");
INSERT INTO V_SLR
	VALUES ("eccc510e-cf66-4ecd-a253-0fc2bbdb3351",
	"00000000-0000-0000-0000-000000000000",
	"00000000-0000-0000-0000-000000000000",
	"00000000-0000-0000-0000-000000000000");
INSERT INTO V_VAL
	VALUES ("08eba06f-0efa-4710-9b77-0feae22403cc",
	0,
	0,
	110,
	59,
	64,
	0,
	0,
	0,
	0,
	"811f1dd7-74f0-407e-b449-939d0de5ee8d",
	"0ada6a96-a411-4380-b8e4-6bcfc7ba8d3c");
INSERT INTO V_AVL
	VALUES ("08eba06f-0efa-4710-9b77-0feae22403cc",
	"eccc510e-cf66-4ecd-a253-0fc2bbdb3351",
	"83fd5a00-5820-4fb5-ade7-97f8217b945f",
	"f53a8993-9b73-4be5-b107-ad96fb5601d1");
INSERT INTO V_VAL
	VALUES ("c3324511-cca6-46a0-82a6-7e5ba255e6e7",
	0,
	0,
	-1,
	-1,
	-1,
	0,
	0,
	0,
	0,
	"4e005777-df64-4279-9c02-400e239872b9",
	"0ada6a96-a411-4380-b8e4-6bcfc7ba8d3c");
INSERT INTO V_BIN
	VALUES ("c3324511-cca6-46a0-82a6-7e5ba255e6e7",
	"c99daca7-767b-4949-ad20-8e741bb760b0",
	"08eba06f-0efa-4710-9b77-0feae22403cc",
	'==');
INSERT INTO V_VAL
	VALUES ("c99daca7-767b-4949-ad20-8e741bb760b0",
	0,
	0,
	110,
	69,
	69,
	0,
	0,
	0,
	0,
	"811f1dd7-74f0-407e-b449-939d0de5ee8d",
	"0ada6a96-a411-4380-b8e4-6bcfc7ba8d3c");
INSERT INTO V_LIN
	VALUES ("c99daca7-767b-4949-ad20-8e741bb760b0",
	'7');
INSERT INTO V_VAR
	VALUES ("765ae643-1cac-47fa-a2ed-d627ccba2d9d",
	"0ada6a96-a411-4380-b8e4-6bcfc7ba8d3c",
	'box',
	1,
	"1a2907d2-496f-482d-ba4d-df818f73d6fa");
INSERT INTO V_INT
	VALUES ("765ae643-1cac-47fa-a2ed-d627ccba2d9d",
	0,
	"83fd5a00-5820-4fb5-ade7-97f8217b945f");
INSERT INTO V_LOC
	VALUES ("73eaac71-9aac-4b7a-932c-a6c3dae840a9",
	110,
	16,
	18,
	"765ae643-1cac-47fa-a2ed-d627ccba2d9d");
INSERT INTO V_LOC
	VALUES ("a48c2e6c-811d-4bb5-b2df-e1a4464aa736",
	111,
	20,
	22,
	"765ae643-1cac-47fa-a2ed-d627ccba2d9d");
INSERT INTO ACT_BLK
	VALUES ("59a3effd-e3ff-4166-bc7d-3019e69ec8cc",
	1,
	0,
	1,
	'',
	'',
	'',
	115,
	5,
	114,
	38,
	0,
	0,
	115,
	31,
	0,
	0,
	0,
	0,
	0,
	"53d97387-cd3a-47b0-a198-70bcc78aa2cf",
	"00000000-0000-0000-0000-000000000000");
INSERT INTO ACT_SMT
	VALUES ("aded1739-9fd7-450f-ac91-71ec6619b899",
	"59a3effd-e3ff-4166-bc7d-3019e69ec8cc",
	"036fa413-fced-49d7-a844-6072a314bb6e",
	114,
	5,
	'setup line: 114');
INSERT INTO ACT_FIW
	VALUES ("aded1739-9fd7-450f-ac91-71ec6619b899",
	"de8ad7dd-589b-43ea-861e-51df9d24839e",
	1,
	'any',
	"47bddb33-865b-47b3-88a2-0573e4af8d9f",
	"83fd5a00-5820-4fb5-ade7-97f8217b945f",
	114,
	38);
INSERT INTO ACT_SMT
	VALUES ("036fa413-fced-49d7-a844-6072a314bb6e",
	"59a3effd-e3ff-4166-bc7d-3019e69ec8cc",
	"00000000-0000-0000-0000-000000000000",
	115,
	5,
	'setup line: 115');
INSERT INTO ACT_REL
	VALUES ("036fa413-fced-49d7-a844-6072a314bb6e",
	"2d2751ee-5e34-4e7b-a0e7-9d12ad2eaf79",
	"de8ad7dd-589b-43ea-861e-51df9d24839e",
	'',
	"e6cf2b93-d27e-4c83-a459-4307f3d2ce43",
	115,
	31,
	0,
	0);
INSERT INTO V_VAL
	VALUES ("91c64f30-c33b-4fcf-900a-4bc645f022c5",
	0,
	0,
	114,
	50,
	-1,
	0,
	0,
	0,
	0,
	"1a2907d2-496f-482d-ba4d-df818f73d6fa",
	"59a3effd-e3ff-4166-bc7d-3019e69ec8cc");
INSERT INTO V_SLR
	VALUES ("91c64f30-c33b-4fcf-900a-4bc645f022c5",
	"00000000-0000-0000-0000-000000000000",
	"00000000-0000-0000-0000-000000000000",
	"00000000-0000-0000-0000-000000000000");
INSERT INTO V_VAL
	VALUES ("78c8aa17-bea2-4b4e-8876-18e459bb7520",
	0,
	0,
	114,
	59,
	64,
	0,
	0,
	0,
	0,
	"811f1dd7-74f0-407e-b449-939d0de5ee8d",
	"59a3effd-e3ff-4166-bc7d-3019e69ec8cc");
INSERT INTO V_AVL
	VALUES ("78c8aa17-bea2-4b4e-8876-18e459bb7520",
	"91c64f30-c33b-4fcf-900a-4bc645f022c5",
	"83fd5a00-5820-4fb5-ade7-97f8217b945f",
	"f53a8993-9b73-4be5-b107-ad96fb5601d1");
INSERT INTO V_VAL
	VALUES ("47bddb33-865b-47b3-88a2-0573e4af8d9f",
	0,
	0,
	-1,
	-1,
	-1,
	0,
	0,
	0,
	0,
	"4e005777-df64-4279-9c02-400e239872b9",
	"59a3effd-e3ff-4166-bc7d-3019e69ec8cc");
INSERT INTO V_BIN
	VALUES ("47bddb33-865b-47b3-88a2-0573e4af8d9f",
	"c756e61f-e10e-43c4-8759-7ad21a9fb3af",
	"78c8aa17-bea2-4b4e-8876-18e459bb7520",
	'==');
INSERT INTO V_VAL
	VALUES ("c756e61f-e10e-43c4-8759-7ad21a9fb3af",
	0,
	0,
	114,
	69,
	69,
	0,
	0,
	0,
	0,
	"811f1dd7-74f0-407e-b449-939d0de5ee8d",
	"59a3effd-e3ff-4166-bc7d-3019e69ec8cc");
INSERT INTO V_LIN
	VALUES ("c756e61f-e10e-43c4-8759-7ad21a9fb3af",
	'8');
INSERT INTO V_VAR
	VALUES ("de8ad7dd-589b-43ea-861e-51df9d24839e",
	"59a3effd-e3ff-4166-bc7d-3019e69ec8cc",
	'box',
	1,
	"1a2907d2-496f-482d-ba4d-df818f73d6fa");
INSERT INTO V_INT
	VALUES ("de8ad7dd-589b-43ea-861e-51df9d24839e",
	0,
	"83fd5a00-5820-4fb5-ade7-97f8217b945f");
INSERT INTO V_LOC
	VALUES ("2a6db9cf-39b3-4c19-9c98-3743568d6810",
	114,
	16,
	18,
	"de8ad7dd-589b-43ea-861e-51df9d24839e");
INSERT INTO V_LOC
	VALUES ("faa0e55c-2d9e-402b-b3e4-4d83e0a73309",
	115,
	20,
	22,
	"de8ad7dd-589b-43ea-861e-51df9d24839e");
INSERT INTO ACT_BLK
	VALUES ("98fbe2fc-6289-4658-8a34-0f8bd208063e",
	1,
	0,
	1,
	'',
	'',
	'',
	119,
	5,
	118,
	38,
	0,
	0,
	119,
	31,
	0,
	0,
	0,
	0,
	0,
	"53d97387-cd3a-47b0-a198-70bcc78aa2cf",
	"00000000-0000-0000-0000-000000000000");
INSERT INTO ACT_SMT
	VALUES ("c6837f0c-bf8e-4e49-af13-9689f202cabb",
	"98fbe2fc-6289-4658-8a34-0f8bd208063e",
	"db22b9ba-71b2-4513-9725-6514c350f619",
	118,
	5,
	'setup line: 118');
INSERT INTO ACT_FIW
	VALUES ("c6837f0c-bf8e-4e49-af13-9689f202cabb",
	"6f81fb7c-98df-4232-ab29-a8bf1ca7092e",
	1,
	'any',
	"5f455972-7814-47ab-b2cc-5223ad843c4c",
	"83fd5a00-5820-4fb5-ade7-97f8217b945f",
	118,
	38);
INSERT INTO ACT_SMT
	VALUES ("db22b9ba-71b2-4513-9725-6514c350f619",
	"98fbe2fc-6289-4658-8a34-0f8bd208063e",
	"00000000-0000-0000-0000-000000000000",
	119,
	5,
	'setup line: 119');
INSERT INTO ACT_REL
	VALUES ("db22b9ba-71b2-4513-9725-6514c350f619",
	"2d2751ee-5e34-4e7b-a0e7-9d12ad2eaf79",
	"6f81fb7c-98df-4232-ab29-a8bf1ca7092e",
	'',
	"e6cf2b93-d27e-4c83-a459-4307f3d2ce43",
	119,
	31,
	0,
	0);
INSERT INTO V_VAL
	VALUES ("ef55c855-4ad9-4e5d-863e-99d8a0bfbffc",
	0,
	0,
	118,
	50,
	-1,
	0,
	0,
	0,
	0,
	"1a2907d2-496f-482d-ba4d-df818f73d6fa",
	"98fbe2fc-6289-4658-8a34-0f8bd208063e");
INSERT INTO V_SLR
	VALUES ("ef55c855-4ad9-4e5d-863e-99d8a0bfbffc",
	"00000000-0000-0000-0000-000000000000",
	"00000000-0000-0000-0000-000000000000",
	"00000000-0000-0000-0000-000000000000");
INSERT INTO V_VAL
	VALUES ("3ab90298-1347-4cc4-8b95-96d31f04ef3b",
	0,
	0,
	118,
	59,
	64,
	0,
	0,
	0,
	0,
	"811f1dd7-74f0-407e-b449-939d0de5ee8d",
	"98fbe2fc-6289-4658-8a34-0f8bd208063e");
INSERT INTO V_AVL
	VALUES ("3ab90298-1347-4cc4-8b95-96d31f04ef3b",
	"ef55c855-4ad9-4e5d-863e-99d8a0bfbffc",
	"83fd5a00-5820-4fb5-ade7-97f8217b945f",
	"f53a8993-9b73-4be5-b107-ad96fb5601d1");
INSERT INTO V_VAL
	VALUES ("5f455972-7814-47ab-b2cc-5223ad843c4c",
	0,
	0,
	-1,
	-1,
	-1,
	0,
	0,
	0,
	0,
	"4e005777-df64-4279-9c02-400e239872b9",
	"98fbe2fc-6289-4658-8a34-0f8bd208063e");
INSERT INTO V_BIN
	VALUES ("5f455972-7814-47ab-b2cc-5223ad843c4c",
	"4c6c75d2-3d56-4c0b-8870-0bd610ddaa93",
	"3ab90298-1347-4cc4-8b95-96d31f04ef3b",
	'==');
INSERT INTO V_VAL
	VALUES ("4c6c75d2-3d56-4c0b-8870-0bd610ddaa93",
	0,
	0,
	118,
	69,
	69,
	0,
	0,
	0,
	0,
	"811f1dd7-74f0-407e-b449-939d0de5ee8d",
	"98fbe2fc-6289-4658-8a34-0f8bd208063e");
INSERT INTO V_LIN
	VALUES ("4c6c75d2-3d56-4c0b-8870-0bd610ddaa93",
	'9');
INSERT INTO V_VAR
	VALUES ("6f81fb7c-98df-4232-ab29-a8bf1ca7092e",
	"98fbe2fc-6289-4658-8a34-0f8bd208063e",
	'box',
	1,
	"1a2907d2-496f-482d-ba4d-df818f73d6fa");
INSERT INTO V_INT
	VALUES ("6f81fb7c-98df-4232-ab29-a8bf1ca7092e",
	0,
	"83fd5a00-5820-4fb5-ade7-97f8217b945f");
INSERT INTO V_LOC
	VALUES ("bf73dc7c-0c65-41aa-93d7-78569298113c",
	118,
	16,
	18,
	"6f81fb7c-98df-4232-ab29-a8bf1ca7092e");
INSERT INTO V_LOC
	VALUES ("b705507c-e7b3-4460-9d05-72a4ac86c84b",
	119,
	20,
	22,
	"6f81fb7c-98df-4232-ab29-a8bf1ca7092e");
INSERT INTO ACT_BLK
	VALUES ("f782a1d8-53ed-438a-a487-9fea2332e112",
	0,
	0,
	0,
	'LOG',
	'',
	'',
	124,
	3,
	124,
	3,
	0,
	0,
	0,
	0,
	0,
	0,
	0,
	0,
	0,
	"53d97387-cd3a-47b0-a198-70bcc78aa2cf",
	"00000000-0000-0000-0000-000000000000");
INSERT INTO ACT_SMT
	VALUES ("d330b545-704e-4dc2-b2fc-87c1ae89cce5",
	"f782a1d8-53ed-438a-a487-9fea2332e112",
	"00000000-0000-0000-0000-000000000000",
	124,
	3,
	'setup line: 124');
INSERT INTO ACT_BRG
	VALUES ("d330b545-704e-4dc2-b2fc-87c1ae89cce5",
	"20118c86-a3a0-4c4b-80f0-5ef1a2122e2f",
	124,
	8,
	124,
	3);
INSERT INTO V_VAL
	VALUES ("3a213d46-6c15-45d4-aeb4-f1e5ea33c3ae",
	0,
	0,
	124,
	25,
	40,
	0,
	0,
	0,
	0,
	"e27a3af8-1f28-4ba6-a876-f718ce67db3c",
	"f782a1d8-53ed-438a-a487-9fea2332e112");
INSERT INTO V_LST
	VALUES ("3a213d46-6c15-45d4-aeb4-f1e5ea33c3ae",
	'PEI data found.');
INSERT INTO V_PAR
	VALUES ("3a213d46-6c15-45d4-aeb4-f1e5ea33c3ae",
	"d330b545-704e-4dc2-b2fc-87c1ae89cce5",
	"00000000-0000-0000-0000-000000000000",
	'message',
	"00000000-0000-0000-0000-000000000000",
	124,
	17);
INSERT INTO S_FIP
	VALUES ("902fee5d-2cc1-44d8-a018-7d4ab96f184d",
	"eac4991b-5f13-4165-af93-0cbd5fbd09ee");
INSERT INTO S_SYNC
	VALUES ("eac4991b-5f13-4165-af93-0cbd5fbd09ee",
	"0eb5e6c3-13b6-4550-b154-5d6824e51255",
	'setz1_given',
	'',
	'

CELL::set_given( row:1, column:3, answer:9 );
CELL::set_given( row:1, column:4, answer:3 );
CELL::set_given( row:1, column:9, answer:5 );

CELL::set_given( row:2, column:4, answer:5 );
CELL::set_given( row:2, column:5, answer:1 );
CELL::set_given( row:2, column:6, answer:4 );
CELL::set_given( row:2, column:8, answer:7 );

CELL::set_given( row:3, column:1, answer:1 );
CELL::set_given( row:3, column:2, answer:5 );
CELL::set_given( row:3, column:3, answer:6 );
CELL::set_given( row:3, column:8, answer:8 );

CELL::set_given( row:4, column:1, answer:9 );
CELL::set_given( row:4, column:5, answer:8 );
CELL::set_given( row:4, column:9, answer:1 );

CELL::set_given( row:5, column:1, answer:7 );
CELL::set_given( row:5, column:4, answer:9 );
CELL::set_given( row:5, column:6, answer:5 );
CELL::set_given( row:5, column:9, answer:2 );

CELL::set_given( row:6, column:1, answer:5 );
CELL::set_given( row:6, column:5, answer:3 );
CELL::set_given( row:6, column:9, answer:9 );

CELL::set_given( row:7, column:2, answer:2 );
CELL::set_given( row:7, column:7, answer:4 );
CELL::set_given( row:7, column:8, answer:1 );
CELL::set_given( row:7, column:9, answer:7 );

CELL::set_given( row:8, column:2, answer:4 );
CELL::set_given( row:8, column:4, answer:1 );
CELL::set_given( row:8, column:5, answer:5 );
CELL::set_given( row:8, column:6, answer:6 );

CELL::set_given( row:9, column:1, answer:3 );
CELL::set_given( row:9, column:6, answer:7 );
CELL::set_given( row:9, column:7, answer:5 );

',
	"606ca061-c661-4bbf-bb1a-bb2345f5239e",
	1,
	'');
INSERT INTO ACT_FNB
	VALUES ("cba8d05a-f199-477b-8ce1-1ac75e629047",
	"eac4991b-5f13-4165-af93-0cbd5fbd09ee");
INSERT INTO ACT_ACT
	VALUES ("cba8d05a-f199-477b-8ce1-1ac75e629047",
	'function',
	0,
	"b9278a96-c9eb-4778-bf35-636555dd8275",
	"00000000-0000-0000-0000-000000000000",
	0,
	'setz1_given',
	"00000000-0000-0000-0000-000000000000");
INSERT INTO ACT_BLK
	VALUES ("b9278a96-c9eb-4778-bf35-636555dd8275",
	0,
	0,
	0,
	'CELL',
	'',
	'',
	42,
	1,
	42,
	1,
	0,
	0,
	0,
	0,
	0,
	0,
	0,
	0,
	0,
	"cba8d05a-f199-477b-8ce1-1ac75e629047",
	"00000000-0000-0000-0000-000000000000");
INSERT INTO ACT_SMT
	VALUES ("47f6e661-4540-48d3-bd53-2659a39a5e05",
	"b9278a96-c9eb-4778-bf35-636555dd8275",
	"9fdef262-ae9e-4bc8-8afc-fb7b863ed068",
	3,
	1,
	'setz1_given line: 3');
INSERT INTO ACT_TFM
	VALUES ("47f6e661-4540-48d3-bd53-2659a39a5e05",
	"08064e1a-888f-4d00-a98e-bcce7359c03d",
	"00000000-0000-0000-0000-000000000000",
	3,
	7,
	3,
	1);
INSERT INTO ACT_SMT
	VALUES ("9fdef262-ae9e-4bc8-8afc-fb7b863ed068",
	"b9278a96-c9eb-4778-bf35-636555dd8275",
	"01f8a9ba-a614-4df6-bd24-33026de031ae",
	4,
	1,
	'setz1_given line: 4');
INSERT INTO ACT_TFM
	VALUES ("9fdef262-ae9e-4bc8-8afc-fb7b863ed068",
	"08064e1a-888f-4d00-a98e-bcce7359c03d",
	"00000000-0000-0000-0000-000000000000",
	4,
	7,
	4,
	1);
INSERT INTO ACT_SMT
	VALUES ("01f8a9ba-a614-4df6-bd24-33026de031ae",
	"b9278a96-c9eb-4778-bf35-636555dd8275",
	"0a938d9b-3420-4bf9-9f96-6fad8871cc7d",
	5,
	1,
	'setz1_given line: 5');
INSERT INTO ACT_TFM
	VALUES ("01f8a9ba-a614-4df6-bd24-33026de031ae",
	"08064e1a-888f-4d00-a98e-bcce7359c03d",
	"00000000-0000-0000-0000-000000000000",
	5,
	7,
	5,
	1);
INSERT INTO ACT_SMT
	VALUES ("0a938d9b-3420-4bf9-9f96-6fad8871cc7d",
	"b9278a96-c9eb-4778-bf35-636555dd8275",
	"5c4aa1de-bc49-464a-b4af-988395f9c7c6",
	7,
	1,
	'setz1_given line: 7');
INSERT INTO ACT_TFM
	VALUES ("0a938d9b-3420-4bf9-9f96-6fad8871cc7d",
	"08064e1a-888f-4d00-a98e-bcce7359c03d",
	"00000000-0000-0000-0000-000000000000",
	7,
	7,
	7,
	1);
INSERT INTO ACT_SMT
	VALUES ("5c4aa1de-bc49-464a-b4af-988395f9c7c6",
	"b9278a96-c9eb-4778-bf35-636555dd8275",
	"c4dfc2ff-0043-43fd-942e-72390bf0f728",
	8,
	1,
	'setz1_given line: 8');
INSERT INTO ACT_TFM
	VALUES ("5c4aa1de-bc49-464a-b4af-988395f9c7c6",
	"08064e1a-888f-4d00-a98e-bcce7359c03d",
	"00000000-0000-0000-0000-000000000000",
	8,
	7,
	8,
	1);
INSERT INTO ACT_SMT
	VALUES ("c4dfc2ff-0043-43fd-942e-72390bf0f728",
	"b9278a96-c9eb-4778-bf35-636555dd8275",
	"911eab82-36b3-4471-8c7b-35019400ccc9",
	9,
	1,
	'setz1_given line: 9');
INSERT INTO ACT_TFM
	VALUES ("c4dfc2ff-0043-43fd-942e-72390bf0f728",
	"08064e1a-888f-4d00-a98e-bcce7359c03d",
	"00000000-0000-0000-0000-000000000000",
	9,
	7,
	9,
	1);
INSERT INTO ACT_SMT
	VALUES ("911eab82-36b3-4471-8c7b-35019400ccc9",
	"b9278a96-c9eb-4778-bf35-636555dd8275",
	"16a3d0c4-94b5-49a8-929e-af2bd3f41606",
	10,
	1,
	'setz1_given line: 10');
INSERT INTO ACT_TFM
	VALUES ("911eab82-36b3-4471-8c7b-35019400ccc9",
	"08064e1a-888f-4d00-a98e-bcce7359c03d",
	"00000000-0000-0000-0000-000000000000",
	10,
	7,
	10,
	1);
INSERT INTO ACT_SMT
	VALUES ("16a3d0c4-94b5-49a8-929e-af2bd3f41606",
	"b9278a96-c9eb-4778-bf35-636555dd8275",
	"9193dafa-7c8c-4c0d-a190-7ed167c0d032",
	12,
	1,
	'setz1_given line: 12');
INSERT INTO ACT_TFM
	VALUES ("16a3d0c4-94b5-49a8-929e-af2bd3f41606",
	"08064e1a-888f-4d00-a98e-bcce7359c03d",
	"00000000-0000-0000-0000-000000000000",
	12,
	7,
	12,
	1);
INSERT INTO ACT_SMT
	VALUES ("9193dafa-7c8c-4c0d-a190-7ed167c0d032",
	"b9278a96-c9eb-4778-bf35-636555dd8275",
	"3fe3d588-999b-4f26-aef3-340f872127bd",
	13,
	1,
	'setz1_given line: 13');
INSERT INTO ACT_TFM
	VALUES ("9193dafa-7c8c-4c0d-a190-7ed167c0d032",
	"08064e1a-888f-4d00-a98e-bcce7359c03d",
	"00000000-0000-0000-0000-000000000000",
	13,
	7,
	13,
	1);
INSERT INTO ACT_SMT
	VALUES ("3fe3d588-999b-4f26-aef3-340f872127bd",
	"b9278a96-c9eb-4778-bf35-636555dd8275",
	"c690ca26-5d4c-4a98-814b-f8e6bb233a39",
	14,
	1,
	'setz1_given line: 14');
INSERT INTO ACT_TFM
	VALUES ("3fe3d588-999b-4f26-aef3-340f872127bd",
	"08064e1a-888f-4d00-a98e-bcce7359c03d",
	"00000000-0000-0000-0000-000000000000",
	14,
	7,
	14,
	1);
INSERT INTO ACT_SMT
	VALUES ("c690ca26-5d4c-4a98-814b-f8e6bb233a39",
	"b9278a96-c9eb-4778-bf35-636555dd8275",
	"ddb7a9dd-dcd0-430c-a6fe-f18c15fd14da",
	15,
	1,
	'setz1_given line: 15');
INSERT INTO ACT_TFM
	VALUES ("c690ca26-5d4c-4a98-814b-f8e6bb233a39",
	"08064e1a-888f-4d00-a98e-bcce7359c03d",
	"00000000-0000-0000-0000-000000000000",
	15,
	7,
	15,
	1);
INSERT INTO ACT_SMT
	VALUES ("ddb7a9dd-dcd0-430c-a6fe-f18c15fd14da",
	"b9278a96-c9eb-4778-bf35-636555dd8275",
	"640c950c-09d4-4653-b4e1-36ceb1d79d2b",
	17,
	1,
	'setz1_given line: 17');
INSERT INTO ACT_TFM
	VALUES ("ddb7a9dd-dcd0-430c-a6fe-f18c15fd14da",
	"08064e1a-888f-4d00-a98e-bcce7359c03d",
	"00000000-0000-0000-0000-000000000000",
	17,
	7,
	17,
	1);
INSERT INTO ACT_SMT
	VALUES ("640c950c-09d4-4653-b4e1-36ceb1d79d2b",
	"b9278a96-c9eb-4778-bf35-636555dd8275",
	"46d3f46e-4307-48d8-add1-59c7620345f1",
	18,
	1,
	'setz1_given line: 18');
INSERT INTO ACT_TFM
	VALUES ("640c950c-09d4-4653-b4e1-36ceb1d79d2b",
	"08064e1a-888f-4d00-a98e-bcce7359c03d",
	"00000000-0000-0000-0000-000000000000",
	18,
	7,
	18,
	1);
INSERT INTO ACT_SMT
	VALUES ("46d3f46e-4307-48d8-add1-59c7620345f1",
	"b9278a96-c9eb-4778-bf35-636555dd8275",
	"d8035899-5f9a-40d0-a8ef-14e881344cec",
	19,
	1,
	'setz1_given line: 19');
INSERT INTO ACT_TFM
	VALUES ("46d3f46e-4307-48d8-add1-59c7620345f1",
	"08064e1a-888f-4d00-a98e-bcce7359c03d",
	"00000000-0000-0000-0000-000000000000",
	19,
	7,
	19,
	1);
INSERT INTO ACT_SMT
	VALUES ("d8035899-5f9a-40d0-a8ef-14e881344cec",
	"b9278a96-c9eb-4778-bf35-636555dd8275",
	"6503fe7a-b7e5-415d-aaa7-d75439f51495",
	21,
	1,
	'setz1_given line: 21');
INSERT INTO ACT_TFM
	VALUES ("d8035899-5f9a-40d0-a8ef-14e881344cec",
	"08064e1a-888f-4d00-a98e-bcce7359c03d",
	"00000000-0000-0000-0000-000000000000",
	21,
	7,
	21,
	1);
INSERT INTO ACT_SMT
	VALUES ("6503fe7a-b7e5-415d-aaa7-d75439f51495",
	"b9278a96-c9eb-4778-bf35-636555dd8275",
	"1fd2f754-58fb-43a1-8913-8b0c8106b9c4",
	22,
	1,
	'setz1_given line: 22');
INSERT INTO ACT_TFM
	VALUES ("6503fe7a-b7e5-415d-aaa7-d75439f51495",
	"08064e1a-888f-4d00-a98e-bcce7359c03d",
	"00000000-0000-0000-0000-000000000000",
	22,
	7,
	22,
	1);
INSERT INTO ACT_SMT
	VALUES ("1fd2f754-58fb-43a1-8913-8b0c8106b9c4",
	"b9278a96-c9eb-4778-bf35-636555dd8275",
	"5ca8b1e4-a1b7-4566-b19e-4aad1482a693",
	23,
	1,
	'setz1_given line: 23');
INSERT INTO ACT_TFM
	VALUES ("1fd2f754-58fb-43a1-8913-8b0c8106b9c4",
	"08064e1a-888f-4d00-a98e-bcce7359c03d",
	"00000000-0000-0000-0000-000000000000",
	23,
	7,
	23,
	1);
INSERT INTO ACT_SMT
	VALUES ("5ca8b1e4-a1b7-4566-b19e-4aad1482a693",
	"b9278a96-c9eb-4778-bf35-636555dd8275",
	"d96767ff-5c11-4c22-9553-dc6b64528825",
	24,
	1,
	'setz1_given line: 24');
INSERT INTO ACT_TFM
	VALUES ("5ca8b1e4-a1b7-4566-b19e-4aad1482a693",
	"08064e1a-888f-4d00-a98e-bcce7359c03d",
	"00000000-0000-0000-0000-000000000000",
	24,
	7,
	24,
	1);
INSERT INTO ACT_SMT
	VALUES ("d96767ff-5c11-4c22-9553-dc6b64528825",
	"b9278a96-c9eb-4778-bf35-636555dd8275",
	"17a1c4f4-b24b-47f8-936d-aca46853c46f",
	26,
	1,
	'setz1_given line: 26');
INSERT INTO ACT_TFM
	VALUES ("d96767ff-5c11-4c22-9553-dc6b64528825",
	"08064e1a-888f-4d00-a98e-bcce7359c03d",
	"00000000-0000-0000-0000-000000000000",
	26,
	7,
	26,
	1);
INSERT INTO ACT_SMT
	VALUES ("17a1c4f4-b24b-47f8-936d-aca46853c46f",
	"b9278a96-c9eb-4778-bf35-636555dd8275",
	"3a03cc5b-5bc5-426e-94ca-cb98d1abd6f1",
	27,
	1,
	'setz1_given line: 27');
INSERT INTO ACT_TFM
	VALUES ("17a1c4f4-b24b-47f8-936d-aca46853c46f",
	"08064e1a-888f-4d00-a98e-bcce7359c03d",
	"00000000-0000-0000-0000-000000000000",
	27,
	7,
	27,
	1);
INSERT INTO ACT_SMT
	VALUES ("3a03cc5b-5bc5-426e-94ca-cb98d1abd6f1",
	"b9278a96-c9eb-4778-bf35-636555dd8275",
	"9bc1f8c2-5a98-4f4f-9210-eb19bc8c64f5",
	28,
	1,
	'setz1_given line: 28');
INSERT INTO ACT_TFM
	VALUES ("3a03cc5b-5bc5-426e-94ca-cb98d1abd6f1",
	"08064e1a-888f-4d00-a98e-bcce7359c03d",
	"00000000-0000-0000-0000-000000000000",
	28,
	7,
	28,
	1);
INSERT INTO ACT_SMT
	VALUES ("9bc1f8c2-5a98-4f4f-9210-eb19bc8c64f5",
	"b9278a96-c9eb-4778-bf35-636555dd8275",
	"0c217217-fdb4-428c-93d2-05f42cf6f64e",
	30,
	1,
	'setz1_given line: 30');
INSERT INTO ACT_TFM
	VALUES ("9bc1f8c2-5a98-4f4f-9210-eb19bc8c64f5",
	"08064e1a-888f-4d00-a98e-bcce7359c03d",
	"00000000-0000-0000-0000-000000000000",
	30,
	7,
	30,
	1);
INSERT INTO ACT_SMT
	VALUES ("0c217217-fdb4-428c-93d2-05f42cf6f64e",
	"b9278a96-c9eb-4778-bf35-636555dd8275",
	"0a989c9e-c591-4532-a99b-b64127927b93",
	31,
	1,
	'setz1_given line: 31');
INSERT INTO ACT_TFM
	VALUES ("0c217217-fdb4-428c-93d2-05f42cf6f64e",
	"08064e1a-888f-4d00-a98e-bcce7359c03d",
	"00000000-0000-0000-0000-000000000000",
	31,
	7,
	31,
	1);
INSERT INTO ACT_SMT
	VALUES ("0a989c9e-c591-4532-a99b-b64127927b93",
	"b9278a96-c9eb-4778-bf35-636555dd8275",
	"c4dac053-bfc2-4021-b0e3-00b8f35867b5",
	32,
	1,
	'setz1_given line: 32');
INSERT INTO ACT_TFM
	VALUES ("0a989c9e-c591-4532-a99b-b64127927b93",
	"08064e1a-888f-4d00-a98e-bcce7359c03d",
	"00000000-0000-0000-0000-000000000000",
	32,
	7,
	32,
	1);
INSERT INTO ACT_SMT
	VALUES ("c4dac053-bfc2-4021-b0e3-00b8f35867b5",
	"b9278a96-c9eb-4778-bf35-636555dd8275",
	"cac4abe1-058e-4490-9056-549a6b40ed67",
	33,
	1,
	'setz1_given line: 33');
INSERT INTO ACT_TFM
	VALUES ("c4dac053-bfc2-4021-b0e3-00b8f35867b5",
	"08064e1a-888f-4d00-a98e-bcce7359c03d",
	"00000000-0000-0000-0000-000000000000",
	33,
	7,
	33,
	1);
INSERT INTO ACT_SMT
	VALUES ("cac4abe1-058e-4490-9056-549a6b40ed67",
	"b9278a96-c9eb-4778-bf35-636555dd8275",
	"9896bb59-dcc6-4812-8aa7-c6076a462c43",
	35,
	1,
	'setz1_given line: 35');
INSERT INTO ACT_TFM
	VALUES ("cac4abe1-058e-4490-9056-549a6b40ed67",
	"08064e1a-888f-4d00-a98e-bcce7359c03d",
	"00000000-0000-0000-0000-000000000000",
	35,
	7,
	35,
	1);
INSERT INTO ACT_SMT
	VALUES ("9896bb59-dcc6-4812-8aa7-c6076a462c43",
	"b9278a96-c9eb-4778-bf35-636555dd8275",
	"5139d69a-807f-419a-9d1c-6f9ece6ac602",
	36,
	1,
	'setz1_given line: 36');
INSERT INTO ACT_TFM
	VALUES ("9896bb59-dcc6-4812-8aa7-c6076a462c43",
	"08064e1a-888f-4d00-a98e-bcce7359c03d",
	"00000000-0000-0000-0000-000000000000",
	36,
	7,
	36,
	1);
INSERT INTO ACT_SMT
	VALUES ("5139d69a-807f-419a-9d1c-6f9ece6ac602",
	"b9278a96-c9eb-4778-bf35-636555dd8275",
	"eaeb1bad-a57b-46f3-b7d9-7173fd874201",
	37,
	1,
	'setz1_given line: 37');
INSERT INTO ACT_TFM
	VALUES ("5139d69a-807f-419a-9d1c-6f9ece6ac602",
	"08064e1a-888f-4d00-a98e-bcce7359c03d",
	"00000000-0000-0000-0000-000000000000",
	37,
	7,
	37,
	1);
INSERT INTO ACT_SMT
	VALUES ("eaeb1bad-a57b-46f3-b7d9-7173fd874201",
	"b9278a96-c9eb-4778-bf35-636555dd8275",
	"868b1249-10cc-4e5c-bcc6-f0744f310cba",
	38,
	1,
	'setz1_given line: 38');
INSERT INTO ACT_TFM
	VALUES ("eaeb1bad-a57b-46f3-b7d9-7173fd874201",
	"08064e1a-888f-4d00-a98e-bcce7359c03d",
	"00000000-0000-0000-0000-000000000000",
	38,
	7,
	38,
	1);
INSERT INTO ACT_SMT
	VALUES ("868b1249-10cc-4e5c-bcc6-f0744f310cba",
	"b9278a96-c9eb-4778-bf35-636555dd8275",
	"23e836ba-89e9-4a43-91bf-134beb009ca9",
	40,
	1,
	'setz1_given line: 40');
INSERT INTO ACT_TFM
	VALUES ("868b1249-10cc-4e5c-bcc6-f0744f310cba",
	"08064e1a-888f-4d00-a98e-bcce7359c03d",
	"00000000-0000-0000-0000-000000000000",
	40,
	7,
	40,
	1);
INSERT INTO ACT_SMT
	VALUES ("23e836ba-89e9-4a43-91bf-134beb009ca9",
	"b9278a96-c9eb-4778-bf35-636555dd8275",
	"ece957d5-08fa-4bf0-afb4-015d9477eb32",
	41,
	1,
	'setz1_given line: 41');
INSERT INTO ACT_TFM
	VALUES ("23e836ba-89e9-4a43-91bf-134beb009ca9",
	"08064e1a-888f-4d00-a98e-bcce7359c03d",
	"00000000-0000-0000-0000-000000000000",
	41,
	7,
	41,
	1);
INSERT INTO ACT_SMT
	VALUES ("ece957d5-08fa-4bf0-afb4-015d9477eb32",
	"b9278a96-c9eb-4778-bf35-636555dd8275",
	"00000000-0000-0000-0000-000000000000",
	42,
	1,
	'setz1_given line: 42');
INSERT INTO ACT_TFM
	VALUES ("ece957d5-08fa-4bf0-afb4-015d9477eb32",
	"08064e1a-888f-4d00-a98e-bcce7359c03d",
	"00000000-0000-0000-0000-000000000000",
	42,
	7,
	42,
	1);
INSERT INTO V_VAL
	VALUES ("1ba0f58b-4177-45b7-b295-60ddcf7e5e13",
	0,
	0,
	3,
	22,
	22,
	0,
	0,
	0,
	0,
	"811f1dd7-74f0-407e-b449-939d0de5ee8d",
	"b9278a96-c9eb-4778-bf35-636555dd8275");
INSERT INTO V_LIN
	VALUES ("1ba0f58b-4177-45b7-b295-60ddcf7e5e13",
	'1');
INSERT INTO V_PAR
	VALUES ("1ba0f58b-4177-45b7-b295-60ddcf7e5e13",
	"47f6e661-4540-48d3-bd53-2659a39a5e05",
	"00000000-0000-0000-0000-000000000000",
	'row',
	"956b9945-9926-4533-810e-060ba6871133",
	3,
	18);
INSERT INTO V_VAL
	VALUES ("956b9945-9926-4533-810e-060ba6871133",
	0,
	0,
	3,
	32,
	32,
	0,
	0,
	0,
	0,
	"811f1dd7-74f0-407e-b449-939d0de5ee8d",
	"b9278a96-c9eb-4778-bf35-636555dd8275");
INSERT INTO V_LIN
	VALUES ("956b9945-9926-4533-810e-060ba6871133",
	'3');
INSERT INTO V_PAR
	VALUES ("956b9945-9926-4533-810e-060ba6871133",
	"47f6e661-4540-48d3-bd53-2659a39a5e05",
	"00000000-0000-0000-0000-000000000000",
	'column',
	"2fc2512a-5f5c-4387-aa38-fe195f155295",
	3,
	25);
INSERT INTO V_VAL
	VALUES ("2fc2512a-5f5c-4387-aa38-fe195f155295",
	0,
	0,
	3,
	42,
	42,
	0,
	0,
	0,
	0,
	"811f1dd7-74f0-407e-b449-939d0de5ee8d",
	"b9278a96-c9eb-4778-bf35-636555dd8275");
INSERT INTO V_LIN
	VALUES ("2fc2512a-5f5c-4387-aa38-fe195f155295",
	'9');
INSERT INTO V_PAR
	VALUES ("2fc2512a-5f5c-4387-aa38-fe195f155295",
	"47f6e661-4540-48d3-bd53-2659a39a5e05",
	"00000000-0000-0000-0000-000000000000",
	'answer',
	"00000000-0000-0000-0000-000000000000",
	3,
	35);
INSERT INTO V_VAL
	VALUES ("b34f9bbe-03aa-4b49-97e5-f7c731897416",
	0,
	0,
	4,
	22,
	22,
	0,
	0,
	0,
	0,
	"811f1dd7-74f0-407e-b449-939d0de5ee8d",
	"b9278a96-c9eb-4778-bf35-636555dd8275");
INSERT INTO V_LIN
	VALUES ("b34f9bbe-03aa-4b49-97e5-f7c731897416",
	'1');
INSERT INTO V_PAR
	VALUES ("b34f9bbe-03aa-4b49-97e5-f7c731897416",
	"9fdef262-ae9e-4bc8-8afc-fb7b863ed068",
	"00000000-0000-0000-0000-000000000000",
	'row',
	"950de5f5-11d6-42f5-82be-2285c5b2694c",
	4,
	18);
INSERT INTO V_VAL
	VALUES ("950de5f5-11d6-42f5-82be-2285c5b2694c",
	0,
	0,
	4,
	32,
	32,
	0,
	0,
	0,
	0,
	"811f1dd7-74f0-407e-b449-939d0de5ee8d",
	"b9278a96-c9eb-4778-bf35-636555dd8275");
INSERT INTO V_LIN
	VALUES ("950de5f5-11d6-42f5-82be-2285c5b2694c",
	'4');
INSERT INTO V_PAR
	VALUES ("950de5f5-11d6-42f5-82be-2285c5b2694c",
	"9fdef262-ae9e-4bc8-8afc-fb7b863ed068",
	"00000000-0000-0000-0000-000000000000",
	'column',
	"e168a9e1-e48e-4c7a-9d8d-25bb0a8d4723",
	4,
	25);
INSERT INTO V_VAL
	VALUES ("e168a9e1-e48e-4c7a-9d8d-25bb0a8d4723",
	0,
	0,
	4,
	42,
	42,
	0,
	0,
	0,
	0,
	"811f1dd7-74f0-407e-b449-939d0de5ee8d",
	"b9278a96-c9eb-4778-bf35-636555dd8275");
INSERT INTO V_LIN
	VALUES ("e168a9e1-e48e-4c7a-9d8d-25bb0a8d4723",
	'3');
INSERT INTO V_PAR
	VALUES ("e168a9e1-e48e-4c7a-9d8d-25bb0a8d4723",
	"9fdef262-ae9e-4bc8-8afc-fb7b863ed068",
	"00000000-0000-0000-0000-000000000000",
	'answer',
	"00000000-0000-0000-0000-000000000000",
	4,
	35);
INSERT INTO V_VAL
	VALUES ("760ecd26-659f-4e14-bf0e-8019e8888492",
	0,
	0,
	5,
	22,
	22,
	0,
	0,
	0,
	0,
	"811f1dd7-74f0-407e-b449-939d0de5ee8d",
	"b9278a96-c9eb-4778-bf35-636555dd8275");
INSERT INTO V_LIN
	VALUES ("760ecd26-659f-4e14-bf0e-8019e8888492",
	'1');
INSERT INTO V_PAR
	VALUES ("760ecd26-659f-4e14-bf0e-8019e8888492",
	"01f8a9ba-a614-4df6-bd24-33026de031ae",
	"00000000-0000-0000-0000-000000000000",
	'row',
	"e5cf98d4-e932-4373-b73a-256176bcab0d",
	5,
	18);
INSERT INTO V_VAL
	VALUES ("e5cf98d4-e932-4373-b73a-256176bcab0d",
	0,
	0,
	5,
	32,
	32,
	0,
	0,
	0,
	0,
	"811f1dd7-74f0-407e-b449-939d0de5ee8d",
	"b9278a96-c9eb-4778-bf35-636555dd8275");
INSERT INTO V_LIN
	VALUES ("e5cf98d4-e932-4373-b73a-256176bcab0d",
	'9');
INSERT INTO V_PAR
	VALUES ("e5cf98d4-e932-4373-b73a-256176bcab0d",
	"01f8a9ba-a614-4df6-bd24-33026de031ae",
	"00000000-0000-0000-0000-000000000000",
	'column',
	"71d98e34-8cb7-4a7f-afdb-bbfb463e73aa",
	5,
	25);
INSERT INTO V_VAL
	VALUES ("71d98e34-8cb7-4a7f-afdb-bbfb463e73aa",
	0,
	0,
	5,
	42,
	42,
	0,
	0,
	0,
	0,
	"811f1dd7-74f0-407e-b449-939d0de5ee8d",
	"b9278a96-c9eb-4778-bf35-636555dd8275");
INSERT INTO V_LIN
	VALUES ("71d98e34-8cb7-4a7f-afdb-bbfb463e73aa",
	'5');
INSERT INTO V_PAR
	VALUES ("71d98e34-8cb7-4a7f-afdb-bbfb463e73aa",
	"01f8a9ba-a614-4df6-bd24-33026de031ae",
	"00000000-0000-0000-0000-000000000000",
	'answer',
	"00000000-0000-0000-0000-000000000000",
	5,
	35);
INSERT INTO V_VAL
	VALUES ("fb83c0aa-743a-4e71-bb40-1adf9f8a38e3",
	0,
	0,
	7,
	22,
	22,
	0,
	0,
	0,
	0,
	"811f1dd7-74f0-407e-b449-939d0de5ee8d",
	"b9278a96-c9eb-4778-bf35-636555dd8275");
INSERT INTO V_LIN
	VALUES ("fb83c0aa-743a-4e71-bb40-1adf9f8a38e3",
	'2');
INSERT INTO V_PAR
	VALUES ("fb83c0aa-743a-4e71-bb40-1adf9f8a38e3",
	"0a938d9b-3420-4bf9-9f96-6fad8871cc7d",
	"00000000-0000-0000-0000-000000000000",
	'row',
	"1b70b96a-7dca-42fe-af19-8c1f22dcad82",
	7,
	18);
INSERT INTO V_VAL
	VALUES ("1b70b96a-7dca-42fe-af19-8c1f22dcad82",
	0,
	0,
	7,
	32,
	32,
	0,
	0,
	0,
	0,
	"811f1dd7-74f0-407e-b449-939d0de5ee8d",
	"b9278a96-c9eb-4778-bf35-636555dd8275");
INSERT INTO V_LIN
	VALUES ("1b70b96a-7dca-42fe-af19-8c1f22dcad82",
	'4');
INSERT INTO V_PAR
	VALUES ("1b70b96a-7dca-42fe-af19-8c1f22dcad82",
	"0a938d9b-3420-4bf9-9f96-6fad8871cc7d",
	"00000000-0000-0000-0000-000000000000",
	'column',
	"e77a3940-3454-4d46-b953-55ccd63ec830",
	7,
	25);
INSERT INTO V_VAL
	VALUES ("e77a3940-3454-4d46-b953-55ccd63ec830",
	0,
	0,
	7,
	42,
	42,
	0,
	0,
	0,
	0,
	"811f1dd7-74f0-407e-b449-939d0de5ee8d",
	"b9278a96-c9eb-4778-bf35-636555dd8275");
INSERT INTO V_LIN
	VALUES ("e77a3940-3454-4d46-b953-55ccd63ec830",
	'5');
INSERT INTO V_PAR
	VALUES ("e77a3940-3454-4d46-b953-55ccd63ec830",
	"0a938d9b-3420-4bf9-9f96-6fad8871cc7d",
	"00000000-0000-0000-0000-000000000000",
	'answer',
	"00000000-0000-0000-0000-000000000000",
	7,
	35);
INSERT INTO V_VAL
	VALUES ("702c7472-fe32-430a-8252-96404b542463",
	0,
	0,
	8,
	22,
	22,
	0,
	0,
	0,
	0,
	"811f1dd7-74f0-407e-b449-939d0de5ee8d",
	"b9278a96-c9eb-4778-bf35-636555dd8275");
INSERT INTO V_LIN
	VALUES ("702c7472-fe32-430a-8252-96404b542463",
	'2');
INSERT INTO V_PAR
	VALUES ("702c7472-fe32-430a-8252-96404b542463",
	"5c4aa1de-bc49-464a-b4af-988395f9c7c6",
	"00000000-0000-0000-0000-000000000000",
	'row',
	"d5d717d1-0601-4b14-bf00-827b8624f816",
	8,
	18);
INSERT INTO V_VAL
	VALUES ("d5d717d1-0601-4b14-bf00-827b8624f816",
	0,
	0,
	8,
	32,
	32,
	0,
	0,
	0,
	0,
	"811f1dd7-74f0-407e-b449-939d0de5ee8d",
	"b9278a96-c9eb-4778-bf35-636555dd8275");
INSERT INTO V_LIN
	VALUES ("d5d717d1-0601-4b14-bf00-827b8624f816",
	'5');
INSERT INTO V_PAR
	VALUES ("d5d717d1-0601-4b14-bf00-827b8624f816",
	"5c4aa1de-bc49-464a-b4af-988395f9c7c6",
	"00000000-0000-0000-0000-000000000000",
	'column',
	"2b8b5c56-c830-4ebb-b9c3-b499a8750081",
	8,
	25);
INSERT INTO V_VAL
	VALUES ("2b8b5c56-c830-4ebb-b9c3-b499a8750081",
	0,
	0,
	8,
	42,
	42,
	0,
	0,
	0,
	0,
	"811f1dd7-74f0-407e-b449-939d0de5ee8d",
	"b9278a96-c9eb-4778-bf35-636555dd8275");
INSERT INTO V_LIN
	VALUES ("2b8b5c56-c830-4ebb-b9c3-b499a8750081",
	'1');
INSERT INTO V_PAR
	VALUES ("2b8b5c56-c830-4ebb-b9c3-b499a8750081",
	"5c4aa1de-bc49-464a-b4af-988395f9c7c6",
	"00000000-0000-0000-0000-000000000000",
	'answer',
	"00000000-0000-0000-0000-000000000000",
	8,
	35);
INSERT INTO V_VAL
	VALUES ("284d62cf-0080-442b-aafd-b1ee4d11cdc9",
	0,
	0,
	9,
	22,
	22,
	0,
	0,
	0,
	0,
	"811f1dd7-74f0-407e-b449-939d0de5ee8d",
	"b9278a96-c9eb-4778-bf35-636555dd8275");
INSERT INTO V_LIN
	VALUES ("284d62cf-0080-442b-aafd-b1ee4d11cdc9",
	'2');
INSERT INTO V_PAR
	VALUES ("284d62cf-0080-442b-aafd-b1ee4d11cdc9",
	"c4dfc2ff-0043-43fd-942e-72390bf0f728",
	"00000000-0000-0000-0000-000000000000",
	'row',
	"6f11433a-78f3-4d24-8386-9b4c49e0f251",
	9,
	18);
INSERT INTO V_VAL
	VALUES ("6f11433a-78f3-4d24-8386-9b4c49e0f251",
	0,
	0,
	9,
	32,
	32,
	0,
	0,
	0,
	0,
	"811f1dd7-74f0-407e-b449-939d0de5ee8d",
	"b9278a96-c9eb-4778-bf35-636555dd8275");
INSERT INTO V_LIN
	VALUES ("6f11433a-78f3-4d24-8386-9b4c49e0f251",
	'6');
INSERT INTO V_PAR
	VALUES ("6f11433a-78f3-4d24-8386-9b4c49e0f251",
	"c4dfc2ff-0043-43fd-942e-72390bf0f728",
	"00000000-0000-0000-0000-000000000000",
	'column',
	"2e7dcc53-5cd0-4fd6-83e5-5949553cb8cf",
	9,
	25);
INSERT INTO V_VAL
	VALUES ("2e7dcc53-5cd0-4fd6-83e5-5949553cb8cf",
	0,
	0,
	9,
	42,
	42,
	0,
	0,
	0,
	0,
	"811f1dd7-74f0-407e-b449-939d0de5ee8d",
	"b9278a96-c9eb-4778-bf35-636555dd8275");
INSERT INTO V_LIN
	VALUES ("2e7dcc53-5cd0-4fd6-83e5-5949553cb8cf",
	'4');
INSERT INTO V_PAR
	VALUES ("2e7dcc53-5cd0-4fd6-83e5-5949553cb8cf",
	"c4dfc2ff-0043-43fd-942e-72390bf0f728",
	"00000000-0000-0000-0000-000000000000",
	'answer',
	"00000000-0000-0000-0000-000000000000",
	9,
	35);
INSERT INTO V_VAL
	VALUES ("77faa751-79b4-46bc-90bb-0b951871f427",
	0,
	0,
	10,
	22,
	22,
	0,
	0,
	0,
	0,
	"811f1dd7-74f0-407e-b449-939d0de5ee8d",
	"b9278a96-c9eb-4778-bf35-636555dd8275");
INSERT INTO V_LIN
	VALUES ("77faa751-79b4-46bc-90bb-0b951871f427",
	'2');
INSERT INTO V_PAR
	VALUES ("77faa751-79b4-46bc-90bb-0b951871f427",
	"911eab82-36b3-4471-8c7b-35019400ccc9",
	"00000000-0000-0000-0000-000000000000",
	'row',
	"a96d11e6-96a8-4368-be62-8d671b69e2c8",
	10,
	18);
INSERT INTO V_VAL
	VALUES ("a96d11e6-96a8-4368-be62-8d671b69e2c8",
	0,
	0,
	10,
	32,
	32,
	0,
	0,
	0,
	0,
	"811f1dd7-74f0-407e-b449-939d0de5ee8d",
	"b9278a96-c9eb-4778-bf35-636555dd8275");
INSERT INTO V_LIN
	VALUES ("a96d11e6-96a8-4368-be62-8d671b69e2c8",
	'8');
INSERT INTO V_PAR
	VALUES ("a96d11e6-96a8-4368-be62-8d671b69e2c8",
	"911eab82-36b3-4471-8c7b-35019400ccc9",
	"00000000-0000-0000-0000-000000000000",
	'column',
	"cfaac8af-eec7-45ad-aa81-bab8a7719644",
	10,
	25);
INSERT INTO V_VAL
	VALUES ("cfaac8af-eec7-45ad-aa81-bab8a7719644",
	0,
	0,
	10,
	42,
	42,
	0,
	0,
	0,
	0,
	"811f1dd7-74f0-407e-b449-939d0de5ee8d",
	"b9278a96-c9eb-4778-bf35-636555dd8275");
INSERT INTO V_LIN
	VALUES ("cfaac8af-eec7-45ad-aa81-bab8a7719644",
	'7');
INSERT INTO V_PAR
	VALUES ("cfaac8af-eec7-45ad-aa81-bab8a7719644",
	"911eab82-36b3-4471-8c7b-35019400ccc9",
	"00000000-0000-0000-0000-000000000000",
	'answer',
	"00000000-0000-0000-0000-000000000000",
	10,
	35);
INSERT INTO V_VAL
	VALUES ("a4a98f58-3551-4fee-91b7-c60e2886bd39",
	0,
	0,
	12,
	22,
	22,
	0,
	0,
	0,
	0,
	"811f1dd7-74f0-407e-b449-939d0de5ee8d",
	"b9278a96-c9eb-4778-bf35-636555dd8275");
INSERT INTO V_LIN
	VALUES ("a4a98f58-3551-4fee-91b7-c60e2886bd39",
	'3');
INSERT INTO V_PAR
	VALUES ("a4a98f58-3551-4fee-91b7-c60e2886bd39",
	"16a3d0c4-94b5-49a8-929e-af2bd3f41606",
	"00000000-0000-0000-0000-000000000000",
	'row',
	"442d0c82-ae4a-4437-9cf7-41352b6f64d6",
	12,
	18);
INSERT INTO V_VAL
	VALUES ("442d0c82-ae4a-4437-9cf7-41352b6f64d6",
	0,
	0,
	12,
	32,
	32,
	0,
	0,
	0,
	0,
	"811f1dd7-74f0-407e-b449-939d0de5ee8d",
	"b9278a96-c9eb-4778-bf35-636555dd8275");
INSERT INTO V_LIN
	VALUES ("442d0c82-ae4a-4437-9cf7-41352b6f64d6",
	'1');
INSERT INTO V_PAR
	VALUES ("442d0c82-ae4a-4437-9cf7-41352b6f64d6",
	"16a3d0c4-94b5-49a8-929e-af2bd3f41606",
	"00000000-0000-0000-0000-000000000000",
	'column',
	"f3d50a5d-0926-4a4a-a5f2-6809a38aed67",
	12,
	25);
INSERT INTO V_VAL
	VALUES ("f3d50a5d-0926-4a4a-a5f2-6809a38aed67",
	0,
	0,
	12,
	42,
	42,
	0,
	0,
	0,
	0,
	"811f1dd7-74f0-407e-b449-939d0de5ee8d",
	"b9278a96-c9eb-4778-bf35-636555dd8275");
INSERT INTO V_LIN
	VALUES ("f3d50a5d-0926-4a4a-a5f2-6809a38aed67",
	'1');
INSERT INTO V_PAR
	VALUES ("f3d50a5d-0926-4a4a-a5f2-6809a38aed67",
	"16a3d0c4-94b5-49a8-929e-af2bd3f41606",
	"00000000-0000-0000-0000-000000000000",
	'answer',
	"00000000-0000-0000-0000-000000000000",
	12,
	35);
INSERT INTO V_VAL
	VALUES ("ea7f86a5-3865-456b-94e3-e2a1a448e26f",
	0,
	0,
	13,
	22,
	22,
	0,
	0,
	0,
	0,
	"811f1dd7-74f0-407e-b449-939d0de5ee8d",
	"b9278a96-c9eb-4778-bf35-636555dd8275");
INSERT INTO V_LIN
	VALUES ("ea7f86a5-3865-456b-94e3-e2a1a448e26f",
	'3');
INSERT INTO V_PAR
	VALUES ("ea7f86a5-3865-456b-94e3-e2a1a448e26f",
	"9193dafa-7c8c-4c0d-a190-7ed167c0d032",
	"00000000-0000-0000-0000-000000000000",
	'row',
	"7ff7413c-8d3c-4f1c-9890-f0926250f623",
	13,
	18);
INSERT INTO V_VAL
	VALUES ("7ff7413c-8d3c-4f1c-9890-f0926250f623",
	0,
	0,
	13,
	32,
	32,
	0,
	0,
	0,
	0,
	"811f1dd7-74f0-407e-b449-939d0de5ee8d",
	"b9278a96-c9eb-4778-bf35-636555dd8275");
INSERT INTO V_LIN
	VALUES ("7ff7413c-8d3c-4f1c-9890-f0926250f623",
	'2');
INSERT INTO V_PAR
	VALUES ("7ff7413c-8d3c-4f1c-9890-f0926250f623",
	"9193dafa-7c8c-4c0d-a190-7ed167c0d032",
	"00000000-0000-0000-0000-000000000000",
	'column',
	"82c8cf10-5fb4-41a9-bd56-b4a563578021",
	13,
	25);
INSERT INTO V_VAL
	VALUES ("82c8cf10-5fb4-41a9-bd56-b4a563578021",
	0,
	0,
	13,
	42,
	42,
	0,
	0,
	0,
	0,
	"811f1dd7-74f0-407e-b449-939d0de5ee8d",
	"b9278a96-c9eb-4778-bf35-636555dd8275");
INSERT INTO V_LIN
	VALUES ("82c8cf10-5fb4-41a9-bd56-b4a563578021",
	'5');
INSERT INTO V_PAR
	VALUES ("82c8cf10-5fb4-41a9-bd56-b4a563578021",
	"9193dafa-7c8c-4c0d-a190-7ed167c0d032",
	"00000000-0000-0000-0000-000000000000",
	'answer',
	"00000000-0000-0000-0000-000000000000",
	13,
	35);
INSERT INTO V_VAL
	VALUES ("e12b5b2f-8c58-4ec1-b680-47ff374fe099",
	0,
	0,
	14,
	22,
	22,
	0,
	0,
	0,
	0,
	"811f1dd7-74f0-407e-b449-939d0de5ee8d",
	"b9278a96-c9eb-4778-bf35-636555dd8275");
INSERT INTO V_LIN
	VALUES ("e12b5b2f-8c58-4ec1-b680-47ff374fe099",
	'3');
INSERT INTO V_PAR
	VALUES ("e12b5b2f-8c58-4ec1-b680-47ff374fe099",
	"3fe3d588-999b-4f26-aef3-340f872127bd",
	"00000000-0000-0000-0000-000000000000",
	'row',
	"27d33f63-7e31-4dd4-98cd-7218079a45b9",
	14,
	18);
INSERT INTO V_VAL
	VALUES ("27d33f63-7e31-4dd4-98cd-7218079a45b9",
	0,
	0,
	14,
	32,
	32,
	0,
	0,
	0,
	0,
	"811f1dd7-74f0-407e-b449-939d0de5ee8d",
	"b9278a96-c9eb-4778-bf35-636555dd8275");
INSERT INTO V_LIN
	VALUES ("27d33f63-7e31-4dd4-98cd-7218079a45b9",
	'3');
INSERT INTO V_PAR
	VALUES ("27d33f63-7e31-4dd4-98cd-7218079a45b9",
	"3fe3d588-999b-4f26-aef3-340f872127bd",
	"00000000-0000-0000-0000-000000000000",
	'column',
	"89413656-2ef7-4f1e-a350-256cb1eb6944",
	14,
	25);
INSERT INTO V_VAL
	VALUES ("89413656-2ef7-4f1e-a350-256cb1eb6944",
	0,
	0,
	14,
	42,
	42,
	0,
	0,
	0,
	0,
	"811f1dd7-74f0-407e-b449-939d0de5ee8d",
	"b9278a96-c9eb-4778-bf35-636555dd8275");
INSERT INTO V_LIN
	VALUES ("89413656-2ef7-4f1e-a350-256cb1eb6944",
	'6');
INSERT INTO V_PAR
	VALUES ("89413656-2ef7-4f1e-a350-256cb1eb6944",
	"3fe3d588-999b-4f26-aef3-340f872127bd",
	"00000000-0000-0000-0000-000000000000",
	'answer',
	"00000000-0000-0000-0000-000000000000",
	14,
	35);
INSERT INTO V_VAL
	VALUES ("d4812886-a2c8-4120-a4d2-b77ffb74a62f",
	0,
	0,
	15,
	22,
	22,
	0,
	0,
	0,
	0,
	"811f1dd7-74f0-407e-b449-939d0de5ee8d",
	"b9278a96-c9eb-4778-bf35-636555dd8275");
INSERT INTO V_LIN
	VALUES ("d4812886-a2c8-4120-a4d2-b77ffb74a62f",
	'3');
INSERT INTO V_PAR
	VALUES ("d4812886-a2c8-4120-a4d2-b77ffb74a62f",
	"c690ca26-5d4c-4a98-814b-f8e6bb233a39",
	"00000000-0000-0000-0000-000000000000",
	'row',
	"9a92c2cd-542e-4bbd-b9ba-0c45496fb40a",
	15,
	18);
INSERT INTO V_VAL
	VALUES ("9a92c2cd-542e-4bbd-b9ba-0c45496fb40a",
	0,
	0,
	15,
	32,
	32,
	0,
	0,
	0,
	0,
	"811f1dd7-74f0-407e-b449-939d0de5ee8d",
	"b9278a96-c9eb-4778-bf35-636555dd8275");
INSERT INTO V_LIN
	VALUES ("9a92c2cd-542e-4bbd-b9ba-0c45496fb40a",
	'8');
INSERT INTO V_PAR
	VALUES ("9a92c2cd-542e-4bbd-b9ba-0c45496fb40a",
	"c690ca26-5d4c-4a98-814b-f8e6bb233a39",
	"00000000-0000-0000-0000-000000000000",
	'column',
	"d7903f18-d923-4498-ba08-f2fff06bdf77",
	15,
	25);
INSERT INTO V_VAL
	VALUES ("d7903f18-d923-4498-ba08-f2fff06bdf77",
	0,
	0,
	15,
	42,
	42,
	0,
	0,
	0,
	0,
	"811f1dd7-74f0-407e-b449-939d0de5ee8d",
	"b9278a96-c9eb-4778-bf35-636555dd8275");
INSERT INTO V_LIN
	VALUES ("d7903f18-d923-4498-ba08-f2fff06bdf77",
	'8');
INSERT INTO V_PAR
	VALUES ("d7903f18-d923-4498-ba08-f2fff06bdf77",
	"c690ca26-5d4c-4a98-814b-f8e6bb233a39",
	"00000000-0000-0000-0000-000000000000",
	'answer',
	"00000000-0000-0000-0000-000000000000",
	15,
	35);
INSERT INTO V_VAL
	VALUES ("85fefd1f-a96d-4cf4-842f-358d7d3ef860",
	0,
	0,
	17,
	22,
	22,
	0,
	0,
	0,
	0,
	"811f1dd7-74f0-407e-b449-939d0de5ee8d",
	"b9278a96-c9eb-4778-bf35-636555dd8275");
INSERT INTO V_LIN
	VALUES ("85fefd1f-a96d-4cf4-842f-358d7d3ef860",
	'4');
INSERT INTO V_PAR
	VALUES ("85fefd1f-a96d-4cf4-842f-358d7d3ef860",
	"ddb7a9dd-dcd0-430c-a6fe-f18c15fd14da",
	"00000000-0000-0000-0000-000000000000",
	'row',
	"239969dc-d27f-4c64-9b6c-455e6de80d6f",
	17,
	18);
INSERT INTO V_VAL
	VALUES ("239969dc-d27f-4c64-9b6c-455e6de80d6f",
	0,
	0,
	17,
	32,
	32,
	0,
	0,
	0,
	0,
	"811f1dd7-74f0-407e-b449-939d0de5ee8d",
	"b9278a96-c9eb-4778-bf35-636555dd8275");
INSERT INTO V_LIN
	VALUES ("239969dc-d27f-4c64-9b6c-455e6de80d6f",
	'1');
INSERT INTO V_PAR
	VALUES ("239969dc-d27f-4c64-9b6c-455e6de80d6f",
	"ddb7a9dd-dcd0-430c-a6fe-f18c15fd14da",
	"00000000-0000-0000-0000-000000000000",
	'column',
	"484885d2-4648-4824-9562-0fe676b627f6",
	17,
	25);
INSERT INTO V_VAL
	VALUES ("484885d2-4648-4824-9562-0fe676b627f6",
	0,
	0,
	17,
	42,
	42,
	0,
	0,
	0,
	0,
	"811f1dd7-74f0-407e-b449-939d0de5ee8d",
	"b9278a96-c9eb-4778-bf35-636555dd8275");
INSERT INTO V_LIN
	VALUES ("484885d2-4648-4824-9562-0fe676b627f6",
	'9');
INSERT INTO V_PAR
	VALUES ("484885d2-4648-4824-9562-0fe676b627f6",
	"ddb7a9dd-dcd0-430c-a6fe-f18c15fd14da",
	"00000000-0000-0000-0000-000000000000",
	'answer',
	"00000000-0000-0000-0000-000000000000",
	17,
	35);
INSERT INTO V_VAL
	VALUES ("289f87f9-27b2-4ab7-8da7-c3d617436c5f",
	0,
	0,
	18,
	22,
	22,
	0,
	0,
	0,
	0,
	"811f1dd7-74f0-407e-b449-939d0de5ee8d",
	"b9278a96-c9eb-4778-bf35-636555dd8275");
INSERT INTO V_LIN
	VALUES ("289f87f9-27b2-4ab7-8da7-c3d617436c5f",
	'4');
INSERT INTO V_PAR
	VALUES ("289f87f9-27b2-4ab7-8da7-c3d617436c5f",
	"640c950c-09d4-4653-b4e1-36ceb1d79d2b",
	"00000000-0000-0000-0000-000000000000",
	'row',
	"f3deab65-8c26-4e46-ad32-0bcf91cdb550",
	18,
	18);
INSERT INTO V_VAL
	VALUES ("f3deab65-8c26-4e46-ad32-0bcf91cdb550",
	0,
	0,
	18,
	32,
	32,
	0,
	0,
	0,
	0,
	"811f1dd7-74f0-407e-b449-939d0de5ee8d",
	"b9278a96-c9eb-4778-bf35-636555dd8275");
INSERT INTO V_LIN
	VALUES ("f3deab65-8c26-4e46-ad32-0bcf91cdb550",
	'5');
INSERT INTO V_PAR
	VALUES ("f3deab65-8c26-4e46-ad32-0bcf91cdb550",
	"640c950c-09d4-4653-b4e1-36ceb1d79d2b",
	"00000000-0000-0000-0000-000000000000",
	'column',
	"682deeb3-e687-47c2-8e9d-aa5b532719ad",
	18,
	25);
INSERT INTO V_VAL
	VALUES ("682deeb3-e687-47c2-8e9d-aa5b532719ad",
	0,
	0,
	18,
	42,
	42,
	0,
	0,
	0,
	0,
	"811f1dd7-74f0-407e-b449-939d0de5ee8d",
	"b9278a96-c9eb-4778-bf35-636555dd8275");
INSERT INTO V_LIN
	VALUES ("682deeb3-e687-47c2-8e9d-aa5b532719ad",
	'8');
INSERT INTO V_PAR
	VALUES ("682deeb3-e687-47c2-8e9d-aa5b532719ad",
	"640c950c-09d4-4653-b4e1-36ceb1d79d2b",
	"00000000-0000-0000-0000-000000000000",
	'answer',
	"00000000-0000-0000-0000-000000000000",
	18,
	35);
INSERT INTO V_VAL
	VALUES ("fe839381-92f6-4564-b8bc-b2abde8b87e4",
	0,
	0,
	19,
	22,
	22,
	0,
	0,
	0,
	0,
	"811f1dd7-74f0-407e-b449-939d0de5ee8d",
	"b9278a96-c9eb-4778-bf35-636555dd8275");
INSERT INTO V_LIN
	VALUES ("fe839381-92f6-4564-b8bc-b2abde8b87e4",
	'4');
INSERT INTO V_PAR
	VALUES ("fe839381-92f6-4564-b8bc-b2abde8b87e4",
	"46d3f46e-4307-48d8-add1-59c7620345f1",
	"00000000-0000-0000-0000-000000000000",
	'row',
	"e3cc13b6-5a92-4928-9050-186bba7d61f7",
	19,
	18);
INSERT INTO V_VAL
	VALUES ("e3cc13b6-5a92-4928-9050-186bba7d61f7",
	0,
	0,
	19,
	32,
	32,
	0,
	0,
	0,
	0,
	"811f1dd7-74f0-407e-b449-939d0de5ee8d",
	"b9278a96-c9eb-4778-bf35-636555dd8275");
INSERT INTO V_LIN
	VALUES ("e3cc13b6-5a92-4928-9050-186bba7d61f7",
	'9');
INSERT INTO V_PAR
	VALUES ("e3cc13b6-5a92-4928-9050-186bba7d61f7",
	"46d3f46e-4307-48d8-add1-59c7620345f1",
	"00000000-0000-0000-0000-000000000000",
	'column',
	"5c66b3ee-efed-4842-8d32-39234c468df4",
	19,
	25);
INSERT INTO V_VAL
	VALUES ("5c66b3ee-efed-4842-8d32-39234c468df4",
	0,
	0,
	19,
	42,
	42,
	0,
	0,
	0,
	0,
	"811f1dd7-74f0-407e-b449-939d0de5ee8d",
	"b9278a96-c9eb-4778-bf35-636555dd8275");
INSERT INTO V_LIN
	VALUES ("5c66b3ee-efed-4842-8d32-39234c468df4",
	'1');
INSERT INTO V_PAR
	VALUES ("5c66b3ee-efed-4842-8d32-39234c468df4",
	"46d3f46e-4307-48d8-add1-59c7620345f1",
	"00000000-0000-0000-0000-000000000000",
	'answer',
	"00000000-0000-0000-0000-000000000000",
	19,
	35);
INSERT INTO V_VAL
	VALUES ("a7ade839-54bb-4e7b-b635-f893dbd10600",
	0,
	0,
	21,
	22,
	22,
	0,
	0,
	0,
	0,
	"811f1dd7-74f0-407e-b449-939d0de5ee8d",
	"b9278a96-c9eb-4778-bf35-636555dd8275");
INSERT INTO V_LIN
	VALUES ("a7ade839-54bb-4e7b-b635-f893dbd10600",
	'5');
INSERT INTO V_PAR
	VALUES ("a7ade839-54bb-4e7b-b635-f893dbd10600",
	"d8035899-5f9a-40d0-a8ef-14e881344cec",
	"00000000-0000-0000-0000-000000000000",
	'row',
	"62033643-ba9d-4952-9840-7278a553931f",
	21,
	18);
INSERT INTO V_VAL
	VALUES ("62033643-ba9d-4952-9840-7278a553931f",
	0,
	0,
	21,
	32,
	32,
	0,
	0,
	0,
	0,
	"811f1dd7-74f0-407e-b449-939d0de5ee8d",
	"b9278a96-c9eb-4778-bf35-636555dd8275");
INSERT INTO V_LIN
	VALUES ("62033643-ba9d-4952-9840-7278a553931f",
	'1');
INSERT INTO V_PAR
	VALUES ("62033643-ba9d-4952-9840-7278a553931f",
	"d8035899-5f9a-40d0-a8ef-14e881344cec",
	"00000000-0000-0000-0000-000000000000",
	'column',
	"0030dfc1-eb9f-4c8b-92c7-0a4b1e6f7649",
	21,
	25);
INSERT INTO V_VAL
	VALUES ("0030dfc1-eb9f-4c8b-92c7-0a4b1e6f7649",
	0,
	0,
	21,
	42,
	42,
	0,
	0,
	0,
	0,
	"811f1dd7-74f0-407e-b449-939d0de5ee8d",
	"b9278a96-c9eb-4778-bf35-636555dd8275");
INSERT INTO V_LIN
	VALUES ("0030dfc1-eb9f-4c8b-92c7-0a4b1e6f7649",
	'7');
INSERT INTO V_PAR
	VALUES ("0030dfc1-eb9f-4c8b-92c7-0a4b1e6f7649",
	"d8035899-5f9a-40d0-a8ef-14e881344cec",
	"00000000-0000-0000-0000-000000000000",
	'answer',
	"00000000-0000-0000-0000-000000000000",
	21,
	35);
INSERT INTO V_VAL
	VALUES ("342c5cad-3ff0-4dde-87f4-fb6476e92a5e",
	0,
	0,
	22,
	22,
	22,
	0,
	0,
	0,
	0,
	"811f1dd7-74f0-407e-b449-939d0de5ee8d",
	"b9278a96-c9eb-4778-bf35-636555dd8275");
INSERT INTO V_LIN
	VALUES ("342c5cad-3ff0-4dde-87f4-fb6476e92a5e",
	'5');
INSERT INTO V_PAR
	VALUES ("342c5cad-3ff0-4dde-87f4-fb6476e92a5e",
	"6503fe7a-b7e5-415d-aaa7-d75439f51495",
	"00000000-0000-0000-0000-000000000000",
	'row',
	"33eaf620-d9a4-4651-a0fc-7d82b953b168",
	22,
	18);
INSERT INTO V_VAL
	VALUES ("33eaf620-d9a4-4651-a0fc-7d82b953b168",
	0,
	0,
	22,
	32,
	32,
	0,
	0,
	0,
	0,
	"811f1dd7-74f0-407e-b449-939d0de5ee8d",
	"b9278a96-c9eb-4778-bf35-636555dd8275");
INSERT INTO V_LIN
	VALUES ("33eaf620-d9a4-4651-a0fc-7d82b953b168",
	'4');
INSERT INTO V_PAR
	VALUES ("33eaf620-d9a4-4651-a0fc-7d82b953b168",
	"6503fe7a-b7e5-415d-aaa7-d75439f51495",
	"00000000-0000-0000-0000-000000000000",
	'column',
	"812c5c81-47bc-4f2d-91e8-5f302a8f1e11",
	22,
	25);
INSERT INTO V_VAL
	VALUES ("812c5c81-47bc-4f2d-91e8-5f302a8f1e11",
	0,
	0,
	22,
	42,
	42,
	0,
	0,
	0,
	0,
	"811f1dd7-74f0-407e-b449-939d0de5ee8d",
	"b9278a96-c9eb-4778-bf35-636555dd8275");
INSERT INTO V_LIN
	VALUES ("812c5c81-47bc-4f2d-91e8-5f302a8f1e11",
	'9');
INSERT INTO V_PAR
	VALUES ("812c5c81-47bc-4f2d-91e8-5f302a8f1e11",
	"6503fe7a-b7e5-415d-aaa7-d75439f51495",
	"00000000-0000-0000-0000-000000000000",
	'answer',
	"00000000-0000-0000-0000-000000000000",
	22,
	35);
INSERT INTO V_VAL
	VALUES ("a118e0be-6976-4aa2-a0cf-2b2060fd0f66",
	0,
	0,
	23,
	22,
	22,
	0,
	0,
	0,
	0,
	"811f1dd7-74f0-407e-b449-939d0de5ee8d",
	"b9278a96-c9eb-4778-bf35-636555dd8275");
INSERT INTO V_LIN
	VALUES ("a118e0be-6976-4aa2-a0cf-2b2060fd0f66",
	'5');
INSERT INTO V_PAR
	VALUES ("a118e0be-6976-4aa2-a0cf-2b2060fd0f66",
	"1fd2f754-58fb-43a1-8913-8b0c8106b9c4",
	"00000000-0000-0000-0000-000000000000",
	'row',
	"a2fe3057-7f34-4c31-9d88-ab8b0dc4a152",
	23,
	18);
INSERT INTO V_VAL
	VALUES ("a2fe3057-7f34-4c31-9d88-ab8b0dc4a152",
	0,
	0,
	23,
	32,
	32,
	0,
	0,
	0,
	0,
	"811f1dd7-74f0-407e-b449-939d0de5ee8d",
	"b9278a96-c9eb-4778-bf35-636555dd8275");
INSERT INTO V_LIN
	VALUES ("a2fe3057-7f34-4c31-9d88-ab8b0dc4a152",
	'6');
INSERT INTO V_PAR
	VALUES ("a2fe3057-7f34-4c31-9d88-ab8b0dc4a152",
	"1fd2f754-58fb-43a1-8913-8b0c8106b9c4",
	"00000000-0000-0000-0000-000000000000",
	'column',
	"7dae41e6-79d9-4862-85f4-e56cc30b71e9",
	23,
	25);
INSERT INTO V_VAL
	VALUES ("7dae41e6-79d9-4862-85f4-e56cc30b71e9",
	0,
	0,
	23,
	42,
	42,
	0,
	0,
	0,
	0,
	"811f1dd7-74f0-407e-b449-939d0de5ee8d",
	"b9278a96-c9eb-4778-bf35-636555dd8275");
INSERT INTO V_LIN
	VALUES ("7dae41e6-79d9-4862-85f4-e56cc30b71e9",
	'5');
INSERT INTO V_PAR
	VALUES ("7dae41e6-79d9-4862-85f4-e56cc30b71e9",
	"1fd2f754-58fb-43a1-8913-8b0c8106b9c4",
	"00000000-0000-0000-0000-000000000000",
	'answer',
	"00000000-0000-0000-0000-000000000000",
	23,
	35);
INSERT INTO V_VAL
	VALUES ("19123df7-1a3b-4e32-ad45-127d778b4a2d",
	0,
	0,
	24,
	22,
	22,
	0,
	0,
	0,
	0,
	"811f1dd7-74f0-407e-b449-939d0de5ee8d",
	"b9278a96-c9eb-4778-bf35-636555dd8275");
INSERT INTO V_LIN
	VALUES ("19123df7-1a3b-4e32-ad45-127d778b4a2d",
	'5');
INSERT INTO V_PAR
	VALUES ("19123df7-1a3b-4e32-ad45-127d778b4a2d",
	"5ca8b1e4-a1b7-4566-b19e-4aad1482a693",
	"00000000-0000-0000-0000-000000000000",
	'row',
	"d1040386-7789-4ea0-849f-823e4706005d",
	24,
	18);
INSERT INTO V_VAL
	VALUES ("d1040386-7789-4ea0-849f-823e4706005d",
	0,
	0,
	24,
	32,
	32,
	0,
	0,
	0,
	0,
	"811f1dd7-74f0-407e-b449-939d0de5ee8d",
	"b9278a96-c9eb-4778-bf35-636555dd8275");
INSERT INTO V_LIN
	VALUES ("d1040386-7789-4ea0-849f-823e4706005d",
	'9');
INSERT INTO V_PAR
	VALUES ("d1040386-7789-4ea0-849f-823e4706005d",
	"5ca8b1e4-a1b7-4566-b19e-4aad1482a693",
	"00000000-0000-0000-0000-000000000000",
	'column',
	"835d28ab-9e78-407b-a0ab-e664f4441d9f",
	24,
	25);
INSERT INTO V_VAL
	VALUES ("835d28ab-9e78-407b-a0ab-e664f4441d9f",
	0,
	0,
	24,
	42,
	42,
	0,
	0,
	0,
	0,
	"811f1dd7-74f0-407e-b449-939d0de5ee8d",
	"b9278a96-c9eb-4778-bf35-636555dd8275");
INSERT INTO V_LIN
	VALUES ("835d28ab-9e78-407b-a0ab-e664f4441d9f",
	'2');
INSERT INTO V_PAR
	VALUES ("835d28ab-9e78-407b-a0ab-e664f4441d9f",
	"5ca8b1e4-a1b7-4566-b19e-4aad1482a693",
	"00000000-0000-0000-0000-000000000000",
	'answer',
	"00000000-0000-0000-0000-000000000000",
	24,
	35);
INSERT INTO V_VAL
	VALUES ("64b86910-326f-44a2-a62f-020b35f5df73",
	0,
	0,
	26,
	22,
	22,
	0,
	0,
	0,
	0,
	"811f1dd7-74f0-407e-b449-939d0de5ee8d",
	"b9278a96-c9eb-4778-bf35-636555dd8275");
INSERT INTO V_LIN
	VALUES ("64b86910-326f-44a2-a62f-020b35f5df73",
	'6');
INSERT INTO V_PAR
	VALUES ("64b86910-326f-44a2-a62f-020b35f5df73",
	"d96767ff-5c11-4c22-9553-dc6b64528825",
	"00000000-0000-0000-0000-000000000000",
	'row',
	"91c708d2-a884-4bcf-ab56-9aef9dfbea9e",
	26,
	18);
INSERT INTO V_VAL
	VALUES ("91c708d2-a884-4bcf-ab56-9aef9dfbea9e",
	0,
	0,
	26,
	32,
	32,
	0,
	0,
	0,
	0,
	"811f1dd7-74f0-407e-b449-939d0de5ee8d",
	"b9278a96-c9eb-4778-bf35-636555dd8275");
INSERT INTO V_LIN
	VALUES ("91c708d2-a884-4bcf-ab56-9aef9dfbea9e",
	'1');
INSERT INTO V_PAR
	VALUES ("91c708d2-a884-4bcf-ab56-9aef9dfbea9e",
	"d96767ff-5c11-4c22-9553-dc6b64528825",
	"00000000-0000-0000-0000-000000000000",
	'column',
	"6ad7d28d-85bd-4073-9ab0-f23d36a8fb60",
	26,
	25);
INSERT INTO V_VAL
	VALUES ("6ad7d28d-85bd-4073-9ab0-f23d36a8fb60",
	0,
	0,
	26,
	42,
	42,
	0,
	0,
	0,
	0,
	"811f1dd7-74f0-407e-b449-939d0de5ee8d",
	"b9278a96-c9eb-4778-bf35-636555dd8275");
INSERT INTO V_LIN
	VALUES ("6ad7d28d-85bd-4073-9ab0-f23d36a8fb60",
	'5');
INSERT INTO V_PAR
	VALUES ("6ad7d28d-85bd-4073-9ab0-f23d36a8fb60",
	"d96767ff-5c11-4c22-9553-dc6b64528825",
	"00000000-0000-0000-0000-000000000000",
	'answer',
	"00000000-0000-0000-0000-000000000000",
	26,
	35);
INSERT INTO V_VAL
	VALUES ("daf56514-5fcc-4aaa-a22d-e1c7c0cbad62",
	0,
	0,
	27,
	22,
	22,
	0,
	0,
	0,
	0,
	"811f1dd7-74f0-407e-b449-939d0de5ee8d",
	"b9278a96-c9eb-4778-bf35-636555dd8275");
INSERT INTO V_LIN
	VALUES ("daf56514-5fcc-4aaa-a22d-e1c7c0cbad62",
	'6');
INSERT INTO V_PAR
	VALUES ("daf56514-5fcc-4aaa-a22d-e1c7c0cbad62",
	"17a1c4f4-b24b-47f8-936d-aca46853c46f",
	"00000000-0000-0000-0000-000000000000",
	'row',
	"2f43ef79-c51c-4ed4-ba2c-6d05df26337b",
	27,
	18);
INSERT INTO V_VAL
	VALUES ("2f43ef79-c51c-4ed4-ba2c-6d05df26337b",
	0,
	0,
	27,
	32,
	32,
	0,
	0,
	0,
	0,
	"811f1dd7-74f0-407e-b449-939d0de5ee8d",
	"b9278a96-c9eb-4778-bf35-636555dd8275");
INSERT INTO V_LIN
	VALUES ("2f43ef79-c51c-4ed4-ba2c-6d05df26337b",
	'5');
INSERT INTO V_PAR
	VALUES ("2f43ef79-c51c-4ed4-ba2c-6d05df26337b",
	"17a1c4f4-b24b-47f8-936d-aca46853c46f",
	"00000000-0000-0000-0000-000000000000",
	'column',
	"425b9e56-73a3-4817-8ac5-2b8561780886",
	27,
	25);
INSERT INTO V_VAL
	VALUES ("425b9e56-73a3-4817-8ac5-2b8561780886",
	0,
	0,
	27,
	42,
	42,
	0,
	0,
	0,
	0,
	"811f1dd7-74f0-407e-b449-939d0de5ee8d",
	"b9278a96-c9eb-4778-bf35-636555dd8275");
INSERT INTO V_LIN
	VALUES ("425b9e56-73a3-4817-8ac5-2b8561780886",
	'3');
INSERT INTO V_PAR
	VALUES ("425b9e56-73a3-4817-8ac5-2b8561780886",
	"17a1c4f4-b24b-47f8-936d-aca46853c46f",
	"00000000-0000-0000-0000-000000000000",
	'answer',
	"00000000-0000-0000-0000-000000000000",
	27,
	35);
INSERT INTO V_VAL
	VALUES ("d0118e60-43fa-4b70-a4ed-c5b4dbc9ee26",
	0,
	0,
	28,
	22,
	22,
	0,
	0,
	0,
	0,
	"811f1dd7-74f0-407e-b449-939d0de5ee8d",
	"b9278a96-c9eb-4778-bf35-636555dd8275");
INSERT INTO V_LIN
	VALUES ("d0118e60-43fa-4b70-a4ed-c5b4dbc9ee26",
	'6');
INSERT INTO V_PAR
	VALUES ("d0118e60-43fa-4b70-a4ed-c5b4dbc9ee26",
	"3a03cc5b-5bc5-426e-94ca-cb98d1abd6f1",
	"00000000-0000-0000-0000-000000000000",
	'row',
	"38075b0b-3337-40fd-924b-db386d420dcc",
	28,
	18);
INSERT INTO V_VAL
	VALUES ("38075b0b-3337-40fd-924b-db386d420dcc",
	0,
	0,
	28,
	32,
	32,
	0,
	0,
	0,
	0,
	"811f1dd7-74f0-407e-b449-939d0de5ee8d",
	"b9278a96-c9eb-4778-bf35-636555dd8275");
INSERT INTO V_LIN
	VALUES ("38075b0b-3337-40fd-924b-db386d420dcc",
	'9');
INSERT INTO V_PAR
	VALUES ("38075b0b-3337-40fd-924b-db386d420dcc",
	"3a03cc5b-5bc5-426e-94ca-cb98d1abd6f1",
	"00000000-0000-0000-0000-000000000000",
	'column',
	"8d216f9e-85ce-441b-bdbb-a5535e445c11",
	28,
	25);
INSERT INTO V_VAL
	VALUES ("8d216f9e-85ce-441b-bdbb-a5535e445c11",
	0,
	0,
	28,
	42,
	42,
	0,
	0,
	0,
	0,
	"811f1dd7-74f0-407e-b449-939d0de5ee8d",
	"b9278a96-c9eb-4778-bf35-636555dd8275");
INSERT INTO V_LIN
	VALUES ("8d216f9e-85ce-441b-bdbb-a5535e445c11",
	'9');
INSERT INTO V_PAR
	VALUES ("8d216f9e-85ce-441b-bdbb-a5535e445c11",
	"3a03cc5b-5bc5-426e-94ca-cb98d1abd6f1",
	"00000000-0000-0000-0000-000000000000",
	'answer',
	"00000000-0000-0000-0000-000000000000",
	28,
	35);
INSERT INTO V_VAL
	VALUES ("7a56d111-4757-4891-b5c4-d33e0ee7c53a",
	0,
	0,
	30,
	22,
	22,
	0,
	0,
	0,
	0,
	"811f1dd7-74f0-407e-b449-939d0de5ee8d",
	"b9278a96-c9eb-4778-bf35-636555dd8275");
INSERT INTO V_LIN
	VALUES ("7a56d111-4757-4891-b5c4-d33e0ee7c53a",
	'7');
INSERT INTO V_PAR
	VALUES ("7a56d111-4757-4891-b5c4-d33e0ee7c53a",
	"9bc1f8c2-5a98-4f4f-9210-eb19bc8c64f5",
	"00000000-0000-0000-0000-000000000000",
	'row',
	"464e71ff-14f3-4a64-88af-6fdf32f0e0f5",
	30,
	18);
INSERT INTO V_VAL
	VALUES ("464e71ff-14f3-4a64-88af-6fdf32f0e0f5",
	0,
	0,
	30,
	32,
	32,
	0,
	0,
	0,
	0,
	"811f1dd7-74f0-407e-b449-939d0de5ee8d",
	"b9278a96-c9eb-4778-bf35-636555dd8275");
INSERT INTO V_LIN
	VALUES ("464e71ff-14f3-4a64-88af-6fdf32f0e0f5",
	'2');
INSERT INTO V_PAR
	VALUES ("464e71ff-14f3-4a64-88af-6fdf32f0e0f5",
	"9bc1f8c2-5a98-4f4f-9210-eb19bc8c64f5",
	"00000000-0000-0000-0000-000000000000",
	'column',
	"48274ade-23a0-4dfc-9576-651998cbd71e",
	30,
	25);
INSERT INTO V_VAL
	VALUES ("48274ade-23a0-4dfc-9576-651998cbd71e",
	0,
	0,
	30,
	42,
	42,
	0,
	0,
	0,
	0,
	"811f1dd7-74f0-407e-b449-939d0de5ee8d",
	"b9278a96-c9eb-4778-bf35-636555dd8275");
INSERT INTO V_LIN
	VALUES ("48274ade-23a0-4dfc-9576-651998cbd71e",
	'2');
INSERT INTO V_PAR
	VALUES ("48274ade-23a0-4dfc-9576-651998cbd71e",
	"9bc1f8c2-5a98-4f4f-9210-eb19bc8c64f5",
	"00000000-0000-0000-0000-000000000000",
	'answer',
	"00000000-0000-0000-0000-000000000000",
	30,
	35);
INSERT INTO V_VAL
	VALUES ("ccdb7db5-2384-4a2c-ac77-affc644be066",
	0,
	0,
	31,
	22,
	22,
	0,
	0,
	0,
	0,
	"811f1dd7-74f0-407e-b449-939d0de5ee8d",
	"b9278a96-c9eb-4778-bf35-636555dd8275");
INSERT INTO V_LIN
	VALUES ("ccdb7db5-2384-4a2c-ac77-affc644be066",
	'7');
INSERT INTO V_PAR
	VALUES ("ccdb7db5-2384-4a2c-ac77-affc644be066",
	"0c217217-fdb4-428c-93d2-05f42cf6f64e",
	"00000000-0000-0000-0000-000000000000",
	'row',
	"841f4127-6372-448b-9d62-db43d2e09971",
	31,
	18);
INSERT INTO V_VAL
	VALUES ("841f4127-6372-448b-9d62-db43d2e09971",
	0,
	0,
	31,
	32,
	32,
	0,
	0,
	0,
	0,
	"811f1dd7-74f0-407e-b449-939d0de5ee8d",
	"b9278a96-c9eb-4778-bf35-636555dd8275");
INSERT INTO V_LIN
	VALUES ("841f4127-6372-448b-9d62-db43d2e09971",
	'7');
INSERT INTO V_PAR
	VALUES ("841f4127-6372-448b-9d62-db43d2e09971",
	"0c217217-fdb4-428c-93d2-05f42cf6f64e",
	"00000000-0000-0000-0000-000000000000",
	'column',
	"70f37291-0415-4de9-87a8-c4f269a466ab",
	31,
	25);
INSERT INTO V_VAL
	VALUES ("70f37291-0415-4de9-87a8-c4f269a466ab",
	0,
	0,
	31,
	42,
	42,
	0,
	0,
	0,
	0,
	"811f1dd7-74f0-407e-b449-939d0de5ee8d",
	"b9278a96-c9eb-4778-bf35-636555dd8275");
INSERT INTO V_LIN
	VALUES ("70f37291-0415-4de9-87a8-c4f269a466ab",
	'4');
INSERT INTO V_PAR
	VALUES ("70f37291-0415-4de9-87a8-c4f269a466ab",
	"0c217217-fdb4-428c-93d2-05f42cf6f64e",
	"00000000-0000-0000-0000-000000000000",
	'answer',
	"00000000-0000-0000-0000-000000000000",
	31,
	35);
INSERT INTO V_VAL
	VALUES ("0b36c96a-bfc8-4a97-aa45-4f6aa5c6f26f",
	0,
	0,
	32,
	22,
	22,
	0,
	0,
	0,
	0,
	"811f1dd7-74f0-407e-b449-939d0de5ee8d",
	"b9278a96-c9eb-4778-bf35-636555dd8275");
INSERT INTO V_LIN
	VALUES ("0b36c96a-bfc8-4a97-aa45-4f6aa5c6f26f",
	'7');
INSERT INTO V_PAR
	VALUES ("0b36c96a-bfc8-4a97-aa45-4f6aa5c6f26f",
	"0a989c9e-c591-4532-a99b-b64127927b93",
	"00000000-0000-0000-0000-000000000000",
	'row',
	"d6f9e519-22f1-48fa-b2a1-42d83b5e32cf",
	32,
	18);
INSERT INTO V_VAL
	VALUES ("d6f9e519-22f1-48fa-b2a1-42d83b5e32cf",
	0,
	0,
	32,
	32,
	32,
	0,
	0,
	0,
	0,
	"811f1dd7-74f0-407e-b449-939d0de5ee8d",
	"b9278a96-c9eb-4778-bf35-636555dd8275");
INSERT INTO V_LIN
	VALUES ("d6f9e519-22f1-48fa-b2a1-42d83b5e32cf",
	'8');
INSERT INTO V_PAR
	VALUES ("d6f9e519-22f1-48fa-b2a1-42d83b5e32cf",
	"0a989c9e-c591-4532-a99b-b64127927b93",
	"00000000-0000-0000-0000-000000000000",
	'column',
	"0ae19487-47ab-461a-a17e-d97618f0ba2a",
	32,
	25);
INSERT INTO V_VAL
	VALUES ("0ae19487-47ab-461a-a17e-d97618f0ba2a",
	0,
	0,
	32,
	42,
	42,
	0,
	0,
	0,
	0,
	"811f1dd7-74f0-407e-b449-939d0de5ee8d",
	"b9278a96-c9eb-4778-bf35-636555dd8275");
INSERT INTO V_LIN
	VALUES ("0ae19487-47ab-461a-a17e-d97618f0ba2a",
	'1');
INSERT INTO V_PAR
	VALUES ("0ae19487-47ab-461a-a17e-d97618f0ba2a",
	"0a989c9e-c591-4532-a99b-b64127927b93",
	"00000000-0000-0000-0000-000000000000",
	'answer',
	"00000000-0000-0000-0000-000000000000",
	32,
	35);
INSERT INTO V_VAL
	VALUES ("ebea781c-fb76-418d-ac06-bff15a633f2a",
	0,
	0,
	33,
	22,
	22,
	0,
	0,
	0,
	0,
	"811f1dd7-74f0-407e-b449-939d0de5ee8d",
	"b9278a96-c9eb-4778-bf35-636555dd8275");
INSERT INTO V_LIN
	VALUES ("ebea781c-fb76-418d-ac06-bff15a633f2a",
	'7');
INSERT INTO V_PAR
	VALUES ("ebea781c-fb76-418d-ac06-bff15a633f2a",
	"c4dac053-bfc2-4021-b0e3-00b8f35867b5",
	"00000000-0000-0000-0000-000000000000",
	'row',
	"0caa9cc2-4a76-4742-8a78-32d771774a7e",
	33,
	18);
INSERT INTO V_VAL
	VALUES ("0caa9cc2-4a76-4742-8a78-32d771774a7e",
	0,
	0,
	33,
	32,
	32,
	0,
	0,
	0,
	0,
	"811f1dd7-74f0-407e-b449-939d0de5ee8d",
	"b9278a96-c9eb-4778-bf35-636555dd8275");
INSERT INTO V_LIN
	VALUES ("0caa9cc2-4a76-4742-8a78-32d771774a7e",
	'9');
INSERT INTO V_PAR
	VALUES ("0caa9cc2-4a76-4742-8a78-32d771774a7e",
	"c4dac053-bfc2-4021-b0e3-00b8f35867b5",
	"00000000-0000-0000-0000-000000000000",
	'column',
	"0832dc6d-8302-4c28-8f37-e538b4354322",
	33,
	25);
INSERT INTO V_VAL
	VALUES ("0832dc6d-8302-4c28-8f37-e538b4354322",
	0,
	0,
	33,
	42,
	42,
	0,
	0,
	0,
	0,
	"811f1dd7-74f0-407e-b449-939d0de5ee8d",
	"b9278a96-c9eb-4778-bf35-636555dd8275");
INSERT INTO V_LIN
	VALUES ("0832dc6d-8302-4c28-8f37-e538b4354322",
	'7');
INSERT INTO V_PAR
	VALUES ("0832dc6d-8302-4c28-8f37-e538b4354322",
	"c4dac053-bfc2-4021-b0e3-00b8f35867b5",
	"00000000-0000-0000-0000-000000000000",
	'answer',
	"00000000-0000-0000-0000-000000000000",
	33,
	35);
INSERT INTO V_VAL
	VALUES ("c4764384-e84d-42f9-b3f5-95524da6a64d",
	0,
	0,
	35,
	22,
	22,
	0,
	0,
	0,
	0,
	"811f1dd7-74f0-407e-b449-939d0de5ee8d",
	"b9278a96-c9eb-4778-bf35-636555dd8275");
INSERT INTO V_LIN
	VALUES ("c4764384-e84d-42f9-b3f5-95524da6a64d",
	'8');
INSERT INTO V_PAR
	VALUES ("c4764384-e84d-42f9-b3f5-95524da6a64d",
	"cac4abe1-058e-4490-9056-549a6b40ed67",
	"00000000-0000-0000-0000-000000000000",
	'row',
	"dd22e621-af48-470c-8b06-f82f3d36a05c",
	35,
	18);
INSERT INTO V_VAL
	VALUES ("dd22e621-af48-470c-8b06-f82f3d36a05c",
	0,
	0,
	35,
	32,
	32,
	0,
	0,
	0,
	0,
	"811f1dd7-74f0-407e-b449-939d0de5ee8d",
	"b9278a96-c9eb-4778-bf35-636555dd8275");
INSERT INTO V_LIN
	VALUES ("dd22e621-af48-470c-8b06-f82f3d36a05c",
	'2');
INSERT INTO V_PAR
	VALUES ("dd22e621-af48-470c-8b06-f82f3d36a05c",
	"cac4abe1-058e-4490-9056-549a6b40ed67",
	"00000000-0000-0000-0000-000000000000",
	'column',
	"77ce1ca8-40fd-45ab-8ba8-8308dec2c944",
	35,
	25);
INSERT INTO V_VAL
	VALUES ("77ce1ca8-40fd-45ab-8ba8-8308dec2c944",
	0,
	0,
	35,
	42,
	42,
	0,
	0,
	0,
	0,
	"811f1dd7-74f0-407e-b449-939d0de5ee8d",
	"b9278a96-c9eb-4778-bf35-636555dd8275");
INSERT INTO V_LIN
	VALUES ("77ce1ca8-40fd-45ab-8ba8-8308dec2c944",
	'4');
INSERT INTO V_PAR
	VALUES ("77ce1ca8-40fd-45ab-8ba8-8308dec2c944",
	"cac4abe1-058e-4490-9056-549a6b40ed67",
	"00000000-0000-0000-0000-000000000000",
	'answer',
	"00000000-0000-0000-0000-000000000000",
	35,
	35);
INSERT INTO V_VAL
	VALUES ("1fa2d140-75bf-448f-81df-c8d0b3f6302e",
	0,
	0,
	36,
	22,
	22,
	0,
	0,
	0,
	0,
	"811f1dd7-74f0-407e-b449-939d0de5ee8d",
	"b9278a96-c9eb-4778-bf35-636555dd8275");
INSERT INTO V_LIN
	VALUES ("1fa2d140-75bf-448f-81df-c8d0b3f6302e",
	'8');
INSERT INTO V_PAR
	VALUES ("1fa2d140-75bf-448f-81df-c8d0b3f6302e",
	"9896bb59-dcc6-4812-8aa7-c6076a462c43",
	"00000000-0000-0000-0000-000000000000",
	'row',
	"438c0953-c225-4da3-92a6-d07f75ab1b1c",
	36,
	18);
INSERT INTO V_VAL
	VALUES ("438c0953-c225-4da3-92a6-d07f75ab1b1c",
	0,
	0,
	36,
	32,
	32,
	0,
	0,
	0,
	0,
	"811f1dd7-74f0-407e-b449-939d0de5ee8d",
	"b9278a96-c9eb-4778-bf35-636555dd8275");
INSERT INTO V_LIN
	VALUES ("438c0953-c225-4da3-92a6-d07f75ab1b1c",
	'4');
INSERT INTO V_PAR
	VALUES ("438c0953-c225-4da3-92a6-d07f75ab1b1c",
	"9896bb59-dcc6-4812-8aa7-c6076a462c43",
	"00000000-0000-0000-0000-000000000000",
	'column',
	"b28b2c6a-df12-4e66-90a7-05a20c5c8c85",
	36,
	25);
INSERT INTO V_VAL
	VALUES ("b28b2c6a-df12-4e66-90a7-05a20c5c8c85",
	0,
	0,
	36,
	42,
	42,
	0,
	0,
	0,
	0,
	"811f1dd7-74f0-407e-b449-939d0de5ee8d",
	"b9278a96-c9eb-4778-bf35-636555dd8275");
INSERT INTO V_LIN
	VALUES ("b28b2c6a-df12-4e66-90a7-05a20c5c8c85",
	'1');
INSERT INTO V_PAR
	VALUES ("b28b2c6a-df12-4e66-90a7-05a20c5c8c85",
	"9896bb59-dcc6-4812-8aa7-c6076a462c43",
	"00000000-0000-0000-0000-000000000000",
	'answer',
	"00000000-0000-0000-0000-000000000000",
	36,
	35);
INSERT INTO V_VAL
	VALUES ("c72b3d4f-269c-4303-97a2-00ba34d6c749",
	0,
	0,
	37,
	22,
	22,
	0,
	0,
	0,
	0,
	"811f1dd7-74f0-407e-b449-939d0de5ee8d",
	"b9278a96-c9eb-4778-bf35-636555dd8275");
INSERT INTO V_LIN
	VALUES ("c72b3d4f-269c-4303-97a2-00ba34d6c749",
	'8');
INSERT INTO V_PAR
	VALUES ("c72b3d4f-269c-4303-97a2-00ba34d6c749",
	"5139d69a-807f-419a-9d1c-6f9ece6ac602",
	"00000000-0000-0000-0000-000000000000",
	'row',
	"4f84985c-ce67-4d8f-a1f6-748bc3297a51",
	37,
	18);
INSERT INTO V_VAL
	VALUES ("4f84985c-ce67-4d8f-a1f6-748bc3297a51",
	0,
	0,
	37,
	32,
	32,
	0,
	0,
	0,
	0,
	"811f1dd7-74f0-407e-b449-939d0de5ee8d",
	"b9278a96-c9eb-4778-bf35-636555dd8275");
INSERT INTO V_LIN
	VALUES ("4f84985c-ce67-4d8f-a1f6-748bc3297a51",
	'5');
INSERT INTO V_PAR
	VALUES ("4f84985c-ce67-4d8f-a1f6-748bc3297a51",
	"5139d69a-807f-419a-9d1c-6f9ece6ac602",
	"00000000-0000-0000-0000-000000000000",
	'column',
	"e66eebfd-3af8-4323-96c8-bbefe2344548",
	37,
	25);
INSERT INTO V_VAL
	VALUES ("e66eebfd-3af8-4323-96c8-bbefe2344548",
	0,
	0,
	37,
	42,
	42,
	0,
	0,
	0,
	0,
	"811f1dd7-74f0-407e-b449-939d0de5ee8d",
	"b9278a96-c9eb-4778-bf35-636555dd8275");
INSERT INTO V_LIN
	VALUES ("e66eebfd-3af8-4323-96c8-bbefe2344548",
	'5');
INSERT INTO V_PAR
	VALUES ("e66eebfd-3af8-4323-96c8-bbefe2344548",
	"5139d69a-807f-419a-9d1c-6f9ece6ac602",
	"00000000-0000-0000-0000-000000000000",
	'answer',
	"00000000-0000-0000-0000-000000000000",
	37,
	35);
INSERT INTO V_VAL
	VALUES ("7e9aefb2-eac1-42d0-b7e5-d76e63173dbc",
	0,
	0,
	38,
	22,
	22,
	0,
	0,
	0,
	0,
	"811f1dd7-74f0-407e-b449-939d0de5ee8d",
	"b9278a96-c9eb-4778-bf35-636555dd8275");
INSERT INTO V_LIN
	VALUES ("7e9aefb2-eac1-42d0-b7e5-d76e63173dbc",
	'8');
INSERT INTO V_PAR
	VALUES ("7e9aefb2-eac1-42d0-b7e5-d76e63173dbc",
	"eaeb1bad-a57b-46f3-b7d9-7173fd874201",
	"00000000-0000-0000-0000-000000000000",
	'row',
	"ac3f5e10-e60b-442b-b2b9-139e799615ea",
	38,
	18);
INSERT INTO V_VAL
	VALUES ("ac3f5e10-e60b-442b-b2b9-139e799615ea",
	0,
	0,
	38,
	32,
	32,
	0,
	0,
	0,
	0,
	"811f1dd7-74f0-407e-b449-939d0de5ee8d",
	"b9278a96-c9eb-4778-bf35-636555dd8275");
INSERT INTO V_LIN
	VALUES ("ac3f5e10-e60b-442b-b2b9-139e799615ea",
	'6');
INSERT INTO V_PAR
	VALUES ("ac3f5e10-e60b-442b-b2b9-139e799615ea",
	"eaeb1bad-a57b-46f3-b7d9-7173fd874201",
	"00000000-0000-0000-0000-000000000000",
	'column',
	"43e85850-707f-4100-b254-3f4e5724f8e7",
	38,
	25);
INSERT INTO V_VAL
	VALUES ("43e85850-707f-4100-b254-3f4e5724f8e7",
	0,
	0,
	38,
	42,
	42,
	0,
	0,
	0,
	0,
	"811f1dd7-74f0-407e-b449-939d0de5ee8d",
	"b9278a96-c9eb-4778-bf35-636555dd8275");
INSERT INTO V_LIN
	VALUES ("43e85850-707f-4100-b254-3f4e5724f8e7",
	'6');
INSERT INTO V_PAR
	VALUES ("43e85850-707f-4100-b254-3f4e5724f8e7",
	"eaeb1bad-a57b-46f3-b7d9-7173fd874201",
	"00000000-0000-0000-0000-000000000000",
	'answer',
	"00000000-0000-0000-0000-000000000000",
	38,
	35);
INSERT INTO V_VAL
	VALUES ("cbb26265-6b72-4488-97c6-bbb120d684bf",
	0,
	0,
	40,
	22,
	22,
	0,
	0,
	0,
	0,
	"811f1dd7-74f0-407e-b449-939d0de5ee8d",
	"b9278a96-c9eb-4778-bf35-636555dd8275");
INSERT INTO V_LIN
	VALUES ("cbb26265-6b72-4488-97c6-bbb120d684bf",
	'9');
INSERT INTO V_PAR
	VALUES ("cbb26265-6b72-4488-97c6-bbb120d684bf",
	"868b1249-10cc-4e5c-bcc6-f0744f310cba",
	"00000000-0000-0000-0000-000000000000",
	'row',
	"1062ccd4-ade9-4fc7-ad33-4a9b02c88dfa",
	40,
	18);
INSERT INTO V_VAL
	VALUES ("1062ccd4-ade9-4fc7-ad33-4a9b02c88dfa",
	0,
	0,
	40,
	32,
	32,
	0,
	0,
	0,
	0,
	"811f1dd7-74f0-407e-b449-939d0de5ee8d",
	"b9278a96-c9eb-4778-bf35-636555dd8275");
INSERT INTO V_LIN
	VALUES ("1062ccd4-ade9-4fc7-ad33-4a9b02c88dfa",
	'1');
INSERT INTO V_PAR
	VALUES ("1062ccd4-ade9-4fc7-ad33-4a9b02c88dfa",
	"868b1249-10cc-4e5c-bcc6-f0744f310cba",
	"00000000-0000-0000-0000-000000000000",
	'column',
	"0eebd51a-1338-4a70-bdfe-41486e09d840",
	40,
	25);
INSERT INTO V_VAL
	VALUES ("0eebd51a-1338-4a70-bdfe-41486e09d840",
	0,
	0,
	40,
	42,
	42,
	0,
	0,
	0,
	0,
	"811f1dd7-74f0-407e-b449-939d0de5ee8d",
	"b9278a96-c9eb-4778-bf35-636555dd8275");
INSERT INTO V_LIN
	VALUES ("0eebd51a-1338-4a70-bdfe-41486e09d840",
	'3');
INSERT INTO V_PAR
	VALUES ("0eebd51a-1338-4a70-bdfe-41486e09d840",
	"868b1249-10cc-4e5c-bcc6-f0744f310cba",
	"00000000-0000-0000-0000-000000000000",
	'answer',
	"00000000-0000-0000-0000-000000000000",
	40,
	35);
INSERT INTO V_VAL
	VALUES ("2e8c2c9e-6a54-4e69-ab6f-37733546140d",
	0,
	0,
	41,
	22,
	22,
	0,
	0,
	0,
	0,
	"811f1dd7-74f0-407e-b449-939d0de5ee8d",
	"b9278a96-c9eb-4778-bf35-636555dd8275");
INSERT INTO V_LIN
	VALUES ("2e8c2c9e-6a54-4e69-ab6f-37733546140d",
	'9');
INSERT INTO V_PAR
	VALUES ("2e8c2c9e-6a54-4e69-ab6f-37733546140d",
	"23e836ba-89e9-4a43-91bf-134beb009ca9",
	"00000000-0000-0000-0000-000000000000",
	'row',
	"5aa5a9df-3848-474d-b3d0-ed959fa74f6d",
	41,
	18);
INSERT INTO V_VAL
	VALUES ("5aa5a9df-3848-474d-b3d0-ed959fa74f6d",
	0,
	0,
	41,
	32,
	32,
	0,
	0,
	0,
	0,
	"811f1dd7-74f0-407e-b449-939d0de5ee8d",
	"b9278a96-c9eb-4778-bf35-636555dd8275");
INSERT INTO V_LIN
	VALUES ("5aa5a9df-3848-474d-b3d0-ed959fa74f6d",
	'6');
INSERT INTO V_PAR
	VALUES ("5aa5a9df-3848-474d-b3d0-ed959fa74f6d",
	"23e836ba-89e9-4a43-91bf-134beb009ca9",
	"00000000-0000-0000-0000-000000000000",
	'column',
	"31851eff-fd71-4c63-af08-35336a85c4d6",
	41,
	25);
INSERT INTO V_VAL
	VALUES ("31851eff-fd71-4c63-af08-35336a85c4d6",
	0,
	0,
	41,
	42,
	42,
	0,
	0,
	0,
	0,
	"811f1dd7-74f0-407e-b449-939d0de5ee8d",
	"b9278a96-c9eb-4778-bf35-636555dd8275");
INSERT INTO V_LIN
	VALUES ("31851eff-fd71-4c63-af08-35336a85c4d6",
	'7');
INSERT INTO V_PAR
	VALUES ("31851eff-fd71-4c63-af08-35336a85c4d6",
	"23e836ba-89e9-4a43-91bf-134beb009ca9",
	"00000000-0000-0000-0000-000000000000",
	'answer',
	"00000000-0000-0000-0000-000000000000",
	41,
	35);
INSERT INTO V_VAL
	VALUES ("cd6bd1ef-84fa-4fa8-807f-40fe7df873d7",
	0,
	0,
	42,
	22,
	22,
	0,
	0,
	0,
	0,
	"811f1dd7-74f0-407e-b449-939d0de5ee8d",
	"b9278a96-c9eb-4778-bf35-636555dd8275");
INSERT INTO V_LIN
	VALUES ("cd6bd1ef-84fa-4fa8-807f-40fe7df873d7",
	'9');
INSERT INTO V_PAR
	VALUES ("cd6bd1ef-84fa-4fa8-807f-40fe7df873d7",
	"ece957d5-08fa-4bf0-afb4-015d9477eb32",
	"00000000-0000-0000-0000-000000000000",
	'row',
	"769225fc-cc07-43cd-b627-6c27bf4ffdfd",
	42,
	18);
INSERT INTO V_VAL
	VALUES ("769225fc-cc07-43cd-b627-6c27bf4ffdfd",
	0,
	0,
	42,
	32,
	32,
	0,
	0,
	0,
	0,
	"811f1dd7-74f0-407e-b449-939d0de5ee8d",
	"b9278a96-c9eb-4778-bf35-636555dd8275");
INSERT INTO V_LIN
	VALUES ("769225fc-cc07-43cd-b627-6c27bf4ffdfd",
	'7');
INSERT INTO V_PAR
	VALUES ("769225fc-cc07-43cd-b627-6c27bf4ffdfd",
	"ece957d5-08fa-4bf0-afb4-015d9477eb32",
	"00000000-0000-0000-0000-000000000000",
	'column',
	"d9ad4e16-faa1-4a35-95e6-a3a703135557",
	42,
	25);
INSERT INTO V_VAL
	VALUES ("d9ad4e16-faa1-4a35-95e6-a3a703135557",
	0,
	0,
	42,
	42,
	42,
	0,
	0,
	0,
	0,
	"811f1dd7-74f0-407e-b449-939d0de5ee8d",
	"b9278a96-c9eb-4778-bf35-636555dd8275");
INSERT INTO V_LIN
	VALUES ("d9ad4e16-faa1-4a35-95e6-a3a703135557",
	'5');
INSERT INTO V_PAR
	VALUES ("d9ad4e16-faa1-4a35-95e6-a3a703135557",
	"ece957d5-08fa-4bf0-afb4-015d9477eb32",
	"00000000-0000-0000-0000-000000000000",
	'answer',
	"00000000-0000-0000-0000-000000000000",
	42,
	35);
INSERT INTO S_FIP
	VALUES ("902fee5d-2cc1-44d8-a018-7d4ab96f184d",
	"ea7999d4-ad63-4a57-abe3-4a8224d30de0");
INSERT INTO S_SYNC
	VALUES ("ea7999d4-ad63-4a57-abe3-4a8224d30de0",
	"0eb5e6c3-13b6-4550-b154-5d6824e51255",
	'display',
	'',
	'i = 1;
LOG::LogInfo( message:"\n|-+-+-+-+-+-+-+-+-|\n" );
while ( i <= 9 )
  j = 1;
  /*#inline
  printf( "|" );
  */
  b[8] = 0;
  while ( j <= 9 )
    select any cell from instances of CELL
      where ( ( selected.row_number == i ) and ( selected.column_number == j ) );
    a = cell.answer_value;
    b[j-1] = a;
    /*#inline
    if ( 0 == v59_a )
      printf( "   |" );
    else
      printf( " %d |", v59_a );
    */
    j = j + 1;
  end while;  
  LOG::LogInteger( message:b );
  i = i + 1;
end while;
LOG::LogInfo( message:"\n|-+-+-+-+-+-+-+-+-|\n" );
',
	"606ca061-c661-4bbf-bb1a-bb2345f5239e",
	1,
	'');
INSERT INTO ACT_FNB
	VALUES ("0f952cd1-ea3f-4437-8486-c656841ed311",
	"ea7999d4-ad63-4a57-abe3-4a8224d30de0");
INSERT INTO ACT_ACT
	VALUES ("0f952cd1-ea3f-4437-8486-c656841ed311",
	'function',
	0,
	"6d5a15ec-e304-435f-8a3c-59cbb13fef4c",
	"00000000-0000-0000-0000-000000000000",
	0,
	'display',
	"00000000-0000-0000-0000-000000000000");
INSERT INTO ACT_BLK
	VALUES ("6d5a15ec-e304-435f-8a3c-59cbb13fef4c",
	0,
	0,
	0,
	'LOG',
	'',
	'',
	25,
	1,
	25,
	1,
	0,
	0,
	0,
	0,
	0,
	0,
	0,
	0,
	0,
	"0f952cd1-ea3f-4437-8486-c656841ed311",
	"00000000-0000-0000-0000-000000000000");
INSERT INTO ACT_SMT
	VALUES ("ed94e07f-ad0e-42b4-9b90-40e63e5e68c6",
	"6d5a15ec-e304-435f-8a3c-59cbb13fef4c",
	"28effbab-c078-4e9b-b31d-9600b85004b1",
	1,
	1,
	'display line: 1');
INSERT INTO ACT_AI
	VALUES ("ed94e07f-ad0e-42b4-9b90-40e63e5e68c6",
	"979dd56f-dc63-4ed1-abfc-7d9aba637db6",
	"9cae6a28-1962-4460-8563-deb2819f4d68",
	0,
	0);
INSERT INTO ACT_SMT
	VALUES ("28effbab-c078-4e9b-b31d-9600b85004b1",
	"6d5a15ec-e304-435f-8a3c-59cbb13fef4c",
	"3107b29c-5380-4d51-835b-510988246626",
	2,
	1,
	'display line: 2');
INSERT INTO ACT_BRG
	VALUES ("28effbab-c078-4e9b-b31d-9600b85004b1",
	"20118c86-a3a0-4c4b-80f0-5ef1a2122e2f",
	2,
	6,
	2,
	1);
INSERT INTO ACT_SMT
	VALUES ("3107b29c-5380-4d51-835b-510988246626",
	"6d5a15ec-e304-435f-8a3c-59cbb13fef4c",
	"63114d65-f2ed-4f6b-a896-70d66d9ba245",
	3,
	1,
	'display line: 3');
INSERT INTO ACT_WHL
	VALUES ("3107b29c-5380-4d51-835b-510988246626",
	"777e06b7-aa90-4cf2-a199-5d1c50bc26d0",
	"501cb16b-2a05-4644-951a-36e9ad9256e2");
INSERT INTO ACT_SMT
	VALUES ("63114d65-f2ed-4f6b-a896-70d66d9ba245",
	"6d5a15ec-e304-435f-8a3c-59cbb13fef4c",
	"00000000-0000-0000-0000-000000000000",
	25,
	1,
	'display line: 25');
INSERT INTO ACT_BRG
	VALUES ("63114d65-f2ed-4f6b-a896-70d66d9ba245",
	"20118c86-a3a0-4c4b-80f0-5ef1a2122e2f",
	25,
	6,
	25,
	1);
INSERT INTO V_VAL
	VALUES ("9cae6a28-1962-4460-8563-deb2819f4d68",
	1,
	1,
	1,
	1,
	1,
	0,
	0,
	0,
	0,
	"811f1dd7-74f0-407e-b449-939d0de5ee8d",
	"6d5a15ec-e304-435f-8a3c-59cbb13fef4c");
INSERT INTO V_TVL
	VALUES ("9cae6a28-1962-4460-8563-deb2819f4d68",
	"c54a2439-0b3c-4036-a2fb-9359703c4e65");
INSERT INTO V_VAL
	VALUES ("979dd56f-dc63-4ed1-abfc-7d9aba637db6",
	0,
	0,
	1,
	5,
	5,
	0,
	0,
	0,
	0,
	"811f1dd7-74f0-407e-b449-939d0de5ee8d",
	"6d5a15ec-e304-435f-8a3c-59cbb13fef4c");
INSERT INTO V_LIN
	VALUES ("979dd56f-dc63-4ed1-abfc-7d9aba637db6",
	'1');
INSERT INTO V_VAL
	VALUES ("22e0f375-6caa-465c-923a-1ec197e17430",
	0,
	0,
	2,
	23,
	46,
	0,
	0,
	0,
	0,
	"e27a3af8-1f28-4ba6-a876-f718ce67db3c",
	"6d5a15ec-e304-435f-8a3c-59cbb13fef4c");
INSERT INTO V_LST
	VALUES ("22e0f375-6caa-465c-923a-1ec197e17430",
	'\n|-+-+-+-+-+-+-+-+-|\n');
INSERT INTO V_PAR
	VALUES ("22e0f375-6caa-465c-923a-1ec197e17430",
	"28effbab-c078-4e9b-b31d-9600b85004b1",
	"00000000-0000-0000-0000-000000000000",
	'message',
	"00000000-0000-0000-0000-000000000000",
	2,
	15);
INSERT INTO V_VAL
	VALUES ("294e3a5d-1f26-4bf6-a76d-94ac45240ef8",
	0,
	0,
	3,
	9,
	9,
	0,
	0,
	0,
	0,
	"811f1dd7-74f0-407e-b449-939d0de5ee8d",
	"6d5a15ec-e304-435f-8a3c-59cbb13fef4c");
INSERT INTO V_TVL
	VALUES ("294e3a5d-1f26-4bf6-a76d-94ac45240ef8",
	"c54a2439-0b3c-4036-a2fb-9359703c4e65");
INSERT INTO V_VAL
	VALUES ("777e06b7-aa90-4cf2-a199-5d1c50bc26d0",
	0,
	0,
	-1,
	-1,
	-1,
	0,
	0,
	0,
	0,
	"4e005777-df64-4279-9c02-400e239872b9",
	"6d5a15ec-e304-435f-8a3c-59cbb13fef4c");
INSERT INTO V_BIN
	VALUES ("777e06b7-aa90-4cf2-a199-5d1c50bc26d0",
	"9febca05-3693-4ad3-9d1c-d0b17a652451",
	"294e3a5d-1f26-4bf6-a76d-94ac45240ef8",
	'<=');
INSERT INTO V_VAL
	VALUES ("9febca05-3693-4ad3-9d1c-d0b17a652451",
	0,
	0,
	3,
	14,
	14,
	0,
	0,
	0,
	0,
	"811f1dd7-74f0-407e-b449-939d0de5ee8d",
	"6d5a15ec-e304-435f-8a3c-59cbb13fef4c");
INSERT INTO V_LIN
	VALUES ("9febca05-3693-4ad3-9d1c-d0b17a652451",
	'9');
INSERT INTO V_VAL
	VALUES ("3a70c84c-e2b6-4082-8104-50bd8b719085",
	0,
	0,
	25,
	23,
	46,
	0,
	0,
	0,
	0,
	"e27a3af8-1f28-4ba6-a876-f718ce67db3c",
	"6d5a15ec-e304-435f-8a3c-59cbb13fef4c");
INSERT INTO V_LST
	VALUES ("3a70c84c-e2b6-4082-8104-50bd8b719085",
	'\n|-+-+-+-+-+-+-+-+-|\n');
INSERT INTO V_PAR
	VALUES ("3a70c84c-e2b6-4082-8104-50bd8b719085",
	"63114d65-f2ed-4f6b-a896-70d66d9ba245",
	"00000000-0000-0000-0000-000000000000",
	'message',
	"00000000-0000-0000-0000-000000000000",
	25,
	15);
INSERT INTO V_VAR
	VALUES ("c54a2439-0b3c-4036-a2fb-9359703c4e65",
	"6d5a15ec-e304-435f-8a3c-59cbb13fef4c",
	'i',
	1,
	"811f1dd7-74f0-407e-b449-939d0de5ee8d");
INSERT INTO V_TRN
	VALUES ("c54a2439-0b3c-4036-a2fb-9359703c4e65",
	"00000000-0000-0000-0000-000000000000",
	'');
INSERT INTO V_LOC
	VALUES ("996509cf-5dee-404a-aebb-7cdfbbfc03de",
	1,
	1,
	1,
	"c54a2439-0b3c-4036-a2fb-9359703c4e65");
INSERT INTO V_LOC
	VALUES ("23c59753-2671-498e-b021-fc046dc3906a",
	3,
	9,
	9,
	"c54a2439-0b3c-4036-a2fb-9359703c4e65");
INSERT INTO V_LOC
	VALUES ("bdd95697-7ee5-46be-8c3a-0412f666b483",
	11,
	40,
	40,
	"c54a2439-0b3c-4036-a2fb-9359703c4e65");
INSERT INTO V_LOC
	VALUES ("7e71c20f-dada-4cf0-b868-34f152e8745e",
	23,
	3,
	3,
	"c54a2439-0b3c-4036-a2fb-9359703c4e65");
INSERT INTO V_LOC
	VALUES ("95de858c-0a4b-427b-ba07-d09ad3f0009b",
	23,
	7,
	7,
	"c54a2439-0b3c-4036-a2fb-9359703c4e65");
INSERT INTO ACT_BLK
	VALUES ("501cb16b-2a05-4644-951a-36e9ad9256e2",
	0,
	0,
	0,
	'LOG',
	'',
	'',
	23,
	3,
	22,
	3,
	0,
	0,
	0,
	0,
	0,
	0,
	0,
	0,
	0,
	"0f952cd1-ea3f-4437-8486-c656841ed311",
	"00000000-0000-0000-0000-000000000000");
INSERT INTO ACT_SMT
	VALUES ("aaa0ba7c-e36c-42bf-9c2d-b88138d5b4b9",
	"501cb16b-2a05-4644-951a-36e9ad9256e2",
	"2ce4f8f4-1324-48ff-a80a-922c8ed75071",
	4,
	3,
	'display line: 4');
INSERT INTO ACT_AI
	VALUES ("aaa0ba7c-e36c-42bf-9c2d-b88138d5b4b9",
	"25bc37d9-fa0f-43f5-8756-fb7a213139ab",
	"57d2fece-c32a-4a4d-8819-3142bd608179",
	0,
	0);
INSERT INTO ACT_SMT
	VALUES ("2ce4f8f4-1324-48ff-a80a-922c8ed75071",
	"501cb16b-2a05-4644-951a-36e9ad9256e2",
	"38a5cee2-87d5-4933-a3ae-57e53072d89b",
	8,
	3,
	'display line: 8');
INSERT INTO ACT_AI
	VALUES ("2ce4f8f4-1324-48ff-a80a-922c8ed75071",
	"70c13458-9920-46ca-8755-5e58ddca1b90",
	"15abb218-9f0d-44d1-b101-0c5101176a46",
	0,
	0);
INSERT INTO ACT_SMT
	VALUES ("38a5cee2-87d5-4933-a3ae-57e53072d89b",
	"501cb16b-2a05-4644-951a-36e9ad9256e2",
	"968b1846-aa6f-46df-86a5-4017a3e8937e",
	9,
	3,
	'display line: 9');
INSERT INTO ACT_WHL
	VALUES ("38a5cee2-87d5-4933-a3ae-57e53072d89b",
	"35c5ddaf-6696-48da-96d6-66a261d7efc9",
	"aca445e4-3fe5-4268-8f43-d545564f7634");
INSERT INTO ACT_SMT
	VALUES ("968b1846-aa6f-46df-86a5-4017a3e8937e",
	"501cb16b-2a05-4644-951a-36e9ad9256e2",
	"e5b0741f-e8d3-4474-b954-5c52fc797514",
	22,
	3,
	'display line: 22');
INSERT INTO ACT_BRG
	VALUES ("968b1846-aa6f-46df-86a5-4017a3e8937e",
	"6d236d53-aad5-4092-8ead-4374100f0ef7",
	22,
	8,
	22,
	3);
INSERT INTO ACT_SMT
	VALUES ("e5b0741f-e8d3-4474-b954-5c52fc797514",
	"501cb16b-2a05-4644-951a-36e9ad9256e2",
	"00000000-0000-0000-0000-000000000000",
	23,
	3,
	'display line: 23');
INSERT INTO ACT_AI
	VALUES ("e5b0741f-e8d3-4474-b954-5c52fc797514",
	"6dcc9d34-eaa9-4c09-b9f1-e11cc729e859",
	"3cdf0ac5-9c3e-4477-a682-f505a8c64805",
	0,
	0);
INSERT INTO V_VAL
	VALUES ("57d2fece-c32a-4a4d-8819-3142bd608179",
	1,
	1,
	4,
	3,
	3,
	0,
	0,
	0,
	0,
	"811f1dd7-74f0-407e-b449-939d0de5ee8d",
	"501cb16b-2a05-4644-951a-36e9ad9256e2");
INSERT INTO V_TVL
	VALUES ("57d2fece-c32a-4a4d-8819-3142bd608179",
	"4b62657e-2fea-48f9-9e45-4ffaba5c330e");
INSERT INTO V_VAL
	VALUES ("25bc37d9-fa0f-43f5-8756-fb7a213139ab",
	0,
	0,
	4,
	7,
	7,
	0,
	0,
	0,
	0,
	"811f1dd7-74f0-407e-b449-939d0de5ee8d",
	"501cb16b-2a05-4644-951a-36e9ad9256e2");
INSERT INTO V_LIN
	VALUES ("25bc37d9-fa0f-43f5-8756-fb7a213139ab",
	'1');
INSERT INTO V_VAL
	VALUES ("c482f5e5-39f1-4c60-a620-49f7d815ba00",
	0,
	0,
	8,
	5,
	5,
	0,
	0,
	0,
	0,
	"811f1dd7-74f0-407e-b449-939d0de5ee8d",
	"501cb16b-2a05-4644-951a-36e9ad9256e2");
INSERT INTO V_LIN
	VALUES ("c482f5e5-39f1-4c60-a620-49f7d815ba00",
	'8');
INSERT INTO V_VAL
	VALUES ("568b1ff1-4258-4104-923f-7b6a8c3adb39",
	1,
	1,
	8,
	3,
	3,
	0,
	0,
	0,
	0,
	"811f1dd7-74f0-407e-b449-939d0de5ee8d",
	"501cb16b-2a05-4644-951a-36e9ad9256e2");
INSERT INTO V_TVL
	VALUES ("568b1ff1-4258-4104-923f-7b6a8c3adb39",
	"36d0501a-1f67-4acf-be2b-5d2f3140e2c5");
INSERT INTO V_VAL
	VALUES ("15abb218-9f0d-44d1-b101-0c5101176a46",
	0,
	0,
	-1,
	-1,
	-1,
	0,
	0,
	0,
	0,
	"811f1dd7-74f0-407e-b449-939d0de5ee8d",
	"501cb16b-2a05-4644-951a-36e9ad9256e2");
INSERT INTO V_AER
	VALUES ("15abb218-9f0d-44d1-b101-0c5101176a46",
	"568b1ff1-4258-4104-923f-7b6a8c3adb39",
	"c482f5e5-39f1-4c60-a620-49f7d815ba00");
INSERT INTO V_VAL
	VALUES ("70c13458-9920-46ca-8755-5e58ddca1b90",
	0,
	0,
	8,
	10,
	10,
	0,
	0,
	0,
	0,
	"811f1dd7-74f0-407e-b449-939d0de5ee8d",
	"501cb16b-2a05-4644-951a-36e9ad9256e2");
INSERT INTO V_LIN
	VALUES ("70c13458-9920-46ca-8755-5e58ddca1b90",
	'0');
INSERT INTO V_VAL
	VALUES ("5e36c26a-93c7-49d8-ba42-d2e5169481e7",
	0,
	0,
	9,
	11,
	11,
	0,
	0,
	0,
	0,
	"811f1dd7-74f0-407e-b449-939d0de5ee8d",
	"501cb16b-2a05-4644-951a-36e9ad9256e2");
INSERT INTO V_TVL
	VALUES ("5e36c26a-93c7-49d8-ba42-d2e5169481e7",
	"4b62657e-2fea-48f9-9e45-4ffaba5c330e");
INSERT INTO V_VAL
	VALUES ("35c5ddaf-6696-48da-96d6-66a261d7efc9",
	0,
	0,
	-1,
	-1,
	-1,
	0,
	0,
	0,
	0,
	"4e005777-df64-4279-9c02-400e239872b9",
	"501cb16b-2a05-4644-951a-36e9ad9256e2");
INSERT INTO V_BIN
	VALUES ("35c5ddaf-6696-48da-96d6-66a261d7efc9",
	"f4222e73-f42e-4cc9-8c62-86a9165b0734",
	"5e36c26a-93c7-49d8-ba42-d2e5169481e7",
	'<=');
INSERT INTO V_VAL
	VALUES ("f4222e73-f42e-4cc9-8c62-86a9165b0734",
	0,
	0,
	9,
	16,
	16,
	0,
	0,
	0,
	0,
	"811f1dd7-74f0-407e-b449-939d0de5ee8d",
	"501cb16b-2a05-4644-951a-36e9ad9256e2");
INSERT INTO V_LIN
	VALUES ("f4222e73-f42e-4cc9-8c62-86a9165b0734",
	'9');
INSERT INTO V_VAL
	VALUES ("99267e9e-fa42-4e72-91ed-b3e81f3505f9",
	0,
	0,
	22,
	28,
	28,
	0,
	0,
	0,
	0,
	"811f1dd7-74f0-407e-b449-939d0de5ee8d",
	"501cb16b-2a05-4644-951a-36e9ad9256e2");
INSERT INTO V_TVL
	VALUES ("99267e9e-fa42-4e72-91ed-b3e81f3505f9",
	"36d0501a-1f67-4acf-be2b-5d2f3140e2c5");
INSERT INTO V_PAR
	VALUES ("99267e9e-fa42-4e72-91ed-b3e81f3505f9",
	"968b1846-aa6f-46df-86a5-4017a3e8937e",
	"00000000-0000-0000-0000-000000000000",
	'message',
	"00000000-0000-0000-0000-000000000000",
	22,
	20);
INSERT INTO V_VAL
	VALUES ("3cdf0ac5-9c3e-4477-a682-f505a8c64805",
	1,
	0,
	23,
	3,
	3,
	0,
	0,
	0,
	0,
	"811f1dd7-74f0-407e-b449-939d0de5ee8d",
	"501cb16b-2a05-4644-951a-36e9ad9256e2");
INSERT INTO V_TVL
	VALUES ("3cdf0ac5-9c3e-4477-a682-f505a8c64805",
	"c54a2439-0b3c-4036-a2fb-9359703c4e65");
INSERT INTO V_VAL
	VALUES ("733c4bd4-e496-4747-bf7b-a2c08584a10e",
	0,
	0,
	23,
	7,
	7,
	0,
	0,
	0,
	0,
	"811f1dd7-74f0-407e-b449-939d0de5ee8d",
	"501cb16b-2a05-4644-951a-36e9ad9256e2");
INSERT INTO V_TVL
	VALUES ("733c4bd4-e496-4747-bf7b-a2c08584a10e",
	"c54a2439-0b3c-4036-a2fb-9359703c4e65");
INSERT INTO V_VAL
	VALUES ("6dcc9d34-eaa9-4c09-b9f1-e11cc729e859",
	0,
	0,
	-1,
	-1,
	-1,
	0,
	0,
	0,
	0,
	"811f1dd7-74f0-407e-b449-939d0de5ee8d",
	"501cb16b-2a05-4644-951a-36e9ad9256e2");
INSERT INTO V_BIN
	VALUES ("6dcc9d34-eaa9-4c09-b9f1-e11cc729e859",
	"5d34965a-b580-40a8-805f-a9b77cda08a8",
	"733c4bd4-e496-4747-bf7b-a2c08584a10e",
	'+');
INSERT INTO V_VAL
	VALUES ("5d34965a-b580-40a8-805f-a9b77cda08a8",
	0,
	0,
	23,
	11,
	11,
	0,
	0,
	0,
	0,
	"811f1dd7-74f0-407e-b449-939d0de5ee8d",
	"501cb16b-2a05-4644-951a-36e9ad9256e2");
INSERT INTO V_LIN
	VALUES ("5d34965a-b580-40a8-805f-a9b77cda08a8",
	'1');
INSERT INTO V_VAR
	VALUES ("4b62657e-2fea-48f9-9e45-4ffaba5c330e",
	"501cb16b-2a05-4644-951a-36e9ad9256e2",
	'j',
	1,
	"811f1dd7-74f0-407e-b449-939d0de5ee8d");
INSERT INTO V_TRN
	VALUES ("4b62657e-2fea-48f9-9e45-4ffaba5c330e",
	"00000000-0000-0000-0000-000000000000",
	'');
INSERT INTO V_LOC
	VALUES ("a960b4fa-ffbe-4c2d-9bec-34e72e434f87",
	4,
	3,
	3,
	"4b62657e-2fea-48f9-9e45-4ffaba5c330e");
INSERT INTO V_LOC
	VALUES ("d6e1d376-682d-4af8-8d3e-4be73497abc9",
	9,
	11,
	11,
	"4b62657e-2fea-48f9-9e45-4ffaba5c330e");
INSERT INTO V_LOC
	VALUES ("0baaa195-9890-4b17-925f-b48b8731a77d",
	11,
	76,
	76,
	"4b62657e-2fea-48f9-9e45-4ffaba5c330e");
INSERT INTO V_LOC
	VALUES ("c34f62fd-7f4d-466f-be0d-4956b582ae68",
	13,
	7,
	7,
	"4b62657e-2fea-48f9-9e45-4ffaba5c330e");
INSERT INTO V_LOC
	VALUES ("b159fa19-27b7-41a0-b185-63d8b14c53f0",
	20,
	5,
	5,
	"4b62657e-2fea-48f9-9e45-4ffaba5c330e");
INSERT INTO V_LOC
	VALUES ("3204f7cc-344c-4ae4-be68-da0f7153768c",
	20,
	9,
	9,
	"4b62657e-2fea-48f9-9e45-4ffaba5c330e");
INSERT INTO V_VAR
	VALUES ("36d0501a-1f67-4acf-be2b-5d2f3140e2c5",
	"501cb16b-2a05-4644-951a-36e9ad9256e2",
	'b',
	0,
	"811f1dd7-74f0-407e-b449-939d0de5ee8d");
INSERT INTO V_TRN
	VALUES ("36d0501a-1f67-4acf-be2b-5d2f3140e2c5",
	"00000000-0000-0000-0000-000000000000",
	'');
INSERT INTO V_LOC
	VALUES ("012067c0-b1bf-45c4-974a-722b35f8c896",
	8,
	3,
	3,
	"36d0501a-1f67-4acf-be2b-5d2f3140e2c5");
INSERT INTO V_LOC
	VALUES ("c9d6012b-ccf2-4c84-bf54-491ff76aabaf",
	13,
	5,
	5,
	"36d0501a-1f67-4acf-be2b-5d2f3140e2c5");
INSERT INTO V_LOC
	VALUES ("078fda43-ff2b-4cc7-b2de-86fa52717b3e",
	22,
	28,
	28,
	"36d0501a-1f67-4acf-be2b-5d2f3140e2c5");
INSERT INTO S_DIM
	VALUES (9,
	0,
	"00000000-0000-0000-0000-000000000000",
	"00000000-0000-0000-0000-000000000000",
	"00000000-0000-0000-0000-000000000000",
	"00000000-0000-0000-0000-000000000000",
	"00000000-0000-0000-0000-000000000000",
	"00000000-0000-0000-0000-000000000000",
	"00000000-0000-0000-0000-000000000000",
	"00000000-0000-0000-0000-000000000000",
	"00000000-0000-0000-0000-000000000000",
	"00000000-0000-0000-0000-000000000000",
	"00000000-0000-0000-0000-000000000000",
	"00000000-0000-0000-0000-000000000000",
	"00000000-0000-0000-0000-000000000000",
	"00000000-0000-0000-0000-000000000000",
	"37056e4f-b2e8-47d6-a941-3952cfb44379",
	"36d0501a-1f67-4acf-be2b-5d2f3140e2c5");
INSERT INTO ACT_BLK
	VALUES ("aca445e4-3fe5-4268-8f43-d545564f7634",
	1,
	0,
	1,
	'',
	'',
	'',
	20,
	5,
	10,
	39,
	0,
	0,
	0,
	0,
	0,
	0,
	0,
	0,
	0,
	"0f952cd1-ea3f-4437-8486-c656841ed311",
	"00000000-0000-0000-0000-000000000000");
INSERT INTO ACT_SMT
	VALUES ("296858aa-1e10-49c1-9d60-50c384bba87a",
	"aca445e4-3fe5-4268-8f43-d545564f7634",
	"56db3aba-0819-4a1b-976f-fd0f2e3e7687",
	10,
	5,
	'display line: 10');
INSERT INTO ACT_FIW
	VALUES ("296858aa-1e10-49c1-9d60-50c384bba87a",
	"c9aaa8d9-b8ca-4228-8ab0-3815f351ca0d",
	1,
	'any',
	"fc75eed1-899b-43e9-a921-a8825bd0baab",
	"e488047e-8d3e-455c-a7e9-29120bad505f",
	10,
	39);
INSERT INTO ACT_SMT
	VALUES ("56db3aba-0819-4a1b-976f-fd0f2e3e7687",
	"aca445e4-3fe5-4268-8f43-d545564f7634",
	"eff5adbb-d497-4596-8bcb-aa304a909b97",
	12,
	5,
	'display line: 12');
INSERT INTO ACT_AI
	VALUES ("56db3aba-0819-4a1b-976f-fd0f2e3e7687",
	"e32d0037-8461-4fcb-8308-98bed8d88c5b",
	"c0622ef2-72d3-488f-b884-d12d51094a1b",
	0,
	0);
INSERT INTO ACT_SMT
	VALUES ("eff5adbb-d497-4596-8bcb-aa304a909b97",
	"aca445e4-3fe5-4268-8f43-d545564f7634",
	"4ddb268c-a632-4e14-9d9a-21da3def8e74",
	13,
	5,
	'display line: 13');
INSERT INTO ACT_AI
	VALUES ("eff5adbb-d497-4596-8bcb-aa304a909b97",
	"3288e222-7aeb-40d0-b9fe-f85eee1ae46f",
	"b7aa6a23-3b0c-4c36-b868-0e0bf0b12ba5",
	0,
	0);
INSERT INTO ACT_SMT
	VALUES ("4ddb268c-a632-4e14-9d9a-21da3def8e74",
	"aca445e4-3fe5-4268-8f43-d545564f7634",
	"00000000-0000-0000-0000-000000000000",
	20,
	5,
	'display line: 20');
INSERT INTO ACT_AI
	VALUES ("4ddb268c-a632-4e14-9d9a-21da3def8e74",
	"07954525-030b-4624-b938-6924915bde86",
	"55d94507-8b5e-4ad3-b72a-924f31db98f3",
	0,
	0);
INSERT INTO V_VAL
	VALUES ("445c89c8-190c-4a01-8525-c9deb6aeade8",
	0,
	0,
	11,
	17,
	-1,
	0,
	0,
	0,
	0,
	"1a2907d2-496f-482d-ba4d-df818f73d6fa",
	"aca445e4-3fe5-4268-8f43-d545564f7634");
INSERT INTO V_SLR
	VALUES ("445c89c8-190c-4a01-8525-c9deb6aeade8",
	"00000000-0000-0000-0000-000000000000",
	"00000000-0000-0000-0000-000000000000",
	"00000000-0000-0000-0000-000000000000");
INSERT INTO V_VAL
	VALUES ("00e3a076-77c7-4fd5-8f47-2166a9ff1d26",
	0,
	0,
	11,
	26,
	35,
	0,
	0,
	0,
	0,
	"811f1dd7-74f0-407e-b449-939d0de5ee8d",
	"aca445e4-3fe5-4268-8f43-d545564f7634");
INSERT INTO V_AVL
	VALUES ("00e3a076-77c7-4fd5-8f47-2166a9ff1d26",
	"445c89c8-190c-4a01-8525-c9deb6aeade8",
	"e488047e-8d3e-455c-a7e9-29120bad505f",
	"53a62320-a206-4d56-a639-c4592f420548");
INSERT INTO V_VAL
	VALUES ("dedbade5-94ef-41ed-95e1-c4b9cfd970bf",
	0,
	0,
	-1,
	-1,
	-1,
	0,
	0,
	0,
	0,
	"4e005777-df64-4279-9c02-400e239872b9",
	"aca445e4-3fe5-4268-8f43-d545564f7634");
INSERT INTO V_BIN
	VALUES ("dedbade5-94ef-41ed-95e1-c4b9cfd970bf",
	"f8cfa6bd-42b6-471a-855c-7f407a641c88",
	"00e3a076-77c7-4fd5-8f47-2166a9ff1d26",
	'==');
INSERT INTO V_VAL
	VALUES ("f8cfa6bd-42b6-471a-855c-7f407a641c88",
	0,
	0,
	11,
	40,
	40,
	0,
	0,
	0,
	0,
	"811f1dd7-74f0-407e-b449-939d0de5ee8d",
	"aca445e4-3fe5-4268-8f43-d545564f7634");
INSERT INTO V_TVL
	VALUES ("f8cfa6bd-42b6-471a-855c-7f407a641c88",
	"c54a2439-0b3c-4036-a2fb-9359703c4e65");
INSERT INTO V_VAL
	VALUES ("93ddde44-14e4-42d7-9fd0-a98fee6eb3a7",
	0,
	0,
	11,
	50,
	-1,
	0,
	0,
	0,
	0,
	"1a2907d2-496f-482d-ba4d-df818f73d6fa",
	"aca445e4-3fe5-4268-8f43-d545564f7634");
INSERT INTO V_SLR
	VALUES ("93ddde44-14e4-42d7-9fd0-a98fee6eb3a7",
	"00000000-0000-0000-0000-000000000000",
	"00000000-0000-0000-0000-000000000000",
	"00000000-0000-0000-0000-000000000000");
INSERT INTO V_VAL
	VALUES ("25305a46-deca-4c67-9996-050d2b6bedc8",
	0,
	0,
	11,
	59,
	71,
	0,
	0,
	0,
	0,
	"811f1dd7-74f0-407e-b449-939d0de5ee8d",
	"aca445e4-3fe5-4268-8f43-d545564f7634");
INSERT INTO V_AVL
	VALUES ("25305a46-deca-4c67-9996-050d2b6bedc8",
	"93ddde44-14e4-42d7-9fd0-a98fee6eb3a7",
	"e488047e-8d3e-455c-a7e9-29120bad505f",
	"d132eb18-d364-4962-a2a9-487279251e05");
INSERT INTO V_VAL
	VALUES ("3c0ac4c7-47af-4ba4-ae3c-835e1d3e41e6",
	0,
	0,
	-1,
	-1,
	-1,
	0,
	0,
	0,
	0,
	"4e005777-df64-4279-9c02-400e239872b9",
	"aca445e4-3fe5-4268-8f43-d545564f7634");
INSERT INTO V_BIN
	VALUES ("3c0ac4c7-47af-4ba4-ae3c-835e1d3e41e6",
	"6d9e846b-4393-46b3-9e7c-64b626fe9ed3",
	"25305a46-deca-4c67-9996-050d2b6bedc8",
	'==');
INSERT INTO V_VAL
	VALUES ("6d9e846b-4393-46b3-9e7c-64b626fe9ed3",
	0,
	0,
	11,
	76,
	76,
	0,
	0,
	0,
	0,
	"811f1dd7-74f0-407e-b449-939d0de5ee8d",
	"aca445e4-3fe5-4268-8f43-d545564f7634");
INSERT INTO V_TVL
	VALUES ("6d9e846b-4393-46b3-9e7c-64b626fe9ed3",
	"4b62657e-2fea-48f9-9e45-4ffaba5c330e");
INSERT INTO V_VAL
	VALUES ("fc75eed1-899b-43e9-a921-a8825bd0baab",
	0,
	0,
	-1,
	-1,
	-1,
	0,
	0,
	0,
	0,
	"4e005777-df64-4279-9c02-400e239872b9",
	"aca445e4-3fe5-4268-8f43-d545564f7634");
INSERT INTO V_BIN
	VALUES ("fc75eed1-899b-43e9-a921-a8825bd0baab",
	"3c0ac4c7-47af-4ba4-ae3c-835e1d3e41e6",
	"dedbade5-94ef-41ed-95e1-c4b9cfd970bf",
	'and');
INSERT INTO V_VAL
	VALUES ("c0622ef2-72d3-488f-b884-d12d51094a1b",
	1,
	1,
	12,
	5,
	5,
	0,
	0,
	0,
	0,
	"811f1dd7-74f0-407e-b449-939d0de5ee8d",
	"aca445e4-3fe5-4268-8f43-d545564f7634");
INSERT INTO V_TVL
	VALUES ("c0622ef2-72d3-488f-b884-d12d51094a1b",
	"0362214c-b750-46df-be71-3906b01122f2");
INSERT INTO V_VAL
	VALUES ("5b6fd442-4807-486b-9c06-bd7c5a241391",
	0,
	0,
	12,
	9,
	12,
	0,
	0,
	0,
	0,
	"1a2907d2-496f-482d-ba4d-df818f73d6fa",
	"aca445e4-3fe5-4268-8f43-d545564f7634");
INSERT INTO V_IRF
	VALUES ("5b6fd442-4807-486b-9c06-bd7c5a241391",
	"c9aaa8d9-b8ca-4228-8ab0-3815f351ca0d");
INSERT INTO V_VAL
	VALUES ("e32d0037-8461-4fcb-8308-98bed8d88c5b",
	0,
	0,
	12,
	14,
	25,
	0,
	0,
	0,
	0,
	"811f1dd7-74f0-407e-b449-939d0de5ee8d",
	"aca445e4-3fe5-4268-8f43-d545564f7634");
INSERT INTO V_AVL
	VALUES ("e32d0037-8461-4fcb-8308-98bed8d88c5b",
	"5b6fd442-4807-486b-9c06-bd7c5a241391",
	"e488047e-8d3e-455c-a7e9-29120bad505f",
	"009f5557-7ee7-4e44-9444-4d92eb448359");
INSERT INTO V_VAL
	VALUES ("ac563fdf-0f9e-422f-8c22-c7c4723eb5f4",
	1,
	0,
	13,
	5,
	5,
	0,
	0,
	0,
	0,
	"811f1dd7-74f0-407e-b449-939d0de5ee8d",
	"aca445e4-3fe5-4268-8f43-d545564f7634");
INSERT INTO V_TVL
	VALUES ("ac563fdf-0f9e-422f-8c22-c7c4723eb5f4",
	"36d0501a-1f67-4acf-be2b-5d2f3140e2c5");
INSERT INTO V_VAL
	VALUES ("faf53581-9875-4728-b3aa-2263770395ff",
	0,
	0,
	13,
	7,
	7,
	0,
	0,
	0,
	0,
	"811f1dd7-74f0-407e-b449-939d0de5ee8d",
	"aca445e4-3fe5-4268-8f43-d545564f7634");
INSERT INTO V_TVL
	VALUES ("faf53581-9875-4728-b3aa-2263770395ff",
	"4b62657e-2fea-48f9-9e45-4ffaba5c330e");
INSERT INTO V_VAL
	VALUES ("1a90ab9d-b6bd-4f44-9508-b1dfd8ce735c",
	0,
	0,
	-1,
	-1,
	-1,
	0,
	0,
	0,
	0,
	"811f1dd7-74f0-407e-b449-939d0de5ee8d",
	"aca445e4-3fe5-4268-8f43-d545564f7634");
INSERT INTO V_BIN
	VALUES ("1a90ab9d-b6bd-4f44-9508-b1dfd8ce735c",
	"83dd1979-9f44-4366-b661-c200b6288380",
	"faf53581-9875-4728-b3aa-2263770395ff",
	'-');
INSERT INTO V_VAL
	VALUES ("83dd1979-9f44-4366-b661-c200b6288380",
	0,
	0,
	13,
	9,
	9,
	0,
	0,
	0,
	0,
	"811f1dd7-74f0-407e-b449-939d0de5ee8d",
	"aca445e4-3fe5-4268-8f43-d545564f7634");
INSERT INTO V_LIN
	VALUES ("83dd1979-9f44-4366-b661-c200b6288380",
	'1');
INSERT INTO V_VAL
	VALUES ("b7aa6a23-3b0c-4c36-b868-0e0bf0b12ba5",
	0,
	0,
	-1,
	-1,
	-1,
	0,
	0,
	0,
	0,
	"811f1dd7-74f0-407e-b449-939d0de5ee8d",
	"aca445e4-3fe5-4268-8f43-d545564f7634");
INSERT INTO V_AER
	VALUES ("b7aa6a23-3b0c-4c36-b868-0e0bf0b12ba5",
	"ac563fdf-0f9e-422f-8c22-c7c4723eb5f4",
	"1a90ab9d-b6bd-4f44-9508-b1dfd8ce735c");
INSERT INTO V_VAL
	VALUES ("3288e222-7aeb-40d0-b9fe-f85eee1ae46f",
	0,
	0,
	13,
	14,
	14,
	0,
	0,
	0,
	0,
	"811f1dd7-74f0-407e-b449-939d0de5ee8d",
	"aca445e4-3fe5-4268-8f43-d545564f7634");
INSERT INTO V_TVL
	VALUES ("3288e222-7aeb-40d0-b9fe-f85eee1ae46f",
	"0362214c-b750-46df-be71-3906b01122f2");
INSERT INTO V_VAL
	VALUES ("55d94507-8b5e-4ad3-b72a-924f31db98f3",
	1,
	0,
	20,
	5,
	5,
	0,
	0,
	0,
	0,
	"811f1dd7-74f0-407e-b449-939d0de5ee8d",
	"aca445e4-3fe5-4268-8f43-d545564f7634");
INSERT INTO V_TVL
	VALUES ("55d94507-8b5e-4ad3-b72a-924f31db98f3",
	"4b62657e-2fea-48f9-9e45-4ffaba5c330e");
INSERT INTO V_VAL
	VALUES ("14e93c4d-fa59-40ca-97a8-7b0eaa625c54",
	0,
	0,
	20,
	9,
	9,
	0,
	0,
	0,
	0,
	"811f1dd7-74f0-407e-b449-939d0de5ee8d",
	"aca445e4-3fe5-4268-8f43-d545564f7634");
INSERT INTO V_TVL
	VALUES ("14e93c4d-fa59-40ca-97a8-7b0eaa625c54",
	"4b62657e-2fea-48f9-9e45-4ffaba5c330e");
INSERT INTO V_VAL
	VALUES ("07954525-030b-4624-b938-6924915bde86",
	0,
	0,
	-1,
	-1,
	-1,
	0,
	0,
	0,
	0,
	"811f1dd7-74f0-407e-b449-939d0de5ee8d",
	"aca445e4-3fe5-4268-8f43-d545564f7634");
INSERT INTO V_BIN
	VALUES ("07954525-030b-4624-b938-6924915bde86",
	"b9570a2d-6e9b-4208-8345-9b3d0a27fb62",
	"14e93c4d-fa59-40ca-97a8-7b0eaa625c54",
	'+');
INSERT INTO V_VAL
	VALUES ("b9570a2d-6e9b-4208-8345-9b3d0a27fb62",
	0,
	0,
	20,
	13,
	13,
	0,
	0,
	0,
	0,
	"811f1dd7-74f0-407e-b449-939d0de5ee8d",
	"aca445e4-3fe5-4268-8f43-d545564f7634");
INSERT INTO V_LIN
	VALUES ("b9570a2d-6e9b-4208-8345-9b3d0a27fb62",
	'1');
INSERT INTO V_VAR
	VALUES ("c9aaa8d9-b8ca-4228-8ab0-3815f351ca0d",
	"aca445e4-3fe5-4268-8f43-d545564f7634",
	'cell',
	1,
	"1a2907d2-496f-482d-ba4d-df818f73d6fa");
INSERT INTO V_INT
	VALUES ("c9aaa8d9-b8ca-4228-8ab0-3815f351ca0d",
	0,
	"e488047e-8d3e-455c-a7e9-29120bad505f");
INSERT INTO V_LOC
	VALUES ("dcd84855-9cd3-417f-a05d-112c8f6971b0",
	10,
	16,
	19,
	"c9aaa8d9-b8ca-4228-8ab0-3815f351ca0d");
INSERT INTO V_LOC
	VALUES ("5e609c25-15a6-4f54-b29b-f7b2387fd15a",
	12,
	9,
	12,
	"c9aaa8d9-b8ca-4228-8ab0-3815f351ca0d");
INSERT INTO V_VAR
	VALUES ("0362214c-b750-46df-be71-3906b01122f2",
	"aca445e4-3fe5-4268-8f43-d545564f7634",
	'a',
	1,
	"811f1dd7-74f0-407e-b449-939d0de5ee8d");
INSERT INTO V_TRN
	VALUES ("0362214c-b750-46df-be71-3906b01122f2",
	"00000000-0000-0000-0000-000000000000",
	'');
INSERT INTO V_LOC
	VALUES ("f411bb90-8593-4f73-9514-b30a3fb2973e",
	12,
	5,
	5,
	"0362214c-b750-46df-be71-3906b01122f2");
INSERT INTO V_LOC
	VALUES ("82c56c39-ef40-4b64-b2dc-788314b06cf4",
	13,
	14,
	14,
	"0362214c-b750-46df-be71-3906b01122f2");
INSERT INTO S_FIP
	VALUES ("902fee5d-2cc1-44d8-a018-7d4ab96f184d",
	"836e2a9b-86e2-4c61-8e39-fa204d8644dd");
INSERT INTO S_SYNC
	VALUES ("836e2a9b-86e2-4c61-8e39-fa204d8644dd",
	"0eb5e6c3-13b6-4550-b154-5d6824e51255",
	'solve',
	'',
	'score = CELL::score();
::display();

SEQUENCE::solve();

score = CELL::score();
if ( 81 == score )
  LOG::LogSuccess( message:"solved the puzzle" );
else
  LOG::LogFailure( message:"failed to solved the puzzle" );
end if;
::display();',
	"606ca061-c661-4bbf-bb1a-bb2345f5239e",
	1,
	'');
INSERT INTO ACT_FNB
	VALUES ("17d1dd92-591f-4077-aef6-5bf32287068d",
	"836e2a9b-86e2-4c61-8e39-fa204d8644dd");
INSERT INTO ACT_ACT
	VALUES ("17d1dd92-591f-4077-aef6-5bf32287068d",
	'function',
	0,
	"50988b93-ec39-4f99-91f4-5d61de4a0022",
	"00000000-0000-0000-0000-000000000000",
	0,
	'solve',
	"00000000-0000-0000-0000-000000000000");
INSERT INTO ACT_BLK
	VALUES ("50988b93-ec39-4f99-91f4-5d61de4a0022",
	0,
	0,
	0,
	'CELL',
	'',
	'',
	12,
	1,
	6,
	9,
	0,
	0,
	0,
	0,
	0,
	0,
	0,
	0,
	0,
	"17d1dd92-591f-4077-aef6-5bf32287068d",
	"00000000-0000-0000-0000-000000000000");
INSERT INTO ACT_SMT
	VALUES ("cce1864d-f484-4cf1-9416-76c053a08f25",
	"50988b93-ec39-4f99-91f4-5d61de4a0022",
	"629c066f-019f-4eea-95f6-805a9071f176",
	1,
	1,
	'solve line: 1');
INSERT INTO ACT_AI
	VALUES ("cce1864d-f484-4cf1-9416-76c053a08f25",
	"d7afa431-e54c-4c63-bf23-e180255c9a99",
	"f347ce72-52c6-4388-84dc-5be38dbfaf77",
	0,
	0);
INSERT INTO ACT_SMT
	VALUES ("629c066f-019f-4eea-95f6-805a9071f176",
	"50988b93-ec39-4f99-91f4-5d61de4a0022",
	"480a402a-68c5-4344-8a54-47d459bdb2cb",
	2,
	1,
	'solve line: 2');
INSERT INTO ACT_FNC
	VALUES ("629c066f-019f-4eea-95f6-805a9071f176",
	"ea7999d4-ad63-4a57-abe3-4a8224d30de0",
	2,
	3);
INSERT INTO ACT_SMT
	VALUES ("480a402a-68c5-4344-8a54-47d459bdb2cb",
	"50988b93-ec39-4f99-91f4-5d61de4a0022",
	"5b214bc2-77d8-44a2-a720-41f3784af7ec",
	4,
	1,
	'solve line: 4');
INSERT INTO ACT_TFM
	VALUES ("480a402a-68c5-4344-8a54-47d459bdb2cb",
	"a76fd039-37b9-41cc-9e9a-ea4943cde168",
	"00000000-0000-0000-0000-000000000000",
	4,
	11,
	4,
	1);
INSERT INTO ACT_SMT
	VALUES ("5b214bc2-77d8-44a2-a720-41f3784af7ec",
	"50988b93-ec39-4f99-91f4-5d61de4a0022",
	"b645ef03-ccb7-43a8-bf84-bf77e090dc08",
	6,
	1,
	'solve line: 6');
INSERT INTO ACT_AI
	VALUES ("5b214bc2-77d8-44a2-a720-41f3784af7ec",
	"351ce595-8b1f-4538-a8ee-342409f9fe69",
	"484e530a-5757-4887-bfd8-b347c495258f",
	0,
	0);
INSERT INTO ACT_SMT
	VALUES ("b645ef03-ccb7-43a8-bf84-bf77e090dc08",
	"50988b93-ec39-4f99-91f4-5d61de4a0022",
	"cc74edd0-0a0a-4b3e-8f1e-5ed2125e913a",
	7,
	1,
	'solve line: 7');
INSERT INTO ACT_IF
	VALUES ("b645ef03-ccb7-43a8-bf84-bf77e090dc08",
	"83b9aab8-42fc-422f-8bab-8f239a2da7bf",
	"0f37948e-ada7-4842-812e-47f7e19f4853",
	"00000000-0000-0000-0000-000000000000",
	"00000000-0000-0000-0000-000000000000");
INSERT INTO ACT_SMT
	VALUES ("b03b81f6-1d19-4a6a-861a-21192b180319",
	"50988b93-ec39-4f99-91f4-5d61de4a0022",
	"00000000-0000-0000-0000-000000000000",
	9,
	1,
	'solve line: 9');
INSERT INTO ACT_E
	VALUES ("b03b81f6-1d19-4a6a-861a-21192b180319",
	"5ccc3466-1c39-4206-8ec1-6e55e33ad825",
	"b645ef03-ccb7-43a8-bf84-bf77e090dc08");
INSERT INTO ACT_SMT
	VALUES ("cc74edd0-0a0a-4b3e-8f1e-5ed2125e913a",
	"50988b93-ec39-4f99-91f4-5d61de4a0022",
	"00000000-0000-0000-0000-000000000000",
	12,
	1,
	'solve line: 12');
INSERT INTO ACT_FNC
	VALUES ("cc74edd0-0a0a-4b3e-8f1e-5ed2125e913a",
	"ea7999d4-ad63-4a57-abe3-4a8224d30de0",
	12,
	3);
INSERT INTO V_VAL
	VALUES ("f347ce72-52c6-4388-84dc-5be38dbfaf77",
	1,
	1,
	1,
	1,
	5,
	0,
	0,
	0,
	0,
	"811f1dd7-74f0-407e-b449-939d0de5ee8d",
	"50988b93-ec39-4f99-91f4-5d61de4a0022");
INSERT INTO V_TVL
	VALUES ("f347ce72-52c6-4388-84dc-5be38dbfaf77",
	"81267ba9-29f0-479e-88f2-394a5408334e");
INSERT INTO V_VAL
	VALUES ("d7afa431-e54c-4c63-bf23-e180255c9a99",
	0,
	0,
	1,
	15,
	-1,
	0,
	0,
	0,
	0,
	"811f1dd7-74f0-407e-b449-939d0de5ee8d",
	"50988b93-ec39-4f99-91f4-5d61de4a0022");
INSERT INTO V_TRV
	VALUES ("d7afa431-e54c-4c63-bf23-e180255c9a99",
	"e7682414-c9d4-490e-84ef-68b46fb9a8f1",
	"00000000-0000-0000-0000-000000000000",
	1,
	1,
	9);
INSERT INTO V_VAL
	VALUES ("484e530a-5757-4887-bfd8-b347c495258f",
	1,
	0,
	6,
	1,
	5,
	0,
	0,
	0,
	0,
	"811f1dd7-74f0-407e-b449-939d0de5ee8d",
	"50988b93-ec39-4f99-91f4-5d61de4a0022");
INSERT INTO V_TVL
	VALUES ("484e530a-5757-4887-bfd8-b347c495258f",
	"81267ba9-29f0-479e-88f2-394a5408334e");
INSERT INTO V_VAL
	VALUES ("351ce595-8b1f-4538-a8ee-342409f9fe69",
	0,
	0,
	6,
	15,
	-1,
	0,
	0,
	0,
	0,
	"811f1dd7-74f0-407e-b449-939d0de5ee8d",
	"50988b93-ec39-4f99-91f4-5d61de4a0022");
INSERT INTO V_TRV
	VALUES ("351ce595-8b1f-4538-a8ee-342409f9fe69",
	"e7682414-c9d4-490e-84ef-68b46fb9a8f1",
	"00000000-0000-0000-0000-000000000000",
	1,
	6,
	9);
INSERT INTO V_VAL
	VALUES ("17ed4a6e-a7b6-4ee7-991c-2e7acb0d532f",
	0,
	0,
	7,
	6,
	7,
	0,
	0,
	0,
	0,
	"811f1dd7-74f0-407e-b449-939d0de5ee8d",
	"50988b93-ec39-4f99-91f4-5d61de4a0022");
INSERT INTO V_LIN
	VALUES ("17ed4a6e-a7b6-4ee7-991c-2e7acb0d532f",
	'81');
INSERT INTO V_VAL
	VALUES ("0f37948e-ada7-4842-812e-47f7e19f4853",
	0,
	0,
	-1,
	-1,
	-1,
	0,
	0,
	0,
	0,
	"4e005777-df64-4279-9c02-400e239872b9",
	"50988b93-ec39-4f99-91f4-5d61de4a0022");
INSERT INTO V_BIN
	VALUES ("0f37948e-ada7-4842-812e-47f7e19f4853",
	"5336e262-95c9-449f-b754-ee81158b1fd3",
	"17ed4a6e-a7b6-4ee7-991c-2e7acb0d532f",
	'==');
INSERT INTO V_VAL
	VALUES ("5336e262-95c9-449f-b754-ee81158b1fd3",
	0,
	0,
	7,
	12,
	16,
	0,
	0,
	0,
	0,
	"811f1dd7-74f0-407e-b449-939d0de5ee8d",
	"50988b93-ec39-4f99-91f4-5d61de4a0022");
INSERT INTO V_TVL
	VALUES ("5336e262-95c9-449f-b754-ee81158b1fd3",
	"81267ba9-29f0-479e-88f2-394a5408334e");
INSERT INTO V_VAR
	VALUES ("81267ba9-29f0-479e-88f2-394a5408334e",
	"50988b93-ec39-4f99-91f4-5d61de4a0022",
	'score',
	1,
	"811f1dd7-74f0-407e-b449-939d0de5ee8d");
INSERT INTO V_TRN
	VALUES ("81267ba9-29f0-479e-88f2-394a5408334e",
	"00000000-0000-0000-0000-000000000000",
	'');
INSERT INTO V_LOC
	VALUES ("9f1043d0-04c6-428e-a480-8e088ba0db8c",
	1,
	1,
	5,
	"81267ba9-29f0-479e-88f2-394a5408334e");
INSERT INTO V_LOC
	VALUES ("a5e651c3-ec43-4173-9456-029213c4a77b",
	6,
	1,
	5,
	"81267ba9-29f0-479e-88f2-394a5408334e");
INSERT INTO V_LOC
	VALUES ("ea3b9724-d17e-4e75-b2f4-ded3c0a0f716",
	7,
	12,
	16,
	"81267ba9-29f0-479e-88f2-394a5408334e");
INSERT INTO ACT_BLK
	VALUES ("83b9aab8-42fc-422f-8bab-8f239a2da7bf",
	0,
	0,
	0,
	'LOG',
	'',
	'',
	8,
	3,
	8,
	3,
	0,
	0,
	0,
	0,
	0,
	0,
	0,
	0,
	0,
	"17d1dd92-591f-4077-aef6-5bf32287068d",
	"00000000-0000-0000-0000-000000000000");
INSERT INTO ACT_SMT
	VALUES ("ab703755-309e-40f3-8c8c-d9f9092f953a",
	"83b9aab8-42fc-422f-8bab-8f239a2da7bf",
	"00000000-0000-0000-0000-000000000000",
	8,
	3,
	'solve line: 8');
INSERT INTO ACT_BRG
	VALUES ("ab703755-309e-40f3-8c8c-d9f9092f953a",
	"c1b48c1e-b947-4620-bd45-5dfde8d96e53",
	8,
	8,
	8,
	3);
INSERT INTO V_VAL
	VALUES ("d35b1712-837f-4208-878c-36bbf201ba8d",
	0,
	0,
	8,
	28,
	45,
	0,
	0,
	0,
	0,
	"e27a3af8-1f28-4ba6-a876-f718ce67db3c",
	"83b9aab8-42fc-422f-8bab-8f239a2da7bf");
INSERT INTO V_LST
	VALUES ("d35b1712-837f-4208-878c-36bbf201ba8d",
	'solved the puzzle');
INSERT INTO V_PAR
	VALUES ("d35b1712-837f-4208-878c-36bbf201ba8d",
	"ab703755-309e-40f3-8c8c-d9f9092f953a",
	"00000000-0000-0000-0000-000000000000",
	'message',
	"00000000-0000-0000-0000-000000000000",
	8,
	20);
INSERT INTO ACT_BLK
	VALUES ("5ccc3466-1c39-4206-8ec1-6e55e33ad825",
	0,
	0,
	0,
	'LOG',
	'',
	'',
	10,
	3,
	10,
	3,
	0,
	0,
	0,
	0,
	0,
	0,
	0,
	0,
	0,
	"17d1dd92-591f-4077-aef6-5bf32287068d",
	"00000000-0000-0000-0000-000000000000");
INSERT INTO ACT_SMT
	VALUES ("a7a1fce6-a471-48f7-b985-8527da06a4ca",
	"5ccc3466-1c39-4206-8ec1-6e55e33ad825",
	"00000000-0000-0000-0000-000000000000",
	10,
	3,
	'solve line: 10');
INSERT INTO ACT_BRG
	VALUES ("a7a1fce6-a471-48f7-b985-8527da06a4ca",
	"ea25943b-c6c2-4423-922c-947a3cd960ad",
	10,
	8,
	10,
	3);
INSERT INTO V_VAL
	VALUES ("d0fee069-84e0-4e99-bdc4-a3c5bb1bea8a",
	0,
	0,
	10,
	28,
	55,
	0,
	0,
	0,
	0,
	"e27a3af8-1f28-4ba6-a876-f718ce67db3c",
	"5ccc3466-1c39-4206-8ec1-6e55e33ad825");
INSERT INTO V_LST
	VALUES ("d0fee069-84e0-4e99-bdc4-a3c5bb1bea8a",
	'failed to solved the puzzle');
INSERT INTO V_PAR
	VALUES ("d0fee069-84e0-4e99-bdc4-a3c5bb1bea8a",
	"a7a1fce6-a471-48f7-b985-8527da06a4ca",
	"00000000-0000-0000-0000-000000000000",
	'message',
	"00000000-0000-0000-0000-000000000000",
	10,
	20);
INSERT INTO S_FIP
	VALUES ("902fee5d-2cc1-44d8-a018-7d4ab96f184d",
	"7927caa7-9d02-461c-a9c8-d57fc88efd9a");
INSERT INTO S_SYNC
	VALUES ("7927caa7-9d02-461c-a9c8-d57fc88efd9a",
	"0eb5e6c3-13b6-4550-b154-5d6824e51255",
	'setz2_given',
	'',
	'
CELL::set_given( row:1, column:2, answer:6 );
CELL::set_given( row:1, column:4, answer:1 );
CELL::set_given( row:1, column:6, answer:4 );
CELL::set_given( row:1, column:8, answer:5 );

CELL::set_given( row:2, column:3, answer:8 );
CELL::set_given( row:2, column:4, answer:3 );
CELL::set_given( row:2, column:6, answer:5 );
CELL::set_given( row:2, column:7, answer:6 );

CELL::set_given( row:3, column:1, answer:2 );
CELL::set_given( row:3, column:9, answer:1 );

CELL::set_given( row:4, column:1, answer:8 );
CELL::set_given( row:4, column:4, answer:4 );
CELL::set_given( row:4, column:6, answer:7 );
CELL::set_given( row:4, column:9, answer:6 );

CELL::set_given( row:5, column:3, answer:6 );
CELL::set_given( row:5, column:7, answer:3 );

CELL::set_given( row:6, column:1, answer:7 );
CELL::set_given( row:6, column:4, answer:9 );
CELL::set_given( row:6, column:6, answer:1 );
CELL::set_given( row:6, column:9, answer:4 );

CELL::set_given( row:7, column:1, answer:5 );
CELL::set_given( row:7, column:9, answer:2 );

CELL::set_given( row:8, column:3, answer:7 );
CELL::set_given( row:8, column:4, answer:2 );
CELL::set_given( row:8, column:6, answer:6 );
CELL::set_given( row:8, column:7, answer:9 );

CELL::set_given( row:9, column:2, answer:4 );
CELL::set_given( row:9, column:4, answer:5 );
CELL::set_given( row:9, column:6, answer:8 );
CELL::set_given( row:9, column:8, answer:7 );

// This is extra.  Should not need this.
//CELL::set_given( row:8, column:1, answer:3 );
',
	"606ca061-c661-4bbf-bb1a-bb2345f5239e",
	1,
	'');
INSERT INTO ACT_FNB
	VALUES ("74ed0f30-c723-4849-84b9-fa2c05c154fa",
	"7927caa7-9d02-461c-a9c8-d57fc88efd9a");
INSERT INTO ACT_ACT
	VALUES ("74ed0f30-c723-4849-84b9-fa2c05c154fa",
	'function',
	0,
	"5a24959f-d869-45a7-804d-1348ab217f76",
	"00000000-0000-0000-0000-000000000000",
	0,
	'setz2_given',
	"00000000-0000-0000-0000-000000000000");
INSERT INTO ACT_BLK
	VALUES ("5a24959f-d869-45a7-804d-1348ab217f76",
	0,
	0,
	0,
	'CELL',
	'',
	'',
	39,
	1,
	39,
	1,
	0,
	0,
	0,
	0,
	0,
	0,
	0,
	0,
	0,
	"74ed0f30-c723-4849-84b9-fa2c05c154fa",
	"00000000-0000-0000-0000-000000000000");
INSERT INTO ACT_SMT
	VALUES ("639749e1-68bb-42d8-b932-fa47075f5ded",
	"5a24959f-d869-45a7-804d-1348ab217f76",
	"af2a95e4-22bb-4ccf-8909-bf15ec00f0de",
	2,
	1,
	'setz2_given line: 2');
INSERT INTO ACT_TFM
	VALUES ("639749e1-68bb-42d8-b932-fa47075f5ded",
	"08064e1a-888f-4d00-a98e-bcce7359c03d",
	"00000000-0000-0000-0000-000000000000",
	2,
	7,
	2,
	1);
INSERT INTO ACT_SMT
	VALUES ("af2a95e4-22bb-4ccf-8909-bf15ec00f0de",
	"5a24959f-d869-45a7-804d-1348ab217f76",
	"c50c8dc4-9023-4f1d-a03c-120c6fe8ae88",
	3,
	1,
	'setz2_given line: 3');
INSERT INTO ACT_TFM
	VALUES ("af2a95e4-22bb-4ccf-8909-bf15ec00f0de",
	"08064e1a-888f-4d00-a98e-bcce7359c03d",
	"00000000-0000-0000-0000-000000000000",
	3,
	7,
	3,
	1);
INSERT INTO ACT_SMT
	VALUES ("c50c8dc4-9023-4f1d-a03c-120c6fe8ae88",
	"5a24959f-d869-45a7-804d-1348ab217f76",
	"8ba8f844-0abf-46ad-a1ba-12f9afa3aad7",
	4,
	1,
	'setz2_given line: 4');
INSERT INTO ACT_TFM
	VALUES ("c50c8dc4-9023-4f1d-a03c-120c6fe8ae88",
	"08064e1a-888f-4d00-a98e-bcce7359c03d",
	"00000000-0000-0000-0000-000000000000",
	4,
	7,
	4,
	1);
INSERT INTO ACT_SMT
	VALUES ("8ba8f844-0abf-46ad-a1ba-12f9afa3aad7",
	"5a24959f-d869-45a7-804d-1348ab217f76",
	"9542d5d6-38f4-44ad-bc0f-d09839592f01",
	5,
	1,
	'setz2_given line: 5');
INSERT INTO ACT_TFM
	VALUES ("8ba8f844-0abf-46ad-a1ba-12f9afa3aad7",
	"08064e1a-888f-4d00-a98e-bcce7359c03d",
	"00000000-0000-0000-0000-000000000000",
	5,
	7,
	5,
	1);
INSERT INTO ACT_SMT
	VALUES ("9542d5d6-38f4-44ad-bc0f-d09839592f01",
	"5a24959f-d869-45a7-804d-1348ab217f76",
	"6b8885b3-fc8b-4f51-b060-7d60d47720c4",
	7,
	1,
	'setz2_given line: 7');
INSERT INTO ACT_TFM
	VALUES ("9542d5d6-38f4-44ad-bc0f-d09839592f01",
	"08064e1a-888f-4d00-a98e-bcce7359c03d",
	"00000000-0000-0000-0000-000000000000",
	7,
	7,
	7,
	1);
INSERT INTO ACT_SMT
	VALUES ("6b8885b3-fc8b-4f51-b060-7d60d47720c4",
	"5a24959f-d869-45a7-804d-1348ab217f76",
	"d54453eb-9909-40f7-951e-8c35ab70a147",
	8,
	1,
	'setz2_given line: 8');
INSERT INTO ACT_TFM
	VALUES ("6b8885b3-fc8b-4f51-b060-7d60d47720c4",
	"08064e1a-888f-4d00-a98e-bcce7359c03d",
	"00000000-0000-0000-0000-000000000000",
	8,
	7,
	8,
	1);
INSERT INTO ACT_SMT
	VALUES ("d54453eb-9909-40f7-951e-8c35ab70a147",
	"5a24959f-d869-45a7-804d-1348ab217f76",
	"23390369-0ac3-4541-914a-0bb38982b7b1",
	9,
	1,
	'setz2_given line: 9');
INSERT INTO ACT_TFM
	VALUES ("d54453eb-9909-40f7-951e-8c35ab70a147",
	"08064e1a-888f-4d00-a98e-bcce7359c03d",
	"00000000-0000-0000-0000-000000000000",
	9,
	7,
	9,
	1);
INSERT INTO ACT_SMT
	VALUES ("23390369-0ac3-4541-914a-0bb38982b7b1",
	"5a24959f-d869-45a7-804d-1348ab217f76",
	"39e0419f-6694-4557-a950-73bfbb145478",
	10,
	1,
	'setz2_given line: 10');
INSERT INTO ACT_TFM
	VALUES ("23390369-0ac3-4541-914a-0bb38982b7b1",
	"08064e1a-888f-4d00-a98e-bcce7359c03d",
	"00000000-0000-0000-0000-000000000000",
	10,
	7,
	10,
	1);
INSERT INTO ACT_SMT
	VALUES ("39e0419f-6694-4557-a950-73bfbb145478",
	"5a24959f-d869-45a7-804d-1348ab217f76",
	"f870a606-81e0-42b3-9e63-bf46e8c0b90c",
	12,
	1,
	'setz2_given line: 12');
INSERT INTO ACT_TFM
	VALUES ("39e0419f-6694-4557-a950-73bfbb145478",
	"08064e1a-888f-4d00-a98e-bcce7359c03d",
	"00000000-0000-0000-0000-000000000000",
	12,
	7,
	12,
	1);
INSERT INTO ACT_SMT
	VALUES ("f870a606-81e0-42b3-9e63-bf46e8c0b90c",
	"5a24959f-d869-45a7-804d-1348ab217f76",
	"f2d9cce6-a8f5-4be2-9e66-99e02428bcc1",
	13,
	1,
	'setz2_given line: 13');
INSERT INTO ACT_TFM
	VALUES ("f870a606-81e0-42b3-9e63-bf46e8c0b90c",
	"08064e1a-888f-4d00-a98e-bcce7359c03d",
	"00000000-0000-0000-0000-000000000000",
	13,
	7,
	13,
	1);
INSERT INTO ACT_SMT
	VALUES ("f2d9cce6-a8f5-4be2-9e66-99e02428bcc1",
	"5a24959f-d869-45a7-804d-1348ab217f76",
	"d4090760-5a20-4d99-867e-6fa9eec6fb37",
	15,
	1,
	'setz2_given line: 15');
INSERT INTO ACT_TFM
	VALUES ("f2d9cce6-a8f5-4be2-9e66-99e02428bcc1",
	"08064e1a-888f-4d00-a98e-bcce7359c03d",
	"00000000-0000-0000-0000-000000000000",
	15,
	7,
	15,
	1);
INSERT INTO ACT_SMT
	VALUES ("d4090760-5a20-4d99-867e-6fa9eec6fb37",
	"5a24959f-d869-45a7-804d-1348ab217f76",
	"60b539ec-d596-4b41-834a-2d9cc8a2ba9a",
	16,
	1,
	'setz2_given line: 16');
INSERT INTO ACT_TFM
	VALUES ("d4090760-5a20-4d99-867e-6fa9eec6fb37",
	"08064e1a-888f-4d00-a98e-bcce7359c03d",
	"00000000-0000-0000-0000-000000000000",
	16,
	7,
	16,
	1);
INSERT INTO ACT_SMT
	VALUES ("60b539ec-d596-4b41-834a-2d9cc8a2ba9a",
	"5a24959f-d869-45a7-804d-1348ab217f76",
	"61813143-a759-4c07-ad61-098fdeab06ba",
	17,
	1,
	'setz2_given line: 17');
INSERT INTO ACT_TFM
	VALUES ("60b539ec-d596-4b41-834a-2d9cc8a2ba9a",
	"08064e1a-888f-4d00-a98e-bcce7359c03d",
	"00000000-0000-0000-0000-000000000000",
	17,
	7,
	17,
	1);
INSERT INTO ACT_SMT
	VALUES ("61813143-a759-4c07-ad61-098fdeab06ba",
	"5a24959f-d869-45a7-804d-1348ab217f76",
	"1ecfb413-20a4-472e-8acf-07fa2df23c97",
	18,
	1,
	'setz2_given line: 18');
INSERT INTO ACT_TFM
	VALUES ("61813143-a759-4c07-ad61-098fdeab06ba",
	"08064e1a-888f-4d00-a98e-bcce7359c03d",
	"00000000-0000-0000-0000-000000000000",
	18,
	7,
	18,
	1);
INSERT INTO ACT_SMT
	VALUES ("1ecfb413-20a4-472e-8acf-07fa2df23c97",
	"5a24959f-d869-45a7-804d-1348ab217f76",
	"e74c35ec-e43a-47aa-b929-5f13813d9c0f",
	20,
	1,
	'setz2_given line: 20');
INSERT INTO ACT_TFM
	VALUES ("1ecfb413-20a4-472e-8acf-07fa2df23c97",
	"08064e1a-888f-4d00-a98e-bcce7359c03d",
	"00000000-0000-0000-0000-000000000000",
	20,
	7,
	20,
	1);
INSERT INTO ACT_SMT
	VALUES ("e74c35ec-e43a-47aa-b929-5f13813d9c0f",
	"5a24959f-d869-45a7-804d-1348ab217f76",
	"65872112-c82b-4205-ac57-b4c126a5943d",
	21,
	1,
	'setz2_given line: 21');
INSERT INTO ACT_TFM
	VALUES ("e74c35ec-e43a-47aa-b929-5f13813d9c0f",
	"08064e1a-888f-4d00-a98e-bcce7359c03d",
	"00000000-0000-0000-0000-000000000000",
	21,
	7,
	21,
	1);
INSERT INTO ACT_SMT
	VALUES ("65872112-c82b-4205-ac57-b4c126a5943d",
	"5a24959f-d869-45a7-804d-1348ab217f76",
	"3e52e560-4fa2-400c-a7ee-7c65323e7c3d",
	23,
	1,
	'setz2_given line: 23');
INSERT INTO ACT_TFM
	VALUES ("65872112-c82b-4205-ac57-b4c126a5943d",
	"08064e1a-888f-4d00-a98e-bcce7359c03d",
	"00000000-0000-0000-0000-000000000000",
	23,
	7,
	23,
	1);
INSERT INTO ACT_SMT
	VALUES ("3e52e560-4fa2-400c-a7ee-7c65323e7c3d",
	"5a24959f-d869-45a7-804d-1348ab217f76",
	"aab98dea-5194-4004-bb19-d67717517afc",
	24,
	1,
	'setz2_given line: 24');
INSERT INTO ACT_TFM
	VALUES ("3e52e560-4fa2-400c-a7ee-7c65323e7c3d",
	"08064e1a-888f-4d00-a98e-bcce7359c03d",
	"00000000-0000-0000-0000-000000000000",
	24,
	7,
	24,
	1);
INSERT INTO ACT_SMT
	VALUES ("aab98dea-5194-4004-bb19-d67717517afc",
	"5a24959f-d869-45a7-804d-1348ab217f76",
	"64b3010d-0b5a-469d-9632-c4cd871d224a",
	25,
	1,
	'setz2_given line: 25');
INSERT INTO ACT_TFM
	VALUES ("aab98dea-5194-4004-bb19-d67717517afc",
	"08064e1a-888f-4d00-a98e-bcce7359c03d",
	"00000000-0000-0000-0000-000000000000",
	25,
	7,
	25,
	1);
INSERT INTO ACT_SMT
	VALUES ("64b3010d-0b5a-469d-9632-c4cd871d224a",
	"5a24959f-d869-45a7-804d-1348ab217f76",
	"38435902-df9b-4d8c-83b7-0f96b87ce68f",
	26,
	1,
	'setz2_given line: 26');
INSERT INTO ACT_TFM
	VALUES ("64b3010d-0b5a-469d-9632-c4cd871d224a",
	"08064e1a-888f-4d00-a98e-bcce7359c03d",
	"00000000-0000-0000-0000-000000000000",
	26,
	7,
	26,
	1);
INSERT INTO ACT_SMT
	VALUES ("38435902-df9b-4d8c-83b7-0f96b87ce68f",
	"5a24959f-d869-45a7-804d-1348ab217f76",
	"5a90864c-a07a-43d4-8c9e-e601072c2e98",
	28,
	1,
	'setz2_given line: 28');
INSERT INTO ACT_TFM
	VALUES ("38435902-df9b-4d8c-83b7-0f96b87ce68f",
	"08064e1a-888f-4d00-a98e-bcce7359c03d",
	"00000000-0000-0000-0000-000000000000",
	28,
	7,
	28,
	1);
INSERT INTO ACT_SMT
	VALUES ("5a90864c-a07a-43d4-8c9e-e601072c2e98",
	"5a24959f-d869-45a7-804d-1348ab217f76",
	"cd050d48-9d80-42cb-8c86-eb23216f107f",
	29,
	1,
	'setz2_given line: 29');
INSERT INTO ACT_TFM
	VALUES ("5a90864c-a07a-43d4-8c9e-e601072c2e98",
	"08064e1a-888f-4d00-a98e-bcce7359c03d",
	"00000000-0000-0000-0000-000000000000",
	29,
	7,
	29,
	1);
INSERT INTO ACT_SMT
	VALUES ("cd050d48-9d80-42cb-8c86-eb23216f107f",
	"5a24959f-d869-45a7-804d-1348ab217f76",
	"511e5113-f393-4cd3-a9db-12645a154bff",
	31,
	1,
	'setz2_given line: 31');
INSERT INTO ACT_TFM
	VALUES ("cd050d48-9d80-42cb-8c86-eb23216f107f",
	"08064e1a-888f-4d00-a98e-bcce7359c03d",
	"00000000-0000-0000-0000-000000000000",
	31,
	7,
	31,
	1);
INSERT INTO ACT_SMT
	VALUES ("511e5113-f393-4cd3-a9db-12645a154bff",
	"5a24959f-d869-45a7-804d-1348ab217f76",
	"9e018f47-97f2-4aa5-a317-948c47d38f11",
	32,
	1,
	'setz2_given line: 32');
INSERT INTO ACT_TFM
	VALUES ("511e5113-f393-4cd3-a9db-12645a154bff",
	"08064e1a-888f-4d00-a98e-bcce7359c03d",
	"00000000-0000-0000-0000-000000000000",
	32,
	7,
	32,
	1);
INSERT INTO ACT_SMT
	VALUES ("9e018f47-97f2-4aa5-a317-948c47d38f11",
	"5a24959f-d869-45a7-804d-1348ab217f76",
	"e033bc06-e31b-401d-b5fd-6f522fd020c2",
	33,
	1,
	'setz2_given line: 33');
INSERT INTO ACT_TFM
	VALUES ("9e018f47-97f2-4aa5-a317-948c47d38f11",
	"08064e1a-888f-4d00-a98e-bcce7359c03d",
	"00000000-0000-0000-0000-000000000000",
	33,
	7,
	33,
	1);
INSERT INTO ACT_SMT
	VALUES ("e033bc06-e31b-401d-b5fd-6f522fd020c2",
	"5a24959f-d869-45a7-804d-1348ab217f76",
	"4f5ebbce-d4ec-47bb-9210-41b4b499e682",
	34,
	1,
	'setz2_given line: 34');
INSERT INTO ACT_TFM
	VALUES ("e033bc06-e31b-401d-b5fd-6f522fd020c2",
	"08064e1a-888f-4d00-a98e-bcce7359c03d",
	"00000000-0000-0000-0000-000000000000",
	34,
	7,
	34,
	1);
INSERT INTO ACT_SMT
	VALUES ("4f5ebbce-d4ec-47bb-9210-41b4b499e682",
	"5a24959f-d869-45a7-804d-1348ab217f76",
	"1c7c9f3c-ac66-4418-a91a-aaa7f6f7cdb4",
	36,
	1,
	'setz2_given line: 36');
INSERT INTO ACT_TFM
	VALUES ("4f5ebbce-d4ec-47bb-9210-41b4b499e682",
	"08064e1a-888f-4d00-a98e-bcce7359c03d",
	"00000000-0000-0000-0000-000000000000",
	36,
	7,
	36,
	1);
INSERT INTO ACT_SMT
	VALUES ("1c7c9f3c-ac66-4418-a91a-aaa7f6f7cdb4",
	"5a24959f-d869-45a7-804d-1348ab217f76",
	"bdc96097-7868-4774-b51f-71e61c2aa959",
	37,
	1,
	'setz2_given line: 37');
INSERT INTO ACT_TFM
	VALUES ("1c7c9f3c-ac66-4418-a91a-aaa7f6f7cdb4",
	"08064e1a-888f-4d00-a98e-bcce7359c03d",
	"00000000-0000-0000-0000-000000000000",
	37,
	7,
	37,
	1);
INSERT INTO ACT_SMT
	VALUES ("bdc96097-7868-4774-b51f-71e61c2aa959",
	"5a24959f-d869-45a7-804d-1348ab217f76",
	"5ab67e83-886f-4fed-95ca-442d749cd253",
	38,
	1,
	'setz2_given line: 38');
INSERT INTO ACT_TFM
	VALUES ("bdc96097-7868-4774-b51f-71e61c2aa959",
	"08064e1a-888f-4d00-a98e-bcce7359c03d",
	"00000000-0000-0000-0000-000000000000",
	38,
	7,
	38,
	1);
INSERT INTO ACT_SMT
	VALUES ("5ab67e83-886f-4fed-95ca-442d749cd253",
	"5a24959f-d869-45a7-804d-1348ab217f76",
	"00000000-0000-0000-0000-000000000000",
	39,
	1,
	'setz2_given line: 39');
INSERT INTO ACT_TFM
	VALUES ("5ab67e83-886f-4fed-95ca-442d749cd253",
	"08064e1a-888f-4d00-a98e-bcce7359c03d",
	"00000000-0000-0000-0000-000000000000",
	39,
	7,
	39,
	1);
INSERT INTO V_VAL
	VALUES ("544f2275-0d6e-42d0-bc9e-d2d38adfa25d",
	0,
	0,
	2,
	22,
	22,
	0,
	0,
	0,
	0,
	"811f1dd7-74f0-407e-b449-939d0de5ee8d",
	"5a24959f-d869-45a7-804d-1348ab217f76");
INSERT INTO V_LIN
	VALUES ("544f2275-0d6e-42d0-bc9e-d2d38adfa25d",
	'1');
INSERT INTO V_PAR
	VALUES ("544f2275-0d6e-42d0-bc9e-d2d38adfa25d",
	"639749e1-68bb-42d8-b932-fa47075f5ded",
	"00000000-0000-0000-0000-000000000000",
	'row',
	"b5c77d8e-b9d8-4008-894b-f7cb821b173a",
	2,
	18);
INSERT INTO V_VAL
	VALUES ("b5c77d8e-b9d8-4008-894b-f7cb821b173a",
	0,
	0,
	2,
	32,
	32,
	0,
	0,
	0,
	0,
	"811f1dd7-74f0-407e-b449-939d0de5ee8d",
	"5a24959f-d869-45a7-804d-1348ab217f76");
INSERT INTO V_LIN
	VALUES ("b5c77d8e-b9d8-4008-894b-f7cb821b173a",
	'2');
INSERT INTO V_PAR
	VALUES ("b5c77d8e-b9d8-4008-894b-f7cb821b173a",
	"639749e1-68bb-42d8-b932-fa47075f5ded",
	"00000000-0000-0000-0000-000000000000",
	'column',
	"523d5045-a311-4001-a7a0-1ae879b8a7c6",
	2,
	25);
INSERT INTO V_VAL
	VALUES ("523d5045-a311-4001-a7a0-1ae879b8a7c6",
	0,
	0,
	2,
	42,
	42,
	0,
	0,
	0,
	0,
	"811f1dd7-74f0-407e-b449-939d0de5ee8d",
	"5a24959f-d869-45a7-804d-1348ab217f76");
INSERT INTO V_LIN
	VALUES ("523d5045-a311-4001-a7a0-1ae879b8a7c6",
	'6');
INSERT INTO V_PAR
	VALUES ("523d5045-a311-4001-a7a0-1ae879b8a7c6",
	"639749e1-68bb-42d8-b932-fa47075f5ded",
	"00000000-0000-0000-0000-000000000000",
	'answer',
	"00000000-0000-0000-0000-000000000000",
	2,
	35);
INSERT INTO V_VAL
	VALUES ("f1251290-d325-4ca4-9beb-4df32798c5a5",
	0,
	0,
	3,
	22,
	22,
	0,
	0,
	0,
	0,
	"811f1dd7-74f0-407e-b449-939d0de5ee8d",
	"5a24959f-d869-45a7-804d-1348ab217f76");
INSERT INTO V_LIN
	VALUES ("f1251290-d325-4ca4-9beb-4df32798c5a5",
	'1');
INSERT INTO V_PAR
	VALUES ("f1251290-d325-4ca4-9beb-4df32798c5a5",
	"af2a95e4-22bb-4ccf-8909-bf15ec00f0de",
	"00000000-0000-0000-0000-000000000000",
	'row',
	"449d7477-b569-449e-9eb3-a3d0c37069f6",
	3,
	18);
INSERT INTO V_VAL
	VALUES ("449d7477-b569-449e-9eb3-a3d0c37069f6",
	0,
	0,
	3,
	32,
	32,
	0,
	0,
	0,
	0,
	"811f1dd7-74f0-407e-b449-939d0de5ee8d",
	"5a24959f-d869-45a7-804d-1348ab217f76");
INSERT INTO V_LIN
	VALUES ("449d7477-b569-449e-9eb3-a3d0c37069f6",
	'4');
INSERT INTO V_PAR
	VALUES ("449d7477-b569-449e-9eb3-a3d0c37069f6",
	"af2a95e4-22bb-4ccf-8909-bf15ec00f0de",
	"00000000-0000-0000-0000-000000000000",
	'column',
	"00d2e048-8d8d-4783-9da8-3c9eb6323aee",
	3,
	25);
INSERT INTO V_VAL
	VALUES ("00d2e048-8d8d-4783-9da8-3c9eb6323aee",
	0,
	0,
	3,
	42,
	42,
	0,
	0,
	0,
	0,
	"811f1dd7-74f0-407e-b449-939d0de5ee8d",
	"5a24959f-d869-45a7-804d-1348ab217f76");
INSERT INTO V_LIN
	VALUES ("00d2e048-8d8d-4783-9da8-3c9eb6323aee",
	'1');
INSERT INTO V_PAR
	VALUES ("00d2e048-8d8d-4783-9da8-3c9eb6323aee",
	"af2a95e4-22bb-4ccf-8909-bf15ec00f0de",
	"00000000-0000-0000-0000-000000000000",
	'answer',
	"00000000-0000-0000-0000-000000000000",
	3,
	35);
INSERT INTO V_VAL
	VALUES ("f4368a78-a632-41f5-bceb-eff25ae35212",
	0,
	0,
	4,
	22,
	22,
	0,
	0,
	0,
	0,
	"811f1dd7-74f0-407e-b449-939d0de5ee8d",
	"5a24959f-d869-45a7-804d-1348ab217f76");
INSERT INTO V_LIN
	VALUES ("f4368a78-a632-41f5-bceb-eff25ae35212",
	'1');
INSERT INTO V_PAR
	VALUES ("f4368a78-a632-41f5-bceb-eff25ae35212",
	"c50c8dc4-9023-4f1d-a03c-120c6fe8ae88",
	"00000000-0000-0000-0000-000000000000",
	'row',
	"703940b2-b841-4713-be0a-e0d78ac698fa",
	4,
	18);
INSERT INTO V_VAL
	VALUES ("703940b2-b841-4713-be0a-e0d78ac698fa",
	0,
	0,
	4,
	32,
	32,
	0,
	0,
	0,
	0,
	"811f1dd7-74f0-407e-b449-939d0de5ee8d",
	"5a24959f-d869-45a7-804d-1348ab217f76");
INSERT INTO V_LIN
	VALUES ("703940b2-b841-4713-be0a-e0d78ac698fa",
	'6');
INSERT INTO V_PAR
	VALUES ("703940b2-b841-4713-be0a-e0d78ac698fa",
	"c50c8dc4-9023-4f1d-a03c-120c6fe8ae88",
	"00000000-0000-0000-0000-000000000000",
	'column',
	"55c32d63-34c9-4458-b3a5-5b84985e258c",
	4,
	25);
INSERT INTO V_VAL
	VALUES ("55c32d63-34c9-4458-b3a5-5b84985e258c",
	0,
	0,
	4,
	42,
	42,
	0,
	0,
	0,
	0,
	"811f1dd7-74f0-407e-b449-939d0de5ee8d",
	"5a24959f-d869-45a7-804d-1348ab217f76");
INSERT INTO V_LIN
	VALUES ("55c32d63-34c9-4458-b3a5-5b84985e258c",
	'4');
INSERT INTO V_PAR
	VALUES ("55c32d63-34c9-4458-b3a5-5b84985e258c",
	"c50c8dc4-9023-4f1d-a03c-120c6fe8ae88",
	"00000000-0000-0000-0000-000000000000",
	'answer',
	"00000000-0000-0000-0000-000000000000",
	4,
	35);
INSERT INTO V_VAL
	VALUES ("6b33b49f-2c22-4b3e-a4fb-bfcd9278711e",
	0,
	0,
	5,
	22,
	22,
	0,
	0,
	0,
	0,
	"811f1dd7-74f0-407e-b449-939d0de5ee8d",
	"5a24959f-d869-45a7-804d-1348ab217f76");
INSERT INTO V_LIN
	VALUES ("6b33b49f-2c22-4b3e-a4fb-bfcd9278711e",
	'1');
INSERT INTO V_PAR
	VALUES ("6b33b49f-2c22-4b3e-a4fb-bfcd9278711e",
	"8ba8f844-0abf-46ad-a1ba-12f9afa3aad7",
	"00000000-0000-0000-0000-000000000000",
	'row',
	"869a3bf8-9a64-410f-8834-5683f0776d43",
	5,
	18);
INSERT INTO V_VAL
	VALUES ("869a3bf8-9a64-410f-8834-5683f0776d43",
	0,
	0,
	5,
	32,
	32,
	0,
	0,
	0,
	0,
	"811f1dd7-74f0-407e-b449-939d0de5ee8d",
	"5a24959f-d869-45a7-804d-1348ab217f76");
INSERT INTO V_LIN
	VALUES ("869a3bf8-9a64-410f-8834-5683f0776d43",
	'8');
INSERT INTO V_PAR
	VALUES ("869a3bf8-9a64-410f-8834-5683f0776d43",
	"8ba8f844-0abf-46ad-a1ba-12f9afa3aad7",
	"00000000-0000-0000-0000-000000000000",
	'column',
	"5ce13a14-ab35-4813-b104-9fa9c17eba8c",
	5,
	25);
INSERT INTO V_VAL
	VALUES ("5ce13a14-ab35-4813-b104-9fa9c17eba8c",
	0,
	0,
	5,
	42,
	42,
	0,
	0,
	0,
	0,
	"811f1dd7-74f0-407e-b449-939d0de5ee8d",
	"5a24959f-d869-45a7-804d-1348ab217f76");
INSERT INTO V_LIN
	VALUES ("5ce13a14-ab35-4813-b104-9fa9c17eba8c",
	'5');
INSERT INTO V_PAR
	VALUES ("5ce13a14-ab35-4813-b104-9fa9c17eba8c",
	"8ba8f844-0abf-46ad-a1ba-12f9afa3aad7",
	"00000000-0000-0000-0000-000000000000",
	'answer',
	"00000000-0000-0000-0000-000000000000",
	5,
	35);
INSERT INTO V_VAL
	VALUES ("ac68aec9-c49a-4e32-957f-383aea279834",
	0,
	0,
	7,
	22,
	22,
	0,
	0,
	0,
	0,
	"811f1dd7-74f0-407e-b449-939d0de5ee8d",
	"5a24959f-d869-45a7-804d-1348ab217f76");
INSERT INTO V_LIN
	VALUES ("ac68aec9-c49a-4e32-957f-383aea279834",
	'2');
INSERT INTO V_PAR
	VALUES ("ac68aec9-c49a-4e32-957f-383aea279834",
	"9542d5d6-38f4-44ad-bc0f-d09839592f01",
	"00000000-0000-0000-0000-000000000000",
	'row',
	"82061a5e-7dad-4a88-ab7a-d4e44b0bf332",
	7,
	18);
INSERT INTO V_VAL
	VALUES ("82061a5e-7dad-4a88-ab7a-d4e44b0bf332",
	0,
	0,
	7,
	32,
	32,
	0,
	0,
	0,
	0,
	"811f1dd7-74f0-407e-b449-939d0de5ee8d",
	"5a24959f-d869-45a7-804d-1348ab217f76");
INSERT INTO V_LIN
	VALUES ("82061a5e-7dad-4a88-ab7a-d4e44b0bf332",
	'3');
INSERT INTO V_PAR
	VALUES ("82061a5e-7dad-4a88-ab7a-d4e44b0bf332",
	"9542d5d6-38f4-44ad-bc0f-d09839592f01",
	"00000000-0000-0000-0000-000000000000",
	'column',
	"49824027-4763-4765-a878-2cbe8b0f6fc4",
	7,
	25);
INSERT INTO V_VAL
	VALUES ("49824027-4763-4765-a878-2cbe8b0f6fc4",
	0,
	0,
	7,
	42,
	42,
	0,
	0,
	0,
	0,
	"811f1dd7-74f0-407e-b449-939d0de5ee8d",
	"5a24959f-d869-45a7-804d-1348ab217f76");
INSERT INTO V_LIN
	VALUES ("49824027-4763-4765-a878-2cbe8b0f6fc4",
	'8');
INSERT INTO V_PAR
	VALUES ("49824027-4763-4765-a878-2cbe8b0f6fc4",
	"9542d5d6-38f4-44ad-bc0f-d09839592f01",
	"00000000-0000-0000-0000-000000000000",
	'answer',
	"00000000-0000-0000-0000-000000000000",
	7,
	35);
INSERT INTO V_VAL
	VALUES ("21e2d5a6-0d09-47af-b4d3-58e942b38b73",
	0,
	0,
	8,
	22,
	22,
	0,
	0,
	0,
	0,
	"811f1dd7-74f0-407e-b449-939d0de5ee8d",
	"5a24959f-d869-45a7-804d-1348ab217f76");
INSERT INTO V_LIN
	VALUES ("21e2d5a6-0d09-47af-b4d3-58e942b38b73",
	'2');
INSERT INTO V_PAR
	VALUES ("21e2d5a6-0d09-47af-b4d3-58e942b38b73",
	"6b8885b3-fc8b-4f51-b060-7d60d47720c4",
	"00000000-0000-0000-0000-000000000000",
	'row',
	"150f239a-85a2-4619-83c9-aa264201ff56",
	8,
	18);
INSERT INTO V_VAL
	VALUES ("150f239a-85a2-4619-83c9-aa264201ff56",
	0,
	0,
	8,
	32,
	32,
	0,
	0,
	0,
	0,
	"811f1dd7-74f0-407e-b449-939d0de5ee8d",
	"5a24959f-d869-45a7-804d-1348ab217f76");
INSERT INTO V_LIN
	VALUES ("150f239a-85a2-4619-83c9-aa264201ff56",
	'4');
INSERT INTO V_PAR
	VALUES ("150f239a-85a2-4619-83c9-aa264201ff56",
	"6b8885b3-fc8b-4f51-b060-7d60d47720c4",
	"00000000-0000-0000-0000-000000000000",
	'column',
	"e2f2ca11-d4ef-48dc-affe-53d5c3cad7fe",
	8,
	25);
INSERT INTO V_VAL
	VALUES ("e2f2ca11-d4ef-48dc-affe-53d5c3cad7fe",
	0,
	0,
	8,
	42,
	42,
	0,
	0,
	0,
	0,
	"811f1dd7-74f0-407e-b449-939d0de5ee8d",
	"5a24959f-d869-45a7-804d-1348ab217f76");
INSERT INTO V_LIN
	VALUES ("e2f2ca11-d4ef-48dc-affe-53d5c3cad7fe",
	'3');
INSERT INTO V_PAR
	VALUES ("e2f2ca11-d4ef-48dc-affe-53d5c3cad7fe",
	"6b8885b3-fc8b-4f51-b060-7d60d47720c4",
	"00000000-0000-0000-0000-000000000000",
	'answer',
	"00000000-0000-0000-0000-000000000000",
	8,
	35);
INSERT INTO V_VAL
	VALUES ("d3cbd001-e996-44c8-bb6a-cbd22258429f",
	0,
	0,
	9,
	22,
	22,
	0,
	0,
	0,
	0,
	"811f1dd7-74f0-407e-b449-939d0de5ee8d",
	"5a24959f-d869-45a7-804d-1348ab217f76");
INSERT INTO V_LIN
	VALUES ("d3cbd001-e996-44c8-bb6a-cbd22258429f",
	'2');
INSERT INTO V_PAR
	VALUES ("d3cbd001-e996-44c8-bb6a-cbd22258429f",
	"d54453eb-9909-40f7-951e-8c35ab70a147",
	"00000000-0000-0000-0000-000000000000",
	'row',
	"619bdaa7-b7ef-474c-ae8f-86d3f88da987",
	9,
	18);
INSERT INTO V_VAL
	VALUES ("619bdaa7-b7ef-474c-ae8f-86d3f88da987",
	0,
	0,
	9,
	32,
	32,
	0,
	0,
	0,
	0,
	"811f1dd7-74f0-407e-b449-939d0de5ee8d",
	"5a24959f-d869-45a7-804d-1348ab217f76");
INSERT INTO V_LIN
	VALUES ("619bdaa7-b7ef-474c-ae8f-86d3f88da987",
	'6');
INSERT INTO V_PAR
	VALUES ("619bdaa7-b7ef-474c-ae8f-86d3f88da987",
	"d54453eb-9909-40f7-951e-8c35ab70a147",
	"00000000-0000-0000-0000-000000000000",
	'column',
	"0854db14-3f82-4e19-a57d-28d6639c849f",
	9,
	25);
INSERT INTO V_VAL
	VALUES ("0854db14-3f82-4e19-a57d-28d6639c849f",
	0,
	0,
	9,
	42,
	42,
	0,
	0,
	0,
	0,
	"811f1dd7-74f0-407e-b449-939d0de5ee8d",
	"5a24959f-d869-45a7-804d-1348ab217f76");
INSERT INTO V_LIN
	VALUES ("0854db14-3f82-4e19-a57d-28d6639c849f",
	'5');
INSERT INTO V_PAR
	VALUES ("0854db14-3f82-4e19-a57d-28d6639c849f",
	"d54453eb-9909-40f7-951e-8c35ab70a147",
	"00000000-0000-0000-0000-000000000000",
	'answer',
	"00000000-0000-0000-0000-000000000000",
	9,
	35);
INSERT INTO V_VAL
	VALUES ("bc316ee8-e408-4c37-9cf3-1f9e1f47e2f7",
	0,
	0,
	10,
	22,
	22,
	0,
	0,
	0,
	0,
	"811f1dd7-74f0-407e-b449-939d0de5ee8d",
	"5a24959f-d869-45a7-804d-1348ab217f76");
INSERT INTO V_LIN
	VALUES ("bc316ee8-e408-4c37-9cf3-1f9e1f47e2f7",
	'2');
INSERT INTO V_PAR
	VALUES ("bc316ee8-e408-4c37-9cf3-1f9e1f47e2f7",
	"23390369-0ac3-4541-914a-0bb38982b7b1",
	"00000000-0000-0000-0000-000000000000",
	'row',
	"bdd91ec8-2672-4238-b245-75a42f5d210b",
	10,
	18);
INSERT INTO V_VAL
	VALUES ("bdd91ec8-2672-4238-b245-75a42f5d210b",
	0,
	0,
	10,
	32,
	32,
	0,
	0,
	0,
	0,
	"811f1dd7-74f0-407e-b449-939d0de5ee8d",
	"5a24959f-d869-45a7-804d-1348ab217f76");
INSERT INTO V_LIN
	VALUES ("bdd91ec8-2672-4238-b245-75a42f5d210b",
	'7');
INSERT INTO V_PAR
	VALUES ("bdd91ec8-2672-4238-b245-75a42f5d210b",
	"23390369-0ac3-4541-914a-0bb38982b7b1",
	"00000000-0000-0000-0000-000000000000",
	'column',
	"bbcdb1b5-a28d-4f9b-b3bd-e31bb2c2b949",
	10,
	25);
INSERT INTO V_VAL
	VALUES ("bbcdb1b5-a28d-4f9b-b3bd-e31bb2c2b949",
	0,
	0,
	10,
	42,
	42,
	0,
	0,
	0,
	0,
	"811f1dd7-74f0-407e-b449-939d0de5ee8d",
	"5a24959f-d869-45a7-804d-1348ab217f76");
INSERT INTO V_LIN
	VALUES ("bbcdb1b5-a28d-4f9b-b3bd-e31bb2c2b949",
	'6');
INSERT INTO V_PAR
	VALUES ("bbcdb1b5-a28d-4f9b-b3bd-e31bb2c2b949",
	"23390369-0ac3-4541-914a-0bb38982b7b1",
	"00000000-0000-0000-0000-000000000000",
	'answer',
	"00000000-0000-0000-0000-000000000000",
	10,
	35);
INSERT INTO V_VAL
	VALUES ("74e81fd1-f4e0-4c7f-84be-293b1a95e892",
	0,
	0,
	12,
	22,
	22,
	0,
	0,
	0,
	0,
	"811f1dd7-74f0-407e-b449-939d0de5ee8d",
	"5a24959f-d869-45a7-804d-1348ab217f76");
INSERT INTO V_LIN
	VALUES ("74e81fd1-f4e0-4c7f-84be-293b1a95e892",
	'3');
INSERT INTO V_PAR
	VALUES ("74e81fd1-f4e0-4c7f-84be-293b1a95e892",
	"39e0419f-6694-4557-a950-73bfbb145478",
	"00000000-0000-0000-0000-000000000000",
	'row',
	"60613491-8637-4d69-9898-a5ca1607a77a",
	12,
	18);
INSERT INTO V_VAL
	VALUES ("60613491-8637-4d69-9898-a5ca1607a77a",
	0,
	0,
	12,
	32,
	32,
	0,
	0,
	0,
	0,
	"811f1dd7-74f0-407e-b449-939d0de5ee8d",
	"5a24959f-d869-45a7-804d-1348ab217f76");
INSERT INTO V_LIN
	VALUES ("60613491-8637-4d69-9898-a5ca1607a77a",
	'1');
INSERT INTO V_PAR
	VALUES ("60613491-8637-4d69-9898-a5ca1607a77a",
	"39e0419f-6694-4557-a950-73bfbb145478",
	"00000000-0000-0000-0000-000000000000",
	'column',
	"39c5f483-1d89-47ac-8037-c2718e3f3afb",
	12,
	25);
INSERT INTO V_VAL
	VALUES ("39c5f483-1d89-47ac-8037-c2718e3f3afb",
	0,
	0,
	12,
	42,
	42,
	0,
	0,
	0,
	0,
	"811f1dd7-74f0-407e-b449-939d0de5ee8d",
	"5a24959f-d869-45a7-804d-1348ab217f76");
INSERT INTO V_LIN
	VALUES ("39c5f483-1d89-47ac-8037-c2718e3f3afb",
	'2');
INSERT INTO V_PAR
	VALUES ("39c5f483-1d89-47ac-8037-c2718e3f3afb",
	"39e0419f-6694-4557-a950-73bfbb145478",
	"00000000-0000-0000-0000-000000000000",
	'answer',
	"00000000-0000-0000-0000-000000000000",
	12,
	35);
INSERT INTO V_VAL
	VALUES ("bcaa42e8-725f-4548-a19b-1b5584194bd3",
	0,
	0,
	13,
	22,
	22,
	0,
	0,
	0,
	0,
	"811f1dd7-74f0-407e-b449-939d0de5ee8d",
	"5a24959f-d869-45a7-804d-1348ab217f76");
INSERT INTO V_LIN
	VALUES ("bcaa42e8-725f-4548-a19b-1b5584194bd3",
	'3');
INSERT INTO V_PAR
	VALUES ("bcaa42e8-725f-4548-a19b-1b5584194bd3",
	"f870a606-81e0-42b3-9e63-bf46e8c0b90c",
	"00000000-0000-0000-0000-000000000000",
	'row',
	"85bca1c5-85a2-40fc-a121-986c0c652bed",
	13,
	18);
INSERT INTO V_VAL
	VALUES ("85bca1c5-85a2-40fc-a121-986c0c652bed",
	0,
	0,
	13,
	32,
	32,
	0,
	0,
	0,
	0,
	"811f1dd7-74f0-407e-b449-939d0de5ee8d",
	"5a24959f-d869-45a7-804d-1348ab217f76");
INSERT INTO V_LIN
	VALUES ("85bca1c5-85a2-40fc-a121-986c0c652bed",
	'9');
INSERT INTO V_PAR
	VALUES ("85bca1c5-85a2-40fc-a121-986c0c652bed",
	"f870a606-81e0-42b3-9e63-bf46e8c0b90c",
	"00000000-0000-0000-0000-000000000000",
	'column',
	"158f16c6-27b7-4c2b-9951-29bb743d9609",
	13,
	25);
INSERT INTO V_VAL
	VALUES ("158f16c6-27b7-4c2b-9951-29bb743d9609",
	0,
	0,
	13,
	42,
	42,
	0,
	0,
	0,
	0,
	"811f1dd7-74f0-407e-b449-939d0de5ee8d",
	"5a24959f-d869-45a7-804d-1348ab217f76");
INSERT INTO V_LIN
	VALUES ("158f16c6-27b7-4c2b-9951-29bb743d9609",
	'1');
INSERT INTO V_PAR
	VALUES ("158f16c6-27b7-4c2b-9951-29bb743d9609",
	"f870a606-81e0-42b3-9e63-bf46e8c0b90c",
	"00000000-0000-0000-0000-000000000000",
	'answer',
	"00000000-0000-0000-0000-000000000000",
	13,
	35);
INSERT INTO V_VAL
	VALUES ("7cfbd29a-98ca-4cba-b5c2-809f5fd7fc76",
	0,
	0,
	15,
	22,
	22,
	0,
	0,
	0,
	0,
	"811f1dd7-74f0-407e-b449-939d0de5ee8d",
	"5a24959f-d869-45a7-804d-1348ab217f76");
INSERT INTO V_LIN
	VALUES ("7cfbd29a-98ca-4cba-b5c2-809f5fd7fc76",
	'4');
INSERT INTO V_PAR
	VALUES ("7cfbd29a-98ca-4cba-b5c2-809f5fd7fc76",
	"f2d9cce6-a8f5-4be2-9e66-99e02428bcc1",
	"00000000-0000-0000-0000-000000000000",
	'row',
	"df43fcb0-042a-4ad4-8640-9a3412b59787",
	15,
	18);
INSERT INTO V_VAL
	VALUES ("df43fcb0-042a-4ad4-8640-9a3412b59787",
	0,
	0,
	15,
	32,
	32,
	0,
	0,
	0,
	0,
	"811f1dd7-74f0-407e-b449-939d0de5ee8d",
	"5a24959f-d869-45a7-804d-1348ab217f76");
INSERT INTO V_LIN
	VALUES ("df43fcb0-042a-4ad4-8640-9a3412b59787",
	'1');
INSERT INTO V_PAR
	VALUES ("df43fcb0-042a-4ad4-8640-9a3412b59787",
	"f2d9cce6-a8f5-4be2-9e66-99e02428bcc1",
	"00000000-0000-0000-0000-000000000000",
	'column',
	"e9b33f5d-55c6-4dbb-9b8e-638142e4ec6a",
	15,
	25);
INSERT INTO V_VAL
	VALUES ("e9b33f5d-55c6-4dbb-9b8e-638142e4ec6a",
	0,
	0,
	15,
	42,
	42,
	0,
	0,
	0,
	0,
	"811f1dd7-74f0-407e-b449-939d0de5ee8d",
	"5a24959f-d869-45a7-804d-1348ab217f76");
INSERT INTO V_LIN
	VALUES ("e9b33f5d-55c6-4dbb-9b8e-638142e4ec6a",
	'8');
INSERT INTO V_PAR
	VALUES ("e9b33f5d-55c6-4dbb-9b8e-638142e4ec6a",
	"f2d9cce6-a8f5-4be2-9e66-99e02428bcc1",
	"00000000-0000-0000-0000-000000000000",
	'answer',
	"00000000-0000-0000-0000-000000000000",
	15,
	35);
INSERT INTO V_VAL
	VALUES ("7196b6b9-cec7-40e0-a917-d58d53ef092b",
	0,
	0,
	16,
	22,
	22,
	0,
	0,
	0,
	0,
	"811f1dd7-74f0-407e-b449-939d0de5ee8d",
	"5a24959f-d869-45a7-804d-1348ab217f76");
INSERT INTO V_LIN
	VALUES ("7196b6b9-cec7-40e0-a917-d58d53ef092b",
	'4');
INSERT INTO V_PAR
	VALUES ("7196b6b9-cec7-40e0-a917-d58d53ef092b",
	"d4090760-5a20-4d99-867e-6fa9eec6fb37",
	"00000000-0000-0000-0000-000000000000",
	'row',
	"ea380d54-68b6-47c8-97f6-a00fcb80fc09",
	16,
	18);
INSERT INTO V_VAL
	VALUES ("ea380d54-68b6-47c8-97f6-a00fcb80fc09",
	0,
	0,
	16,
	32,
	32,
	0,
	0,
	0,
	0,
	"811f1dd7-74f0-407e-b449-939d0de5ee8d",
	"5a24959f-d869-45a7-804d-1348ab217f76");
INSERT INTO V_LIN
	VALUES ("ea380d54-68b6-47c8-97f6-a00fcb80fc09",
	'4');
INSERT INTO V_PAR
	VALUES ("ea380d54-68b6-47c8-97f6-a00fcb80fc09",
	"d4090760-5a20-4d99-867e-6fa9eec6fb37",
	"00000000-0000-0000-0000-000000000000",
	'column',
	"542a6d4b-629c-44fd-ba95-4b9185dd0b0a",
	16,
	25);
INSERT INTO V_VAL
	VALUES ("542a6d4b-629c-44fd-ba95-4b9185dd0b0a",
	0,
	0,
	16,
	42,
	42,
	0,
	0,
	0,
	0,
	"811f1dd7-74f0-407e-b449-939d0de5ee8d",
	"5a24959f-d869-45a7-804d-1348ab217f76");
INSERT INTO V_LIN
	VALUES ("542a6d4b-629c-44fd-ba95-4b9185dd0b0a",
	'4');
INSERT INTO V_PAR
	VALUES ("542a6d4b-629c-44fd-ba95-4b9185dd0b0a",
	"d4090760-5a20-4d99-867e-6fa9eec6fb37",
	"00000000-0000-0000-0000-000000000000",
	'answer',
	"00000000-0000-0000-0000-000000000000",
	16,
	35);
INSERT INTO V_VAL
	VALUES ("e236cdc7-1646-400f-8992-bdd139ee42fc",
	0,
	0,
	17,
	22,
	22,
	0,
	0,
	0,
	0,
	"811f1dd7-74f0-407e-b449-939d0de5ee8d",
	"5a24959f-d869-45a7-804d-1348ab217f76");
INSERT INTO V_LIN
	VALUES ("e236cdc7-1646-400f-8992-bdd139ee42fc",
	'4');
INSERT INTO V_PAR
	VALUES ("e236cdc7-1646-400f-8992-bdd139ee42fc",
	"60b539ec-d596-4b41-834a-2d9cc8a2ba9a",
	"00000000-0000-0000-0000-000000000000",
	'row',
	"af0e4870-d032-4b16-a1df-0e4ce3b80eb5",
	17,
	18);
INSERT INTO V_VAL
	VALUES ("af0e4870-d032-4b16-a1df-0e4ce3b80eb5",
	0,
	0,
	17,
	32,
	32,
	0,
	0,
	0,
	0,
	"811f1dd7-74f0-407e-b449-939d0de5ee8d",
	"5a24959f-d869-45a7-804d-1348ab217f76");
INSERT INTO V_LIN
	VALUES ("af0e4870-d032-4b16-a1df-0e4ce3b80eb5",
	'6');
INSERT INTO V_PAR
	VALUES ("af0e4870-d032-4b16-a1df-0e4ce3b80eb5",
	"60b539ec-d596-4b41-834a-2d9cc8a2ba9a",
	"00000000-0000-0000-0000-000000000000",
	'column',
	"1d15422e-50b7-416b-8c60-a4dfb1506081",
	17,
	25);
INSERT INTO V_VAL
	VALUES ("1d15422e-50b7-416b-8c60-a4dfb1506081",
	0,
	0,
	17,
	42,
	42,
	0,
	0,
	0,
	0,
	"811f1dd7-74f0-407e-b449-939d0de5ee8d",
	"5a24959f-d869-45a7-804d-1348ab217f76");
INSERT INTO V_LIN
	VALUES ("1d15422e-50b7-416b-8c60-a4dfb1506081",
	'7');
INSERT INTO V_PAR
	VALUES ("1d15422e-50b7-416b-8c60-a4dfb1506081",
	"60b539ec-d596-4b41-834a-2d9cc8a2ba9a",
	"00000000-0000-0000-0000-000000000000",
	'answer',
	"00000000-0000-0000-0000-000000000000",
	17,
	35);
INSERT INTO V_VAL
	VALUES ("a627f632-8515-4e4e-ae94-b1d2957df816",
	0,
	0,
	18,
	22,
	22,
	0,
	0,
	0,
	0,
	"811f1dd7-74f0-407e-b449-939d0de5ee8d",
	"5a24959f-d869-45a7-804d-1348ab217f76");
INSERT INTO V_LIN
	VALUES ("a627f632-8515-4e4e-ae94-b1d2957df816",
	'4');
INSERT INTO V_PAR
	VALUES ("a627f632-8515-4e4e-ae94-b1d2957df816",
	"61813143-a759-4c07-ad61-098fdeab06ba",
	"00000000-0000-0000-0000-000000000000",
	'row',
	"9c04add9-53bb-4bba-bfbb-f73ec32c6ac6",
	18,
	18);
INSERT INTO V_VAL
	VALUES ("9c04add9-53bb-4bba-bfbb-f73ec32c6ac6",
	0,
	0,
	18,
	32,
	32,
	0,
	0,
	0,
	0,
	"811f1dd7-74f0-407e-b449-939d0de5ee8d",
	"5a24959f-d869-45a7-804d-1348ab217f76");
INSERT INTO V_LIN
	VALUES ("9c04add9-53bb-4bba-bfbb-f73ec32c6ac6",
	'9');
INSERT INTO V_PAR
	VALUES ("9c04add9-53bb-4bba-bfbb-f73ec32c6ac6",
	"61813143-a759-4c07-ad61-098fdeab06ba",
	"00000000-0000-0000-0000-000000000000",
	'column',
	"eb593d36-d64c-4bff-bd79-0a91e6bd0604",
	18,
	25);
INSERT INTO V_VAL
	VALUES ("eb593d36-d64c-4bff-bd79-0a91e6bd0604",
	0,
	0,
	18,
	42,
	42,
	0,
	0,
	0,
	0,
	"811f1dd7-74f0-407e-b449-939d0de5ee8d",
	"5a24959f-d869-45a7-804d-1348ab217f76");
INSERT INTO V_LIN
	VALUES ("eb593d36-d64c-4bff-bd79-0a91e6bd0604",
	'6');
INSERT INTO V_PAR
	VALUES ("eb593d36-d64c-4bff-bd79-0a91e6bd0604",
	"61813143-a759-4c07-ad61-098fdeab06ba",
	"00000000-0000-0000-0000-000000000000",
	'answer',
	"00000000-0000-0000-0000-000000000000",
	18,
	35);
INSERT INTO V_VAL
	VALUES ("129a1887-2b95-40ab-aee6-708523628804",
	0,
	0,
	20,
	22,
	22,
	0,
	0,
	0,
	0,
	"811f1dd7-74f0-407e-b449-939d0de5ee8d",
	"5a24959f-d869-45a7-804d-1348ab217f76");
INSERT INTO V_LIN
	VALUES ("129a1887-2b95-40ab-aee6-708523628804",
	'5');
INSERT INTO V_PAR
	VALUES ("129a1887-2b95-40ab-aee6-708523628804",
	"1ecfb413-20a4-472e-8acf-07fa2df23c97",
	"00000000-0000-0000-0000-000000000000",
	'row',
	"7ff2d245-c3e3-4738-926b-1cd3dde8b778",
	20,
	18);
INSERT INTO V_VAL
	VALUES ("7ff2d245-c3e3-4738-926b-1cd3dde8b778",
	0,
	0,
	20,
	32,
	32,
	0,
	0,
	0,
	0,
	"811f1dd7-74f0-407e-b449-939d0de5ee8d",
	"5a24959f-d869-45a7-804d-1348ab217f76");
INSERT INTO V_LIN
	VALUES ("7ff2d245-c3e3-4738-926b-1cd3dde8b778",
	'3');
INSERT INTO V_PAR
	VALUES ("7ff2d245-c3e3-4738-926b-1cd3dde8b778",
	"1ecfb413-20a4-472e-8acf-07fa2df23c97",
	"00000000-0000-0000-0000-000000000000",
	'column',
	"52afed60-b5be-45bc-97e5-9328c949ae8f",
	20,
	25);
INSERT INTO V_VAL
	VALUES ("52afed60-b5be-45bc-97e5-9328c949ae8f",
	0,
	0,
	20,
	42,
	42,
	0,
	0,
	0,
	0,
	"811f1dd7-74f0-407e-b449-939d0de5ee8d",
	"5a24959f-d869-45a7-804d-1348ab217f76");
INSERT INTO V_LIN
	VALUES ("52afed60-b5be-45bc-97e5-9328c949ae8f",
	'6');
INSERT INTO V_PAR
	VALUES ("52afed60-b5be-45bc-97e5-9328c949ae8f",
	"1ecfb413-20a4-472e-8acf-07fa2df23c97",
	"00000000-0000-0000-0000-000000000000",
	'answer',
	"00000000-0000-0000-0000-000000000000",
	20,
	35);
INSERT INTO V_VAL
	VALUES ("509cb93b-d6e4-4570-9b9b-6c9b3d38a0b9",
	0,
	0,
	21,
	22,
	22,
	0,
	0,
	0,
	0,
	"811f1dd7-74f0-407e-b449-939d0de5ee8d",
	"5a24959f-d869-45a7-804d-1348ab217f76");
INSERT INTO V_LIN
	VALUES ("509cb93b-d6e4-4570-9b9b-6c9b3d38a0b9",
	'5');
INSERT INTO V_PAR
	VALUES ("509cb93b-d6e4-4570-9b9b-6c9b3d38a0b9",
	"e74c35ec-e43a-47aa-b929-5f13813d9c0f",
	"00000000-0000-0000-0000-000000000000",
	'row',
	"179cd5fd-3d12-4db5-a856-703e8c854be4",
	21,
	18);
INSERT INTO V_VAL
	VALUES ("179cd5fd-3d12-4db5-a856-703e8c854be4",
	0,
	0,
	21,
	32,
	32,
	0,
	0,
	0,
	0,
	"811f1dd7-74f0-407e-b449-939d0de5ee8d",
	"5a24959f-d869-45a7-804d-1348ab217f76");
INSERT INTO V_LIN
	VALUES ("179cd5fd-3d12-4db5-a856-703e8c854be4",
	'7');
INSERT INTO V_PAR
	VALUES ("179cd5fd-3d12-4db5-a856-703e8c854be4",
	"e74c35ec-e43a-47aa-b929-5f13813d9c0f",
	"00000000-0000-0000-0000-000000000000",
	'column',
	"7fec3fc3-b339-46c6-9e56-f1cfe9a0ebdc",
	21,
	25);
INSERT INTO V_VAL
	VALUES ("7fec3fc3-b339-46c6-9e56-f1cfe9a0ebdc",
	0,
	0,
	21,
	42,
	42,
	0,
	0,
	0,
	0,
	"811f1dd7-74f0-407e-b449-939d0de5ee8d",
	"5a24959f-d869-45a7-804d-1348ab217f76");
INSERT INTO V_LIN
	VALUES ("7fec3fc3-b339-46c6-9e56-f1cfe9a0ebdc",
	'3');
INSERT INTO V_PAR
	VALUES ("7fec3fc3-b339-46c6-9e56-f1cfe9a0ebdc",
	"e74c35ec-e43a-47aa-b929-5f13813d9c0f",
	"00000000-0000-0000-0000-000000000000",
	'answer',
	"00000000-0000-0000-0000-000000000000",
	21,
	35);
INSERT INTO V_VAL
	VALUES ("ac4369dd-ced1-4825-8287-3be1b147bc5b",
	0,
	0,
	23,
	22,
	22,
	0,
	0,
	0,
	0,
	"811f1dd7-74f0-407e-b449-939d0de5ee8d",
	"5a24959f-d869-45a7-804d-1348ab217f76");
INSERT INTO V_LIN
	VALUES ("ac4369dd-ced1-4825-8287-3be1b147bc5b",
	'6');
INSERT INTO V_PAR
	VALUES ("ac4369dd-ced1-4825-8287-3be1b147bc5b",
	"65872112-c82b-4205-ac57-b4c126a5943d",
	"00000000-0000-0000-0000-000000000000",
	'row',
	"87106073-4946-426d-a1bc-233e1dbe5dcd",
	23,
	18);
INSERT INTO V_VAL
	VALUES ("87106073-4946-426d-a1bc-233e1dbe5dcd",
	0,
	0,
	23,
	32,
	32,
	0,
	0,
	0,
	0,
	"811f1dd7-74f0-407e-b449-939d0de5ee8d",
	"5a24959f-d869-45a7-804d-1348ab217f76");
INSERT INTO V_LIN
	VALUES ("87106073-4946-426d-a1bc-233e1dbe5dcd",
	'1');
INSERT INTO V_PAR
	VALUES ("87106073-4946-426d-a1bc-233e1dbe5dcd",
	"65872112-c82b-4205-ac57-b4c126a5943d",
	"00000000-0000-0000-0000-000000000000",
	'column',
	"2b77adf5-474c-4f7f-ab5e-73f205f13d2a",
	23,
	25);
INSERT INTO V_VAL
	VALUES ("2b77adf5-474c-4f7f-ab5e-73f205f13d2a",
	0,
	0,
	23,
	42,
	42,
	0,
	0,
	0,
	0,
	"811f1dd7-74f0-407e-b449-939d0de5ee8d",
	"5a24959f-d869-45a7-804d-1348ab217f76");
INSERT INTO V_LIN
	VALUES ("2b77adf5-474c-4f7f-ab5e-73f205f13d2a",
	'7');
INSERT INTO V_PAR
	VALUES ("2b77adf5-474c-4f7f-ab5e-73f205f13d2a",
	"65872112-c82b-4205-ac57-b4c126a5943d",
	"00000000-0000-0000-0000-000000000000",
	'answer',
	"00000000-0000-0000-0000-000000000000",
	23,
	35);
INSERT INTO V_VAL
	VALUES ("0e3444df-b6aa-46d1-97a7-35f077904a8a",
	0,
	0,
	24,
	22,
	22,
	0,
	0,
	0,
	0,
	"811f1dd7-74f0-407e-b449-939d0de5ee8d",
	"5a24959f-d869-45a7-804d-1348ab217f76");
INSERT INTO V_LIN
	VALUES ("0e3444df-b6aa-46d1-97a7-35f077904a8a",
	'6');
INSERT INTO V_PAR
	VALUES ("0e3444df-b6aa-46d1-97a7-35f077904a8a",
	"3e52e560-4fa2-400c-a7ee-7c65323e7c3d",
	"00000000-0000-0000-0000-000000000000",
	'row',
	"39144230-4782-4066-ba3a-fc9c942c212f",
	24,
	18);
INSERT INTO V_VAL
	VALUES ("39144230-4782-4066-ba3a-fc9c942c212f",
	0,
	0,
	24,
	32,
	32,
	0,
	0,
	0,
	0,
	"811f1dd7-74f0-407e-b449-939d0de5ee8d",
	"5a24959f-d869-45a7-804d-1348ab217f76");
INSERT INTO V_LIN
	VALUES ("39144230-4782-4066-ba3a-fc9c942c212f",
	'4');
INSERT INTO V_PAR
	VALUES ("39144230-4782-4066-ba3a-fc9c942c212f",
	"3e52e560-4fa2-400c-a7ee-7c65323e7c3d",
	"00000000-0000-0000-0000-000000000000",
	'column',
	"6b792dec-bf7d-48b5-84e9-a595e9c5ebeb",
	24,
	25);
INSERT INTO V_VAL
	VALUES ("6b792dec-bf7d-48b5-84e9-a595e9c5ebeb",
	0,
	0,
	24,
	42,
	42,
	0,
	0,
	0,
	0,
	"811f1dd7-74f0-407e-b449-939d0de5ee8d",
	"5a24959f-d869-45a7-804d-1348ab217f76");
INSERT INTO V_LIN
	VALUES ("6b792dec-bf7d-48b5-84e9-a595e9c5ebeb",
	'9');
INSERT INTO V_PAR
	VALUES ("6b792dec-bf7d-48b5-84e9-a595e9c5ebeb",
	"3e52e560-4fa2-400c-a7ee-7c65323e7c3d",
	"00000000-0000-0000-0000-000000000000",
	'answer',
	"00000000-0000-0000-0000-000000000000",
	24,
	35);
INSERT INTO V_VAL
	VALUES ("0e06463f-607d-4be0-9e5e-75fbcccf8552",
	0,
	0,
	25,
	22,
	22,
	0,
	0,
	0,
	0,
	"811f1dd7-74f0-407e-b449-939d0de5ee8d",
	"5a24959f-d869-45a7-804d-1348ab217f76");
INSERT INTO V_LIN
	VALUES ("0e06463f-607d-4be0-9e5e-75fbcccf8552",
	'6');
INSERT INTO V_PAR
	VALUES ("0e06463f-607d-4be0-9e5e-75fbcccf8552",
	"aab98dea-5194-4004-bb19-d67717517afc",
	"00000000-0000-0000-0000-000000000000",
	'row',
	"5ecc7046-e48d-4cf6-9f8d-23d58145b3ae",
	25,
	18);
INSERT INTO V_VAL
	VALUES ("5ecc7046-e48d-4cf6-9f8d-23d58145b3ae",
	0,
	0,
	25,
	32,
	32,
	0,
	0,
	0,
	0,
	"811f1dd7-74f0-407e-b449-939d0de5ee8d",
	"5a24959f-d869-45a7-804d-1348ab217f76");
INSERT INTO V_LIN
	VALUES ("5ecc7046-e48d-4cf6-9f8d-23d58145b3ae",
	'6');
INSERT INTO V_PAR
	VALUES ("5ecc7046-e48d-4cf6-9f8d-23d58145b3ae",
	"aab98dea-5194-4004-bb19-d67717517afc",
	"00000000-0000-0000-0000-000000000000",
	'column',
	"769c7ced-fe91-472d-9916-0857955e5fe4",
	25,
	25);
INSERT INTO V_VAL
	VALUES ("769c7ced-fe91-472d-9916-0857955e5fe4",
	0,
	0,
	25,
	42,
	42,
	0,
	0,
	0,
	0,
	"811f1dd7-74f0-407e-b449-939d0de5ee8d",
	"5a24959f-d869-45a7-804d-1348ab217f76");
INSERT INTO V_LIN
	VALUES ("769c7ced-fe91-472d-9916-0857955e5fe4",
	'1');
INSERT INTO V_PAR
	VALUES ("769c7ced-fe91-472d-9916-0857955e5fe4",
	"aab98dea-5194-4004-bb19-d67717517afc",
	"00000000-0000-0000-0000-000000000000",
	'answer',
	"00000000-0000-0000-0000-000000000000",
	25,
	35);
INSERT INTO V_VAL
	VALUES ("d6cffaa1-9dff-4cb4-a62d-5c2030d3d91f",
	0,
	0,
	26,
	22,
	22,
	0,
	0,
	0,
	0,
	"811f1dd7-74f0-407e-b449-939d0de5ee8d",
	"5a24959f-d869-45a7-804d-1348ab217f76");
INSERT INTO V_LIN
	VALUES ("d6cffaa1-9dff-4cb4-a62d-5c2030d3d91f",
	'6');
INSERT INTO V_PAR
	VALUES ("d6cffaa1-9dff-4cb4-a62d-5c2030d3d91f",
	"64b3010d-0b5a-469d-9632-c4cd871d224a",
	"00000000-0000-0000-0000-000000000000",
	'row',
	"e2800c00-f54c-4448-9444-9cd1672a9c9a",
	26,
	18);
INSERT INTO V_VAL
	VALUES ("e2800c00-f54c-4448-9444-9cd1672a9c9a",
	0,
	0,
	26,
	32,
	32,
	0,
	0,
	0,
	0,
	"811f1dd7-74f0-407e-b449-939d0de5ee8d",
	"5a24959f-d869-45a7-804d-1348ab217f76");
INSERT INTO V_LIN
	VALUES ("e2800c00-f54c-4448-9444-9cd1672a9c9a",
	'9');
INSERT INTO V_PAR
	VALUES ("e2800c00-f54c-4448-9444-9cd1672a9c9a",
	"64b3010d-0b5a-469d-9632-c4cd871d224a",
	"00000000-0000-0000-0000-000000000000",
	'column',
	"fc3a7273-da2c-4c80-8288-27d26d083df0",
	26,
	25);
INSERT INTO V_VAL
	VALUES ("fc3a7273-da2c-4c80-8288-27d26d083df0",
	0,
	0,
	26,
	42,
	42,
	0,
	0,
	0,
	0,
	"811f1dd7-74f0-407e-b449-939d0de5ee8d",
	"5a24959f-d869-45a7-804d-1348ab217f76");
INSERT INTO V_LIN
	VALUES ("fc3a7273-da2c-4c80-8288-27d26d083df0",
	'4');
INSERT INTO V_PAR
	VALUES ("fc3a7273-da2c-4c80-8288-27d26d083df0",
	"64b3010d-0b5a-469d-9632-c4cd871d224a",
	"00000000-0000-0000-0000-000000000000",
	'answer',
	"00000000-0000-0000-0000-000000000000",
	26,
	35);
INSERT INTO V_VAL
	VALUES ("d7d4c741-270d-449a-bc82-560f1ace44c2",
	0,
	0,
	28,
	22,
	22,
	0,
	0,
	0,
	0,
	"811f1dd7-74f0-407e-b449-939d0de5ee8d",
	"5a24959f-d869-45a7-804d-1348ab217f76");
INSERT INTO V_LIN
	VALUES ("d7d4c741-270d-449a-bc82-560f1ace44c2",
	'7');
INSERT INTO V_PAR
	VALUES ("d7d4c741-270d-449a-bc82-560f1ace44c2",
	"38435902-df9b-4d8c-83b7-0f96b87ce68f",
	"00000000-0000-0000-0000-000000000000",
	'row',
	"57ee3a71-f681-4b08-873a-59365c84357f",
	28,
	18);
INSERT INTO V_VAL
	VALUES ("57ee3a71-f681-4b08-873a-59365c84357f",
	0,
	0,
	28,
	32,
	32,
	0,
	0,
	0,
	0,
	"811f1dd7-74f0-407e-b449-939d0de5ee8d",
	"5a24959f-d869-45a7-804d-1348ab217f76");
INSERT INTO V_LIN
	VALUES ("57ee3a71-f681-4b08-873a-59365c84357f",
	'1');
INSERT INTO V_PAR
	VALUES ("57ee3a71-f681-4b08-873a-59365c84357f",
	"38435902-df9b-4d8c-83b7-0f96b87ce68f",
	"00000000-0000-0000-0000-000000000000",
	'column',
	"a28091e9-7bc5-4390-bdf6-c8cbb9ce037c",
	28,
	25);
INSERT INTO V_VAL
	VALUES ("a28091e9-7bc5-4390-bdf6-c8cbb9ce037c",
	0,
	0,
	28,
	42,
	42,
	0,
	0,
	0,
	0,
	"811f1dd7-74f0-407e-b449-939d0de5ee8d",
	"5a24959f-d869-45a7-804d-1348ab217f76");
INSERT INTO V_LIN
	VALUES ("a28091e9-7bc5-4390-bdf6-c8cbb9ce037c",
	'5');
INSERT INTO V_PAR
	VALUES ("a28091e9-7bc5-4390-bdf6-c8cbb9ce037c",
	"38435902-df9b-4d8c-83b7-0f96b87ce68f",
	"00000000-0000-0000-0000-000000000000",
	'answer',
	"00000000-0000-0000-0000-000000000000",
	28,
	35);
INSERT INTO V_VAL
	VALUES ("6c4aa257-82a4-4c01-9da8-72ad0ba9f380",
	0,
	0,
	29,
	22,
	22,
	0,
	0,
	0,
	0,
	"811f1dd7-74f0-407e-b449-939d0de5ee8d",
	"5a24959f-d869-45a7-804d-1348ab217f76");
INSERT INTO V_LIN
	VALUES ("6c4aa257-82a4-4c01-9da8-72ad0ba9f380",
	'7');
INSERT INTO V_PAR
	VALUES ("6c4aa257-82a4-4c01-9da8-72ad0ba9f380",
	"5a90864c-a07a-43d4-8c9e-e601072c2e98",
	"00000000-0000-0000-0000-000000000000",
	'row',
	"62e1676b-a832-4dd5-adec-74c81e3dc40d",
	29,
	18);
INSERT INTO V_VAL
	VALUES ("62e1676b-a832-4dd5-adec-74c81e3dc40d",
	0,
	0,
	29,
	32,
	32,
	0,
	0,
	0,
	0,
	"811f1dd7-74f0-407e-b449-939d0de5ee8d",
	"5a24959f-d869-45a7-804d-1348ab217f76");
INSERT INTO V_LIN
	VALUES ("62e1676b-a832-4dd5-adec-74c81e3dc40d",
	'9');
INSERT INTO V_PAR
	VALUES ("62e1676b-a832-4dd5-adec-74c81e3dc40d",
	"5a90864c-a07a-43d4-8c9e-e601072c2e98",
	"00000000-0000-0000-0000-000000000000",
	'column',
	"b247e1f8-4884-4b47-9b25-2c3bf4b959c2",
	29,
	25);
INSERT INTO V_VAL
	VALUES ("b247e1f8-4884-4b47-9b25-2c3bf4b959c2",
	0,
	0,
	29,
	42,
	42,
	0,
	0,
	0,
	0,
	"811f1dd7-74f0-407e-b449-939d0de5ee8d",
	"5a24959f-d869-45a7-804d-1348ab217f76");
INSERT INTO V_LIN
	VALUES ("b247e1f8-4884-4b47-9b25-2c3bf4b959c2",
	'2');
INSERT INTO V_PAR
	VALUES ("b247e1f8-4884-4b47-9b25-2c3bf4b959c2",
	"5a90864c-a07a-43d4-8c9e-e601072c2e98",
	"00000000-0000-0000-0000-000000000000",
	'answer',
	"00000000-0000-0000-0000-000000000000",
	29,
	35);
INSERT INTO V_VAL
	VALUES ("9a59b500-2f33-4dcc-957a-d502b60c7ca1",
	0,
	0,
	31,
	22,
	22,
	0,
	0,
	0,
	0,
	"811f1dd7-74f0-407e-b449-939d0de5ee8d",
	"5a24959f-d869-45a7-804d-1348ab217f76");
INSERT INTO V_LIN
	VALUES ("9a59b500-2f33-4dcc-957a-d502b60c7ca1",
	'8');
INSERT INTO V_PAR
	VALUES ("9a59b500-2f33-4dcc-957a-d502b60c7ca1",
	"cd050d48-9d80-42cb-8c86-eb23216f107f",
	"00000000-0000-0000-0000-000000000000",
	'row',
	"653168c3-2529-49a9-b8de-656c622cd30a",
	31,
	18);
INSERT INTO V_VAL
	VALUES ("653168c3-2529-49a9-b8de-656c622cd30a",
	0,
	0,
	31,
	32,
	32,
	0,
	0,
	0,
	0,
	"811f1dd7-74f0-407e-b449-939d0de5ee8d",
	"5a24959f-d869-45a7-804d-1348ab217f76");
INSERT INTO V_LIN
	VALUES ("653168c3-2529-49a9-b8de-656c622cd30a",
	'3');
INSERT INTO V_PAR
	VALUES ("653168c3-2529-49a9-b8de-656c622cd30a",
	"cd050d48-9d80-42cb-8c86-eb23216f107f",
	"00000000-0000-0000-0000-000000000000",
	'column',
	"ac631eb3-d48c-41fe-81fd-5ef82bb5a2a8",
	31,
	25);
INSERT INTO V_VAL
	VALUES ("ac631eb3-d48c-41fe-81fd-5ef82bb5a2a8",
	0,
	0,
	31,
	42,
	42,
	0,
	0,
	0,
	0,
	"811f1dd7-74f0-407e-b449-939d0de5ee8d",
	"5a24959f-d869-45a7-804d-1348ab217f76");
INSERT INTO V_LIN
	VALUES ("ac631eb3-d48c-41fe-81fd-5ef82bb5a2a8",
	'7');
INSERT INTO V_PAR
	VALUES ("ac631eb3-d48c-41fe-81fd-5ef82bb5a2a8",
	"cd050d48-9d80-42cb-8c86-eb23216f107f",
	"00000000-0000-0000-0000-000000000000",
	'answer',
	"00000000-0000-0000-0000-000000000000",
	31,
	35);
INSERT INTO V_VAL
	VALUES ("9a00e92b-baee-4608-a34b-bf2225158f8d",
	0,
	0,
	32,
	22,
	22,
	0,
	0,
	0,
	0,
	"811f1dd7-74f0-407e-b449-939d0de5ee8d",
	"5a24959f-d869-45a7-804d-1348ab217f76");
INSERT INTO V_LIN
	VALUES ("9a00e92b-baee-4608-a34b-bf2225158f8d",
	'8');
INSERT INTO V_PAR
	VALUES ("9a00e92b-baee-4608-a34b-bf2225158f8d",
	"511e5113-f393-4cd3-a9db-12645a154bff",
	"00000000-0000-0000-0000-000000000000",
	'row',
	"f6e420dd-cd0d-45f4-9227-2ec6c36b8317",
	32,
	18);
INSERT INTO V_VAL
	VALUES ("f6e420dd-cd0d-45f4-9227-2ec6c36b8317",
	0,
	0,
	32,
	32,
	32,
	0,
	0,
	0,
	0,
	"811f1dd7-74f0-407e-b449-939d0de5ee8d",
	"5a24959f-d869-45a7-804d-1348ab217f76");
INSERT INTO V_LIN
	VALUES ("f6e420dd-cd0d-45f4-9227-2ec6c36b8317",
	'4');
INSERT INTO V_PAR
	VALUES ("f6e420dd-cd0d-45f4-9227-2ec6c36b8317",
	"511e5113-f393-4cd3-a9db-12645a154bff",
	"00000000-0000-0000-0000-000000000000",
	'column',
	"45ddeb58-38cf-489a-b6d7-83e6a8ddf772",
	32,
	25);
INSERT INTO V_VAL
	VALUES ("45ddeb58-38cf-489a-b6d7-83e6a8ddf772",
	0,
	0,
	32,
	42,
	42,
	0,
	0,
	0,
	0,
	"811f1dd7-74f0-407e-b449-939d0de5ee8d",
	"5a24959f-d869-45a7-804d-1348ab217f76");
INSERT INTO V_LIN
	VALUES ("45ddeb58-38cf-489a-b6d7-83e6a8ddf772",
	'2');
INSERT INTO V_PAR
	VALUES ("45ddeb58-38cf-489a-b6d7-83e6a8ddf772",
	"511e5113-f393-4cd3-a9db-12645a154bff",
	"00000000-0000-0000-0000-000000000000",
	'answer',
	"00000000-0000-0000-0000-000000000000",
	32,
	35);
INSERT INTO V_VAL
	VALUES ("c14293f2-1e0a-4bc8-9f21-42029f157203",
	0,
	0,
	33,
	22,
	22,
	0,
	0,
	0,
	0,
	"811f1dd7-74f0-407e-b449-939d0de5ee8d",
	"5a24959f-d869-45a7-804d-1348ab217f76");
INSERT INTO V_LIN
	VALUES ("c14293f2-1e0a-4bc8-9f21-42029f157203",
	'8');
INSERT INTO V_PAR
	VALUES ("c14293f2-1e0a-4bc8-9f21-42029f157203",
	"9e018f47-97f2-4aa5-a317-948c47d38f11",
	"00000000-0000-0000-0000-000000000000",
	'row',
	"1c2dfa32-2b50-4964-8850-d2a70522a44f",
	33,
	18);
INSERT INTO V_VAL
	VALUES ("1c2dfa32-2b50-4964-8850-d2a70522a44f",
	0,
	0,
	33,
	32,
	32,
	0,
	0,
	0,
	0,
	"811f1dd7-74f0-407e-b449-939d0de5ee8d",
	"5a24959f-d869-45a7-804d-1348ab217f76");
INSERT INTO V_LIN
	VALUES ("1c2dfa32-2b50-4964-8850-d2a70522a44f",
	'6');
INSERT INTO V_PAR
	VALUES ("1c2dfa32-2b50-4964-8850-d2a70522a44f",
	"9e018f47-97f2-4aa5-a317-948c47d38f11",
	"00000000-0000-0000-0000-000000000000",
	'column',
	"d1190a2e-e6f8-4ebd-86a2-55763b4372ae",
	33,
	25);
INSERT INTO V_VAL
	VALUES ("d1190a2e-e6f8-4ebd-86a2-55763b4372ae",
	0,
	0,
	33,
	42,
	42,
	0,
	0,
	0,
	0,
	"811f1dd7-74f0-407e-b449-939d0de5ee8d",
	"5a24959f-d869-45a7-804d-1348ab217f76");
INSERT INTO V_LIN
	VALUES ("d1190a2e-e6f8-4ebd-86a2-55763b4372ae",
	'6');
INSERT INTO V_PAR
	VALUES ("d1190a2e-e6f8-4ebd-86a2-55763b4372ae",
	"9e018f47-97f2-4aa5-a317-948c47d38f11",
	"00000000-0000-0000-0000-000000000000",
	'answer',
	"00000000-0000-0000-0000-000000000000",
	33,
	35);
INSERT INTO V_VAL
	VALUES ("f93d4e94-a792-44ad-86a0-a14aa4c03d3e",
	0,
	0,
	34,
	22,
	22,
	0,
	0,
	0,
	0,
	"811f1dd7-74f0-407e-b449-939d0de5ee8d",
	"5a24959f-d869-45a7-804d-1348ab217f76");
INSERT INTO V_LIN
	VALUES ("f93d4e94-a792-44ad-86a0-a14aa4c03d3e",
	'8');
INSERT INTO V_PAR
	VALUES ("f93d4e94-a792-44ad-86a0-a14aa4c03d3e",
	"e033bc06-e31b-401d-b5fd-6f522fd020c2",
	"00000000-0000-0000-0000-000000000000",
	'row',
	"1e623cec-fdef-473f-80af-854c59ac6970",
	34,
	18);
INSERT INTO V_VAL
	VALUES ("1e623cec-fdef-473f-80af-854c59ac6970",
	0,
	0,
	34,
	32,
	32,
	0,
	0,
	0,
	0,
	"811f1dd7-74f0-407e-b449-939d0de5ee8d",
	"5a24959f-d869-45a7-804d-1348ab217f76");
INSERT INTO V_LIN
	VALUES ("1e623cec-fdef-473f-80af-854c59ac6970",
	'7');
INSERT INTO V_PAR
	VALUES ("1e623cec-fdef-473f-80af-854c59ac6970",
	"e033bc06-e31b-401d-b5fd-6f522fd020c2",
	"00000000-0000-0000-0000-000000000000",
	'column',
	"59d2999b-de15-4f7e-a887-d7c5626534da",
	34,
	25);
INSERT INTO V_VAL
	VALUES ("59d2999b-de15-4f7e-a887-d7c5626534da",
	0,
	0,
	34,
	42,
	42,
	0,
	0,
	0,
	0,
	"811f1dd7-74f0-407e-b449-939d0de5ee8d",
	"5a24959f-d869-45a7-804d-1348ab217f76");
INSERT INTO V_LIN
	VALUES ("59d2999b-de15-4f7e-a887-d7c5626534da",
	'9');
INSERT INTO V_PAR
	VALUES ("59d2999b-de15-4f7e-a887-d7c5626534da",
	"e033bc06-e31b-401d-b5fd-6f522fd020c2",
	"00000000-0000-0000-0000-000000000000",
	'answer',
	"00000000-0000-0000-0000-000000000000",
	34,
	35);
INSERT INTO V_VAL
	VALUES ("315bdd00-204b-48da-9a1c-591e2a6a8145",
	0,
	0,
	36,
	22,
	22,
	0,
	0,
	0,
	0,
	"811f1dd7-74f0-407e-b449-939d0de5ee8d",
	"5a24959f-d869-45a7-804d-1348ab217f76");
INSERT INTO V_LIN
	VALUES ("315bdd00-204b-48da-9a1c-591e2a6a8145",
	'9');
INSERT INTO V_PAR
	VALUES ("315bdd00-204b-48da-9a1c-591e2a6a8145",
	"4f5ebbce-d4ec-47bb-9210-41b4b499e682",
	"00000000-0000-0000-0000-000000000000",
	'row',
	"f0f5b9ef-03e9-41e8-9d43-4e9278a795c1",
	36,
	18);
INSERT INTO V_VAL
	VALUES ("f0f5b9ef-03e9-41e8-9d43-4e9278a795c1",
	0,
	0,
	36,
	32,
	32,
	0,
	0,
	0,
	0,
	"811f1dd7-74f0-407e-b449-939d0de5ee8d",
	"5a24959f-d869-45a7-804d-1348ab217f76");
INSERT INTO V_LIN
	VALUES ("f0f5b9ef-03e9-41e8-9d43-4e9278a795c1",
	'2');
INSERT INTO V_PAR
	VALUES ("f0f5b9ef-03e9-41e8-9d43-4e9278a795c1",
	"4f5ebbce-d4ec-47bb-9210-41b4b499e682",
	"00000000-0000-0000-0000-000000000000",
	'column',
	"4d4ca067-0f29-405a-b2a4-9637775362ea",
	36,
	25);
INSERT INTO V_VAL
	VALUES ("4d4ca067-0f29-405a-b2a4-9637775362ea",
	0,
	0,
	36,
	42,
	42,
	0,
	0,
	0,
	0,
	"811f1dd7-74f0-407e-b449-939d0de5ee8d",
	"5a24959f-d869-45a7-804d-1348ab217f76");
INSERT INTO V_LIN
	VALUES ("4d4ca067-0f29-405a-b2a4-9637775362ea",
	'4');
INSERT INTO V_PAR
	VALUES ("4d4ca067-0f29-405a-b2a4-9637775362ea",
	"4f5ebbce-d4ec-47bb-9210-41b4b499e682",
	"00000000-0000-0000-0000-000000000000",
	'answer',
	"00000000-0000-0000-0000-000000000000",
	36,
	35);
INSERT INTO V_VAL
	VALUES ("b4eb244f-c5b3-43f8-843c-b776c758d412",
	0,
	0,
	37,
	22,
	22,
	0,
	0,
	0,
	0,
	"811f1dd7-74f0-407e-b449-939d0de5ee8d",
	"5a24959f-d869-45a7-804d-1348ab217f76");
INSERT INTO V_LIN
	VALUES ("b4eb244f-c5b3-43f8-843c-b776c758d412",
	'9');
INSERT INTO V_PAR
	VALUES ("b4eb244f-c5b3-43f8-843c-b776c758d412",
	"1c7c9f3c-ac66-4418-a91a-aaa7f6f7cdb4",
	"00000000-0000-0000-0000-000000000000",
	'row',
	"9805fcc6-4f10-4baf-bc7c-1419f42b7a45",
	37,
	18);
INSERT INTO V_VAL
	VALUES ("9805fcc6-4f10-4baf-bc7c-1419f42b7a45",
	0,
	0,
	37,
	32,
	32,
	0,
	0,
	0,
	0,
	"811f1dd7-74f0-407e-b449-939d0de5ee8d",
	"5a24959f-d869-45a7-804d-1348ab217f76");
INSERT INTO V_LIN
	VALUES ("9805fcc6-4f10-4baf-bc7c-1419f42b7a45",
	'4');
INSERT INTO V_PAR
	VALUES ("9805fcc6-4f10-4baf-bc7c-1419f42b7a45",
	"1c7c9f3c-ac66-4418-a91a-aaa7f6f7cdb4",
	"00000000-0000-0000-0000-000000000000",
	'column',
	"5da00469-baf9-4a64-9a60-ae2bdbebb162",
	37,
	25);
INSERT INTO V_VAL
	VALUES ("5da00469-baf9-4a64-9a60-ae2bdbebb162",
	0,
	0,
	37,
	42,
	42,
	0,
	0,
	0,
	0,
	"811f1dd7-74f0-407e-b449-939d0de5ee8d",
	"5a24959f-d869-45a7-804d-1348ab217f76");
INSERT INTO V_LIN
	VALUES ("5da00469-baf9-4a64-9a60-ae2bdbebb162",
	'5');
INSERT INTO V_PAR
	VALUES ("5da00469-baf9-4a64-9a60-ae2bdbebb162",
	"1c7c9f3c-ac66-4418-a91a-aaa7f6f7cdb4",
	"00000000-0000-0000-0000-000000000000",
	'answer',
	"00000000-0000-0000-0000-000000000000",
	37,
	35);
INSERT INTO V_VAL
	VALUES ("1b5ace5f-3b16-4d11-9145-12b4ebf98705",
	0,
	0,
	38,
	22,
	22,
	0,
	0,
	0,
	0,
	"811f1dd7-74f0-407e-b449-939d0de5ee8d",
	"5a24959f-d869-45a7-804d-1348ab217f76");
INSERT INTO V_LIN
	VALUES ("1b5ace5f-3b16-4d11-9145-12b4ebf98705",
	'9');
INSERT INTO V_PAR
	VALUES ("1b5ace5f-3b16-4d11-9145-12b4ebf98705",
	"bdc96097-7868-4774-b51f-71e61c2aa959",
	"00000000-0000-0000-0000-000000000000",
	'row',
	"2f22b6c8-f3b0-4d2f-9873-d419adf85854",
	38,
	18);
INSERT INTO V_VAL
	VALUES ("2f22b6c8-f3b0-4d2f-9873-d419adf85854",
	0,
	0,
	38,
	32,
	32,
	0,
	0,
	0,
	0,
	"811f1dd7-74f0-407e-b449-939d0de5ee8d",
	"5a24959f-d869-45a7-804d-1348ab217f76");
INSERT INTO V_LIN
	VALUES ("2f22b6c8-f3b0-4d2f-9873-d419adf85854",
	'6');
INSERT INTO V_PAR
	VALUES ("2f22b6c8-f3b0-4d2f-9873-d419adf85854",
	"bdc96097-7868-4774-b51f-71e61c2aa959",
	"00000000-0000-0000-0000-000000000000",
	'column',
	"5fcdc9d2-e621-413e-9def-4d9052e702c5",
	38,
	25);
INSERT INTO V_VAL
	VALUES ("5fcdc9d2-e621-413e-9def-4d9052e702c5",
	0,
	0,
	38,
	42,
	42,
	0,
	0,
	0,
	0,
	"811f1dd7-74f0-407e-b449-939d0de5ee8d",
	"5a24959f-d869-45a7-804d-1348ab217f76");
INSERT INTO V_LIN
	VALUES ("5fcdc9d2-e621-413e-9def-4d9052e702c5",
	'8');
INSERT INTO V_PAR
	VALUES ("5fcdc9d2-e621-413e-9def-4d9052e702c5",
	"bdc96097-7868-4774-b51f-71e61c2aa959",
	"00000000-0000-0000-0000-000000000000",
	'answer',
	"00000000-0000-0000-0000-000000000000",
	38,
	35);
INSERT INTO V_VAL
	VALUES ("336bd0ec-94cf-4ff8-9b0a-6bd4db47e4e5",
	0,
	0,
	39,
	22,
	22,
	0,
	0,
	0,
	0,
	"811f1dd7-74f0-407e-b449-939d0de5ee8d",
	"5a24959f-d869-45a7-804d-1348ab217f76");
INSERT INTO V_LIN
	VALUES ("336bd0ec-94cf-4ff8-9b0a-6bd4db47e4e5",
	'9');
INSERT INTO V_PAR
	VALUES ("336bd0ec-94cf-4ff8-9b0a-6bd4db47e4e5",
	"5ab67e83-886f-4fed-95ca-442d749cd253",
	"00000000-0000-0000-0000-000000000000",
	'row',
	"45e1c1f4-2510-4e47-8af6-9b2e85f26319",
	39,
	18);
INSERT INTO V_VAL
	VALUES ("45e1c1f4-2510-4e47-8af6-9b2e85f26319",
	0,
	0,
	39,
	32,
	32,
	0,
	0,
	0,
	0,
	"811f1dd7-74f0-407e-b449-939d0de5ee8d",
	"5a24959f-d869-45a7-804d-1348ab217f76");
INSERT INTO V_LIN
	VALUES ("45e1c1f4-2510-4e47-8af6-9b2e85f26319",
	'8');
INSERT INTO V_PAR
	VALUES ("45e1c1f4-2510-4e47-8af6-9b2e85f26319",
	"5ab67e83-886f-4fed-95ca-442d749cd253",
	"00000000-0000-0000-0000-000000000000",
	'column',
	"d50f1502-b966-47de-8840-83e4f5f36170",
	39,
	25);
INSERT INTO V_VAL
	VALUES ("d50f1502-b966-47de-8840-83e4f5f36170",
	0,
	0,
	39,
	42,
	42,
	0,
	0,
	0,
	0,
	"811f1dd7-74f0-407e-b449-939d0de5ee8d",
	"5a24959f-d869-45a7-804d-1348ab217f76");
INSERT INTO V_LIN
	VALUES ("d50f1502-b966-47de-8840-83e4f5f36170",
	'7');
INSERT INTO V_PAR
	VALUES ("d50f1502-b966-47de-8840-83e4f5f36170",
	"5ab67e83-886f-4fed-95ca-442d749cd253",
	"00000000-0000-0000-0000-000000000000",
	'answer',
	"00000000-0000-0000-0000-000000000000",
	39,
	35);
INSERT INTO S_FIP
	VALUES ("902fee5d-2cc1-44d8-a018-7d4ab96f184d",
	"de19ead6-66ec-425f-9bbf-71eea915c2b4");
INSERT INTO S_SYNC
	VALUES ("de19ead6-66ec-425f-9bbf-71eea915c2b4",
	"0eb5e6c3-13b6-4550-b154-5d6824e51255",
	'setz3_given',
	'',
	'
CELL::set_given( row:1, column:2, answer:9 );
CELL::set_given( row:1, column:5, answer:6 );
CELL::set_given( row:1, column:6, answer:5 );

CELL::set_given( row:2, column:4, answer:3 );
CELL::set_given( row:2, column:7, answer:4 );
CELL::set_given( row:2, column:8, answer:9 );

CELL::set_given( row:3, column:2, answer:8 );
CELL::set_given( row:3, column:3, answer:3 );
CELL::set_given( row:3, column:7, answer:2 );

CELL::set_given( row:4, column:1, answer:3 );
CELL::set_given( row:4, column:4, answer:8 );
CELL::set_given( row:4, column:6, answer:4 );
CELL::set_given( row:4, column:9, answer:6 );

CELL::set_given( row:5, column:1, answer:1 );
CELL::set_given( row:5, column:9, answer:7 );

CELL::set_given( row:6, column:1, answer:5 );
CELL::set_given( row:6, column:4, answer:2 );
CELL::set_given( row:6, column:6, answer:3 );
CELL::set_given( row:6, column:9, answer:9 );

CELL::set_given( row:7, column:3, answer:4 );
CELL::set_given( row:7, column:7, answer:6 );
CELL::set_given( row:7, column:8, answer:1 );

CELL::set_given( row:8, column:2, answer:2 );
CELL::set_given( row:8, column:3, answer:7 );
CELL::set_given( row:8, column:6, answer:6 );

CELL::set_given( row:9, column:4, answer:9 );
CELL::set_given( row:9, column:5, answer:3 );
CELL::set_given( row:9, column:8, answer:8 );',
	"606ca061-c661-4bbf-bb1a-bb2345f5239e",
	1,
	'');
INSERT INTO ACT_FNB
	VALUES ("06e592d7-467a-47b1-a91d-d9d6b6f93311",
	"de19ead6-66ec-425f-9bbf-71eea915c2b4");
INSERT INTO ACT_ACT
	VALUES ("06e592d7-467a-47b1-a91d-d9d6b6f93311",
	'function',
	0,
	"f45c35b9-d313-4faa-a486-6415b2c2cd9f",
	"00000000-0000-0000-0000-000000000000",
	0,
	'setz3_given',
	"00000000-0000-0000-0000-000000000000");
INSERT INTO ACT_BLK
	VALUES ("f45c35b9-d313-4faa-a486-6415b2c2cd9f",
	0,
	0,
	0,
	'CELL',
	'',
	'',
	37,
	1,
	37,
	1,
	0,
	0,
	0,
	0,
	0,
	0,
	0,
	0,
	0,
	"06e592d7-467a-47b1-a91d-d9d6b6f93311",
	"00000000-0000-0000-0000-000000000000");
INSERT INTO ACT_SMT
	VALUES ("41b99459-3bac-4dd5-bb82-0686c595e14e",
	"f45c35b9-d313-4faa-a486-6415b2c2cd9f",
	"77de2fb3-6526-43a7-b0ca-5d6b164574b7",
	2,
	1,
	'setz3_given line: 2');
INSERT INTO ACT_TFM
	VALUES ("41b99459-3bac-4dd5-bb82-0686c595e14e",
	"08064e1a-888f-4d00-a98e-bcce7359c03d",
	"00000000-0000-0000-0000-000000000000",
	2,
	7,
	2,
	1);
INSERT INTO ACT_SMT
	VALUES ("77de2fb3-6526-43a7-b0ca-5d6b164574b7",
	"f45c35b9-d313-4faa-a486-6415b2c2cd9f",
	"ee69c3bf-e93d-4746-88b3-af22046dff6f",
	3,
	1,
	'setz3_given line: 3');
INSERT INTO ACT_TFM
	VALUES ("77de2fb3-6526-43a7-b0ca-5d6b164574b7",
	"08064e1a-888f-4d00-a98e-bcce7359c03d",
	"00000000-0000-0000-0000-000000000000",
	3,
	7,
	3,
	1);
INSERT INTO ACT_SMT
	VALUES ("ee69c3bf-e93d-4746-88b3-af22046dff6f",
	"f45c35b9-d313-4faa-a486-6415b2c2cd9f",
	"7871e8ea-ee80-4623-8ca7-a03222f827bb",
	4,
	1,
	'setz3_given line: 4');
INSERT INTO ACT_TFM
	VALUES ("ee69c3bf-e93d-4746-88b3-af22046dff6f",
	"08064e1a-888f-4d00-a98e-bcce7359c03d",
	"00000000-0000-0000-0000-000000000000",
	4,
	7,
	4,
	1);
INSERT INTO ACT_SMT
	VALUES ("7871e8ea-ee80-4623-8ca7-a03222f827bb",
	"f45c35b9-d313-4faa-a486-6415b2c2cd9f",
	"f4dd80f6-581b-4a01-a0a7-517006461a58",
	6,
	1,
	'setz3_given line: 6');
INSERT INTO ACT_TFM
	VALUES ("7871e8ea-ee80-4623-8ca7-a03222f827bb",
	"08064e1a-888f-4d00-a98e-bcce7359c03d",
	"00000000-0000-0000-0000-000000000000",
	6,
	7,
	6,
	1);
INSERT INTO ACT_SMT
	VALUES ("f4dd80f6-581b-4a01-a0a7-517006461a58",
	"f45c35b9-d313-4faa-a486-6415b2c2cd9f",
	"f08ab09f-994d-4d78-b008-736d632f71dd",
	7,
	1,
	'setz3_given line: 7');
INSERT INTO ACT_TFM
	VALUES ("f4dd80f6-581b-4a01-a0a7-517006461a58",
	"08064e1a-888f-4d00-a98e-bcce7359c03d",
	"00000000-0000-0000-0000-000000000000",
	7,
	7,
	7,
	1);
INSERT INTO ACT_SMT
	VALUES ("f08ab09f-994d-4d78-b008-736d632f71dd",
	"f45c35b9-d313-4faa-a486-6415b2c2cd9f",
	"a12ee20e-08c6-4add-ab98-698adba605ca",
	8,
	1,
	'setz3_given line: 8');
INSERT INTO ACT_TFM
	VALUES ("f08ab09f-994d-4d78-b008-736d632f71dd",
	"08064e1a-888f-4d00-a98e-bcce7359c03d",
	"00000000-0000-0000-0000-000000000000",
	8,
	7,
	8,
	1);
INSERT INTO ACT_SMT
	VALUES ("a12ee20e-08c6-4add-ab98-698adba605ca",
	"f45c35b9-d313-4faa-a486-6415b2c2cd9f",
	"36cd6e11-1876-4d78-9423-4eb0186fb00c",
	10,
	1,
	'setz3_given line: 10');
INSERT INTO ACT_TFM
	VALUES ("a12ee20e-08c6-4add-ab98-698adba605ca",
	"08064e1a-888f-4d00-a98e-bcce7359c03d",
	"00000000-0000-0000-0000-000000000000",
	10,
	7,
	10,
	1);
INSERT INTO ACT_SMT
	VALUES ("36cd6e11-1876-4d78-9423-4eb0186fb00c",
	"f45c35b9-d313-4faa-a486-6415b2c2cd9f",
	"942aeaeb-0328-4bc0-a1b9-596f51a09aa2",
	11,
	1,
	'setz3_given line: 11');
INSERT INTO ACT_TFM
	VALUES ("36cd6e11-1876-4d78-9423-4eb0186fb00c",
	"08064e1a-888f-4d00-a98e-bcce7359c03d",
	"00000000-0000-0000-0000-000000000000",
	11,
	7,
	11,
	1);
INSERT INTO ACT_SMT
	VALUES ("942aeaeb-0328-4bc0-a1b9-596f51a09aa2",
	"f45c35b9-d313-4faa-a486-6415b2c2cd9f",
	"e526950b-db55-4ae0-b8a9-b3a298613ec8",
	12,
	1,
	'setz3_given line: 12');
INSERT INTO ACT_TFM
	VALUES ("942aeaeb-0328-4bc0-a1b9-596f51a09aa2",
	"08064e1a-888f-4d00-a98e-bcce7359c03d",
	"00000000-0000-0000-0000-000000000000",
	12,
	7,
	12,
	1);
INSERT INTO ACT_SMT
	VALUES ("e526950b-db55-4ae0-b8a9-b3a298613ec8",
	"f45c35b9-d313-4faa-a486-6415b2c2cd9f",
	"bb853966-03c8-4d4b-843d-c7755fa249e5",
	14,
	1,
	'setz3_given line: 14');
INSERT INTO ACT_TFM
	VALUES ("e526950b-db55-4ae0-b8a9-b3a298613ec8",
	"08064e1a-888f-4d00-a98e-bcce7359c03d",
	"00000000-0000-0000-0000-000000000000",
	14,
	7,
	14,
	1);
INSERT INTO ACT_SMT
	VALUES ("bb853966-03c8-4d4b-843d-c7755fa249e5",
	"f45c35b9-d313-4faa-a486-6415b2c2cd9f",
	"e573a818-8792-4cee-935d-d65eef7f375f",
	15,
	1,
	'setz3_given line: 15');
INSERT INTO ACT_TFM
	VALUES ("bb853966-03c8-4d4b-843d-c7755fa249e5",
	"08064e1a-888f-4d00-a98e-bcce7359c03d",
	"00000000-0000-0000-0000-000000000000",
	15,
	7,
	15,
	1);
INSERT INTO ACT_SMT
	VALUES ("e573a818-8792-4cee-935d-d65eef7f375f",
	"f45c35b9-d313-4faa-a486-6415b2c2cd9f",
	"f6a8d8e0-e22a-4d9b-bd3b-c5b0f78fd32d",
	16,
	1,
	'setz3_given line: 16');
INSERT INTO ACT_TFM
	VALUES ("e573a818-8792-4cee-935d-d65eef7f375f",
	"08064e1a-888f-4d00-a98e-bcce7359c03d",
	"00000000-0000-0000-0000-000000000000",
	16,
	7,
	16,
	1);
INSERT INTO ACT_SMT
	VALUES ("f6a8d8e0-e22a-4d9b-bd3b-c5b0f78fd32d",
	"f45c35b9-d313-4faa-a486-6415b2c2cd9f",
	"077d4a6c-085d-4078-a673-ddb61e831f2b",
	17,
	1,
	'setz3_given line: 17');
INSERT INTO ACT_TFM
	VALUES ("f6a8d8e0-e22a-4d9b-bd3b-c5b0f78fd32d",
	"08064e1a-888f-4d00-a98e-bcce7359c03d",
	"00000000-0000-0000-0000-000000000000",
	17,
	7,
	17,
	1);
INSERT INTO ACT_SMT
	VALUES ("077d4a6c-085d-4078-a673-ddb61e831f2b",
	"f45c35b9-d313-4faa-a486-6415b2c2cd9f",
	"ba3f1bc8-3116-43ab-a6de-13ca0ee78f27",
	19,
	1,
	'setz3_given line: 19');
INSERT INTO ACT_TFM
	VALUES ("077d4a6c-085d-4078-a673-ddb61e831f2b",
	"08064e1a-888f-4d00-a98e-bcce7359c03d",
	"00000000-0000-0000-0000-000000000000",
	19,
	7,
	19,
	1);
INSERT INTO ACT_SMT
	VALUES ("ba3f1bc8-3116-43ab-a6de-13ca0ee78f27",
	"f45c35b9-d313-4faa-a486-6415b2c2cd9f",
	"63fa444f-7e92-4060-927a-9f8fb0e64fbf",
	20,
	1,
	'setz3_given line: 20');
INSERT INTO ACT_TFM
	VALUES ("ba3f1bc8-3116-43ab-a6de-13ca0ee78f27",
	"08064e1a-888f-4d00-a98e-bcce7359c03d",
	"00000000-0000-0000-0000-000000000000",
	20,
	7,
	20,
	1);
INSERT INTO ACT_SMT
	VALUES ("63fa444f-7e92-4060-927a-9f8fb0e64fbf",
	"f45c35b9-d313-4faa-a486-6415b2c2cd9f",
	"db4eea02-69c2-45ea-b44e-4f238de8b63d",
	22,
	1,
	'setz3_given line: 22');
INSERT INTO ACT_TFM
	VALUES ("63fa444f-7e92-4060-927a-9f8fb0e64fbf",
	"08064e1a-888f-4d00-a98e-bcce7359c03d",
	"00000000-0000-0000-0000-000000000000",
	22,
	7,
	22,
	1);
INSERT INTO ACT_SMT
	VALUES ("db4eea02-69c2-45ea-b44e-4f238de8b63d",
	"f45c35b9-d313-4faa-a486-6415b2c2cd9f",
	"c983e71d-a810-4487-b6e0-23476c633665",
	23,
	1,
	'setz3_given line: 23');
INSERT INTO ACT_TFM
	VALUES ("db4eea02-69c2-45ea-b44e-4f238de8b63d",
	"08064e1a-888f-4d00-a98e-bcce7359c03d",
	"00000000-0000-0000-0000-000000000000",
	23,
	7,
	23,
	1);
INSERT INTO ACT_SMT
	VALUES ("c983e71d-a810-4487-b6e0-23476c633665",
	"f45c35b9-d313-4faa-a486-6415b2c2cd9f",
	"fd135e63-ddd9-40ef-8693-b367493b9839",
	24,
	1,
	'setz3_given line: 24');
INSERT INTO ACT_TFM
	VALUES ("c983e71d-a810-4487-b6e0-23476c633665",
	"08064e1a-888f-4d00-a98e-bcce7359c03d",
	"00000000-0000-0000-0000-000000000000",
	24,
	7,
	24,
	1);
INSERT INTO ACT_SMT
	VALUES ("fd135e63-ddd9-40ef-8693-b367493b9839",
	"f45c35b9-d313-4faa-a486-6415b2c2cd9f",
	"b63b9b5c-9c3b-4988-b2f6-8d549c592aa7",
	25,
	1,
	'setz3_given line: 25');
INSERT INTO ACT_TFM
	VALUES ("fd135e63-ddd9-40ef-8693-b367493b9839",
	"08064e1a-888f-4d00-a98e-bcce7359c03d",
	"00000000-0000-0000-0000-000000000000",
	25,
	7,
	25,
	1);
INSERT INTO ACT_SMT
	VALUES ("b63b9b5c-9c3b-4988-b2f6-8d549c592aa7",
	"f45c35b9-d313-4faa-a486-6415b2c2cd9f",
	"1bd7f4ee-7815-49a7-b678-12f2d1710dd0",
	27,
	1,
	'setz3_given line: 27');
INSERT INTO ACT_TFM
	VALUES ("b63b9b5c-9c3b-4988-b2f6-8d549c592aa7",
	"08064e1a-888f-4d00-a98e-bcce7359c03d",
	"00000000-0000-0000-0000-000000000000",
	27,
	7,
	27,
	1);
INSERT INTO ACT_SMT
	VALUES ("1bd7f4ee-7815-49a7-b678-12f2d1710dd0",
	"f45c35b9-d313-4faa-a486-6415b2c2cd9f",
	"31e339d9-ed5d-4584-b87a-442d9e867292",
	28,
	1,
	'setz3_given line: 28');
INSERT INTO ACT_TFM
	VALUES ("1bd7f4ee-7815-49a7-b678-12f2d1710dd0",
	"08064e1a-888f-4d00-a98e-bcce7359c03d",
	"00000000-0000-0000-0000-000000000000",
	28,
	7,
	28,
	1);
INSERT INTO ACT_SMT
	VALUES ("31e339d9-ed5d-4584-b87a-442d9e867292",
	"f45c35b9-d313-4faa-a486-6415b2c2cd9f",
	"241587f8-a66e-4333-8f25-32fa62a4796b",
	29,
	1,
	'setz3_given line: 29');
INSERT INTO ACT_TFM
	VALUES ("31e339d9-ed5d-4584-b87a-442d9e867292",
	"08064e1a-888f-4d00-a98e-bcce7359c03d",
	"00000000-0000-0000-0000-000000000000",
	29,
	7,
	29,
	1);
INSERT INTO ACT_SMT
	VALUES ("241587f8-a66e-4333-8f25-32fa62a4796b",
	"f45c35b9-d313-4faa-a486-6415b2c2cd9f",
	"9f1859a7-42e8-40d4-b46d-e83ec357af96",
	31,
	1,
	'setz3_given line: 31');
INSERT INTO ACT_TFM
	VALUES ("241587f8-a66e-4333-8f25-32fa62a4796b",
	"08064e1a-888f-4d00-a98e-bcce7359c03d",
	"00000000-0000-0000-0000-000000000000",
	31,
	7,
	31,
	1);
INSERT INTO ACT_SMT
	VALUES ("9f1859a7-42e8-40d4-b46d-e83ec357af96",
	"f45c35b9-d313-4faa-a486-6415b2c2cd9f",
	"a6ecf49d-16f2-4945-8442-c8cc93be4d63",
	32,
	1,
	'setz3_given line: 32');
INSERT INTO ACT_TFM
	VALUES ("9f1859a7-42e8-40d4-b46d-e83ec357af96",
	"08064e1a-888f-4d00-a98e-bcce7359c03d",
	"00000000-0000-0000-0000-000000000000",
	32,
	7,
	32,
	1);
INSERT INTO ACT_SMT
	VALUES ("a6ecf49d-16f2-4945-8442-c8cc93be4d63",
	"f45c35b9-d313-4faa-a486-6415b2c2cd9f",
	"dc69ea32-dcc5-40bb-a1b5-80b138752088",
	33,
	1,
	'setz3_given line: 33');
INSERT INTO ACT_TFM
	VALUES ("a6ecf49d-16f2-4945-8442-c8cc93be4d63",
	"08064e1a-888f-4d00-a98e-bcce7359c03d",
	"00000000-0000-0000-0000-000000000000",
	33,
	7,
	33,
	1);
INSERT INTO ACT_SMT
	VALUES ("dc69ea32-dcc5-40bb-a1b5-80b138752088",
	"f45c35b9-d313-4faa-a486-6415b2c2cd9f",
	"d6019c52-24ac-4a11-a238-a39bc3043351",
	35,
	1,
	'setz3_given line: 35');
INSERT INTO ACT_TFM
	VALUES ("dc69ea32-dcc5-40bb-a1b5-80b138752088",
	"08064e1a-888f-4d00-a98e-bcce7359c03d",
	"00000000-0000-0000-0000-000000000000",
	35,
	7,
	35,
	1);
INSERT INTO ACT_SMT
	VALUES ("d6019c52-24ac-4a11-a238-a39bc3043351",
	"f45c35b9-d313-4faa-a486-6415b2c2cd9f",
	"13486d6e-61d1-4c02-8cf8-4e9d9137f719",
	36,
	1,
	'setz3_given line: 36');
INSERT INTO ACT_TFM
	VALUES ("d6019c52-24ac-4a11-a238-a39bc3043351",
	"08064e1a-888f-4d00-a98e-bcce7359c03d",
	"00000000-0000-0000-0000-000000000000",
	36,
	7,
	36,
	1);
INSERT INTO ACT_SMT
	VALUES ("13486d6e-61d1-4c02-8cf8-4e9d9137f719",
	"f45c35b9-d313-4faa-a486-6415b2c2cd9f",
	"00000000-0000-0000-0000-000000000000",
	37,
	1,
	'setz3_given line: 37');
INSERT INTO ACT_TFM
	VALUES ("13486d6e-61d1-4c02-8cf8-4e9d9137f719",
	"08064e1a-888f-4d00-a98e-bcce7359c03d",
	"00000000-0000-0000-0000-000000000000",
	37,
	7,
	37,
	1);
INSERT INTO V_VAL
	VALUES ("92bc3ef1-48dd-42ad-9ed0-6e423a87b2f6",
	0,
	0,
	2,
	22,
	22,
	0,
	0,
	0,
	0,
	"811f1dd7-74f0-407e-b449-939d0de5ee8d",
	"f45c35b9-d313-4faa-a486-6415b2c2cd9f");
INSERT INTO V_LIN
	VALUES ("92bc3ef1-48dd-42ad-9ed0-6e423a87b2f6",
	'1');
INSERT INTO V_PAR
	VALUES ("92bc3ef1-48dd-42ad-9ed0-6e423a87b2f6",
	"41b99459-3bac-4dd5-bb82-0686c595e14e",
	"00000000-0000-0000-0000-000000000000",
	'row',
	"709908af-e581-46c0-916e-86dc7b8a89af",
	2,
	18);
INSERT INTO V_VAL
	VALUES ("709908af-e581-46c0-916e-86dc7b8a89af",
	0,
	0,
	2,
	32,
	32,
	0,
	0,
	0,
	0,
	"811f1dd7-74f0-407e-b449-939d0de5ee8d",
	"f45c35b9-d313-4faa-a486-6415b2c2cd9f");
INSERT INTO V_LIN
	VALUES ("709908af-e581-46c0-916e-86dc7b8a89af",
	'2');
INSERT INTO V_PAR
	VALUES ("709908af-e581-46c0-916e-86dc7b8a89af",
	"41b99459-3bac-4dd5-bb82-0686c595e14e",
	"00000000-0000-0000-0000-000000000000",
	'column',
	"b4f74303-cd3b-442a-af9d-bb01d9650607",
	2,
	25);
INSERT INTO V_VAL
	VALUES ("b4f74303-cd3b-442a-af9d-bb01d9650607",
	0,
	0,
	2,
	42,
	42,
	0,
	0,
	0,
	0,
	"811f1dd7-74f0-407e-b449-939d0de5ee8d",
	"f45c35b9-d313-4faa-a486-6415b2c2cd9f");
INSERT INTO V_LIN
	VALUES ("b4f74303-cd3b-442a-af9d-bb01d9650607",
	'9');
INSERT INTO V_PAR
	VALUES ("b4f74303-cd3b-442a-af9d-bb01d9650607",
	"41b99459-3bac-4dd5-bb82-0686c595e14e",
	"00000000-0000-0000-0000-000000000000",
	'answer',
	"00000000-0000-0000-0000-000000000000",
	2,
	35);
INSERT INTO V_VAL
	VALUES ("aff6b177-45bd-493c-abd2-61a0f215a327",
	0,
	0,
	3,
	22,
	22,
	0,
	0,
	0,
	0,
	"811f1dd7-74f0-407e-b449-939d0de5ee8d",
	"f45c35b9-d313-4faa-a486-6415b2c2cd9f");
INSERT INTO V_LIN
	VALUES ("aff6b177-45bd-493c-abd2-61a0f215a327",
	'1');
INSERT INTO V_PAR
	VALUES ("aff6b177-45bd-493c-abd2-61a0f215a327",
	"77de2fb3-6526-43a7-b0ca-5d6b164574b7",
	"00000000-0000-0000-0000-000000000000",
	'row',
	"742c9cbf-7b69-4494-ba60-e0439edfaf0f",
	3,
	18);
INSERT INTO V_VAL
	VALUES ("742c9cbf-7b69-4494-ba60-e0439edfaf0f",
	0,
	0,
	3,
	32,
	32,
	0,
	0,
	0,
	0,
	"811f1dd7-74f0-407e-b449-939d0de5ee8d",
	"f45c35b9-d313-4faa-a486-6415b2c2cd9f");
INSERT INTO V_LIN
	VALUES ("742c9cbf-7b69-4494-ba60-e0439edfaf0f",
	'5');
INSERT INTO V_PAR
	VALUES ("742c9cbf-7b69-4494-ba60-e0439edfaf0f",
	"77de2fb3-6526-43a7-b0ca-5d6b164574b7",
	"00000000-0000-0000-0000-000000000000",
	'column',
	"5af5ec7e-5630-466c-a93d-09d856302f08",
	3,
	25);
INSERT INTO V_VAL
	VALUES ("5af5ec7e-5630-466c-a93d-09d856302f08",
	0,
	0,
	3,
	42,
	42,
	0,
	0,
	0,
	0,
	"811f1dd7-74f0-407e-b449-939d0de5ee8d",
	"f45c35b9-d313-4faa-a486-6415b2c2cd9f");
INSERT INTO V_LIN
	VALUES ("5af5ec7e-5630-466c-a93d-09d856302f08",
	'6');
INSERT INTO V_PAR
	VALUES ("5af5ec7e-5630-466c-a93d-09d856302f08",
	"77de2fb3-6526-43a7-b0ca-5d6b164574b7",
	"00000000-0000-0000-0000-000000000000",
	'answer',
	"00000000-0000-0000-0000-000000000000",
	3,
	35);
INSERT INTO V_VAL
	VALUES ("2b76738c-703a-4404-b1e7-8dbccf8dc97d",
	0,
	0,
	4,
	22,
	22,
	0,
	0,
	0,
	0,
	"811f1dd7-74f0-407e-b449-939d0de5ee8d",
	"f45c35b9-d313-4faa-a486-6415b2c2cd9f");
INSERT INTO V_LIN
	VALUES ("2b76738c-703a-4404-b1e7-8dbccf8dc97d",
	'1');
INSERT INTO V_PAR
	VALUES ("2b76738c-703a-4404-b1e7-8dbccf8dc97d",
	"ee69c3bf-e93d-4746-88b3-af22046dff6f",
	"00000000-0000-0000-0000-000000000000",
	'row',
	"628fd276-ac99-4e81-897b-2e57139ff049",
	4,
	18);
INSERT INTO V_VAL
	VALUES ("628fd276-ac99-4e81-897b-2e57139ff049",
	0,
	0,
	4,
	32,
	32,
	0,
	0,
	0,
	0,
	"811f1dd7-74f0-407e-b449-939d0de5ee8d",
	"f45c35b9-d313-4faa-a486-6415b2c2cd9f");
INSERT INTO V_LIN
	VALUES ("628fd276-ac99-4e81-897b-2e57139ff049",
	'6');
INSERT INTO V_PAR
	VALUES ("628fd276-ac99-4e81-897b-2e57139ff049",
	"ee69c3bf-e93d-4746-88b3-af22046dff6f",
	"00000000-0000-0000-0000-000000000000",
	'column',
	"80aeaa88-ce2f-4fe6-b7c9-214bc062c29e",
	4,
	25);
INSERT INTO V_VAL
	VALUES ("80aeaa88-ce2f-4fe6-b7c9-214bc062c29e",
	0,
	0,
	4,
	42,
	42,
	0,
	0,
	0,
	0,
	"811f1dd7-74f0-407e-b449-939d0de5ee8d",
	"f45c35b9-d313-4faa-a486-6415b2c2cd9f");
INSERT INTO V_LIN
	VALUES ("80aeaa88-ce2f-4fe6-b7c9-214bc062c29e",
	'5');
INSERT INTO V_PAR
	VALUES ("80aeaa88-ce2f-4fe6-b7c9-214bc062c29e",
	"ee69c3bf-e93d-4746-88b3-af22046dff6f",
	"00000000-0000-0000-0000-000000000000",
	'answer',
	"00000000-0000-0000-0000-000000000000",
	4,
	35);
INSERT INTO V_VAL
	VALUES ("ae41336f-741c-4e7a-83e3-d00555f3cc26",
	0,
	0,
	6,
	22,
	22,
	0,
	0,
	0,
	0,
	"811f1dd7-74f0-407e-b449-939d0de5ee8d",
	"f45c35b9-d313-4faa-a486-6415b2c2cd9f");
INSERT INTO V_LIN
	VALUES ("ae41336f-741c-4e7a-83e3-d00555f3cc26",
	'2');
INSERT INTO V_PAR
	VALUES ("ae41336f-741c-4e7a-83e3-d00555f3cc26",
	"7871e8ea-ee80-4623-8ca7-a03222f827bb",
	"00000000-0000-0000-0000-000000000000",
	'row',
	"23735c7c-e6e6-4641-84b7-de49d7b96fe5",
	6,
	18);
INSERT INTO V_VAL
	VALUES ("23735c7c-e6e6-4641-84b7-de49d7b96fe5",
	0,
	0,
	6,
	32,
	32,
	0,
	0,
	0,
	0,
	"811f1dd7-74f0-407e-b449-939d0de5ee8d",
	"f45c35b9-d313-4faa-a486-6415b2c2cd9f");
INSERT INTO V_LIN
	VALUES ("23735c7c-e6e6-4641-84b7-de49d7b96fe5",
	'4');
INSERT INTO V_PAR
	VALUES ("23735c7c-e6e6-4641-84b7-de49d7b96fe5",
	"7871e8ea-ee80-4623-8ca7-a03222f827bb",
	"00000000-0000-0000-0000-000000000000",
	'column',
	"6fc14cd2-25ba-4c33-9dde-cffac10f5a64",
	6,
	25);
INSERT INTO V_VAL
	VALUES ("6fc14cd2-25ba-4c33-9dde-cffac10f5a64",
	0,
	0,
	6,
	42,
	42,
	0,
	0,
	0,
	0,
	"811f1dd7-74f0-407e-b449-939d0de5ee8d",
	"f45c35b9-d313-4faa-a486-6415b2c2cd9f");
INSERT INTO V_LIN
	VALUES ("6fc14cd2-25ba-4c33-9dde-cffac10f5a64",
	'3');
INSERT INTO V_PAR
	VALUES ("6fc14cd2-25ba-4c33-9dde-cffac10f5a64",
	"7871e8ea-ee80-4623-8ca7-a03222f827bb",
	"00000000-0000-0000-0000-000000000000",
	'answer',
	"00000000-0000-0000-0000-000000000000",
	6,
	35);
INSERT INTO V_VAL
	VALUES ("bc33362c-42b6-493e-a320-015acad8d185",
	0,
	0,
	7,
	22,
	22,
	0,
	0,
	0,
	0,
	"811f1dd7-74f0-407e-b449-939d0de5ee8d",
	"f45c35b9-d313-4faa-a486-6415b2c2cd9f");
INSERT INTO V_LIN
	VALUES ("bc33362c-42b6-493e-a320-015acad8d185",
	'2');
INSERT INTO V_PAR
	VALUES ("bc33362c-42b6-493e-a320-015acad8d185",
	"f4dd80f6-581b-4a01-a0a7-517006461a58",
	"00000000-0000-0000-0000-000000000000",
	'row',
	"886ae09b-67ff-4dd2-9174-bfe2c56409fc",
	7,
	18);
INSERT INTO V_VAL
	VALUES ("886ae09b-67ff-4dd2-9174-bfe2c56409fc",
	0,
	0,
	7,
	32,
	32,
	0,
	0,
	0,
	0,
	"811f1dd7-74f0-407e-b449-939d0de5ee8d",
	"f45c35b9-d313-4faa-a486-6415b2c2cd9f");
INSERT INTO V_LIN
	VALUES ("886ae09b-67ff-4dd2-9174-bfe2c56409fc",
	'7');
INSERT INTO V_PAR
	VALUES ("886ae09b-67ff-4dd2-9174-bfe2c56409fc",
	"f4dd80f6-581b-4a01-a0a7-517006461a58",
	"00000000-0000-0000-0000-000000000000",
	'column',
	"f804a61a-55f3-42a6-9639-1242ef53ff1b",
	7,
	25);
INSERT INTO V_VAL
	VALUES ("f804a61a-55f3-42a6-9639-1242ef53ff1b",
	0,
	0,
	7,
	42,
	42,
	0,
	0,
	0,
	0,
	"811f1dd7-74f0-407e-b449-939d0de5ee8d",
	"f45c35b9-d313-4faa-a486-6415b2c2cd9f");
INSERT INTO V_LIN
	VALUES ("f804a61a-55f3-42a6-9639-1242ef53ff1b",
	'4');
INSERT INTO V_PAR
	VALUES ("f804a61a-55f3-42a6-9639-1242ef53ff1b",
	"f4dd80f6-581b-4a01-a0a7-517006461a58",
	"00000000-0000-0000-0000-000000000000",
	'answer',
	"00000000-0000-0000-0000-000000000000",
	7,
	35);
INSERT INTO V_VAL
	VALUES ("1788236c-10e2-48f3-8efa-87346292d7c4",
	0,
	0,
	8,
	22,
	22,
	0,
	0,
	0,
	0,
	"811f1dd7-74f0-407e-b449-939d0de5ee8d",
	"f45c35b9-d313-4faa-a486-6415b2c2cd9f");
INSERT INTO V_LIN
	VALUES ("1788236c-10e2-48f3-8efa-87346292d7c4",
	'2');
INSERT INTO V_PAR
	VALUES ("1788236c-10e2-48f3-8efa-87346292d7c4",
	"f08ab09f-994d-4d78-b008-736d632f71dd",
	"00000000-0000-0000-0000-000000000000",
	'row',
	"7dd1f8f9-32e8-4b98-a720-ac2785e6a7d7",
	8,
	18);
INSERT INTO V_VAL
	VALUES ("7dd1f8f9-32e8-4b98-a720-ac2785e6a7d7",
	0,
	0,
	8,
	32,
	32,
	0,
	0,
	0,
	0,
	"811f1dd7-74f0-407e-b449-939d0de5ee8d",
	"f45c35b9-d313-4faa-a486-6415b2c2cd9f");
INSERT INTO V_LIN
	VALUES ("7dd1f8f9-32e8-4b98-a720-ac2785e6a7d7",
	'8');
INSERT INTO V_PAR
	VALUES ("7dd1f8f9-32e8-4b98-a720-ac2785e6a7d7",
	"f08ab09f-994d-4d78-b008-736d632f71dd",
	"00000000-0000-0000-0000-000000000000",
	'column',
	"699ccde0-4778-41a9-a88b-3ea182f5cec5",
	8,
	25);
INSERT INTO V_VAL
	VALUES ("699ccde0-4778-41a9-a88b-3ea182f5cec5",
	0,
	0,
	8,
	42,
	42,
	0,
	0,
	0,
	0,
	"811f1dd7-74f0-407e-b449-939d0de5ee8d",
	"f45c35b9-d313-4faa-a486-6415b2c2cd9f");
INSERT INTO V_LIN
	VALUES ("699ccde0-4778-41a9-a88b-3ea182f5cec5",
	'9');
INSERT INTO V_PAR
	VALUES ("699ccde0-4778-41a9-a88b-3ea182f5cec5",
	"f08ab09f-994d-4d78-b008-736d632f71dd",
	"00000000-0000-0000-0000-000000000000",
	'answer',
	"00000000-0000-0000-0000-000000000000",
	8,
	35);
INSERT INTO V_VAL
	VALUES ("799bcb39-4496-4b84-bc1a-92e7fc465051",
	0,
	0,
	10,
	22,
	22,
	0,
	0,
	0,
	0,
	"811f1dd7-74f0-407e-b449-939d0de5ee8d",
	"f45c35b9-d313-4faa-a486-6415b2c2cd9f");
INSERT INTO V_LIN
	VALUES ("799bcb39-4496-4b84-bc1a-92e7fc465051",
	'3');
INSERT INTO V_PAR
	VALUES ("799bcb39-4496-4b84-bc1a-92e7fc465051",
	"a12ee20e-08c6-4add-ab98-698adba605ca",
	"00000000-0000-0000-0000-000000000000",
	'row',
	"32c34f6f-d178-4b62-8fbf-98a1602deab9",
	10,
	18);
INSERT INTO V_VAL
	VALUES ("32c34f6f-d178-4b62-8fbf-98a1602deab9",
	0,
	0,
	10,
	32,
	32,
	0,
	0,
	0,
	0,
	"811f1dd7-74f0-407e-b449-939d0de5ee8d",
	"f45c35b9-d313-4faa-a486-6415b2c2cd9f");
INSERT INTO V_LIN
	VALUES ("32c34f6f-d178-4b62-8fbf-98a1602deab9",
	'2');
INSERT INTO V_PAR
	VALUES ("32c34f6f-d178-4b62-8fbf-98a1602deab9",
	"a12ee20e-08c6-4add-ab98-698adba605ca",
	"00000000-0000-0000-0000-000000000000",
	'column',
	"17a7660d-e97a-44e2-ae15-4bdc87ebfb0e",
	10,
	25);
INSERT INTO V_VAL
	VALUES ("17a7660d-e97a-44e2-ae15-4bdc87ebfb0e",
	0,
	0,
	10,
	42,
	42,
	0,
	0,
	0,
	0,
	"811f1dd7-74f0-407e-b449-939d0de5ee8d",
	"f45c35b9-d313-4faa-a486-6415b2c2cd9f");
INSERT INTO V_LIN
	VALUES ("17a7660d-e97a-44e2-ae15-4bdc87ebfb0e",
	'8');
INSERT INTO V_PAR
	VALUES ("17a7660d-e97a-44e2-ae15-4bdc87ebfb0e",
	"a12ee20e-08c6-4add-ab98-698adba605ca",
	"00000000-0000-0000-0000-000000000000",
	'answer',
	"00000000-0000-0000-0000-000000000000",
	10,
	35);
INSERT INTO V_VAL
	VALUES ("36eb0a35-ed7d-4cbc-a4d3-947340dc22a8",
	0,
	0,
	11,
	22,
	22,
	0,
	0,
	0,
	0,
	"811f1dd7-74f0-407e-b449-939d0de5ee8d",
	"f45c35b9-d313-4faa-a486-6415b2c2cd9f");
INSERT INTO V_LIN
	VALUES ("36eb0a35-ed7d-4cbc-a4d3-947340dc22a8",
	'3');
INSERT INTO V_PAR
	VALUES ("36eb0a35-ed7d-4cbc-a4d3-947340dc22a8",
	"36cd6e11-1876-4d78-9423-4eb0186fb00c",
	"00000000-0000-0000-0000-000000000000",
	'row',
	"36dc2867-4182-4cae-822c-8cd45d0310b8",
	11,
	18);
INSERT INTO V_VAL
	VALUES ("36dc2867-4182-4cae-822c-8cd45d0310b8",
	0,
	0,
	11,
	32,
	32,
	0,
	0,
	0,
	0,
	"811f1dd7-74f0-407e-b449-939d0de5ee8d",
	"f45c35b9-d313-4faa-a486-6415b2c2cd9f");
INSERT INTO V_LIN
	VALUES ("36dc2867-4182-4cae-822c-8cd45d0310b8",
	'3');
INSERT INTO V_PAR
	VALUES ("36dc2867-4182-4cae-822c-8cd45d0310b8",
	"36cd6e11-1876-4d78-9423-4eb0186fb00c",
	"00000000-0000-0000-0000-000000000000",
	'column',
	"c7db3548-41be-4a65-9d2a-844468325101",
	11,
	25);
INSERT INTO V_VAL
	VALUES ("c7db3548-41be-4a65-9d2a-844468325101",
	0,
	0,
	11,
	42,
	42,
	0,
	0,
	0,
	0,
	"811f1dd7-74f0-407e-b449-939d0de5ee8d",
	"f45c35b9-d313-4faa-a486-6415b2c2cd9f");
INSERT INTO V_LIN
	VALUES ("c7db3548-41be-4a65-9d2a-844468325101",
	'3');
INSERT INTO V_PAR
	VALUES ("c7db3548-41be-4a65-9d2a-844468325101",
	"36cd6e11-1876-4d78-9423-4eb0186fb00c",
	"00000000-0000-0000-0000-000000000000",
	'answer',
	"00000000-0000-0000-0000-000000000000",
	11,
	35);
INSERT INTO V_VAL
	VALUES ("63f59069-2a8d-4ae8-bc71-c34481b06933",
	0,
	0,
	12,
	22,
	22,
	0,
	0,
	0,
	0,
	"811f1dd7-74f0-407e-b449-939d0de5ee8d",
	"f45c35b9-d313-4faa-a486-6415b2c2cd9f");
INSERT INTO V_LIN
	VALUES ("63f59069-2a8d-4ae8-bc71-c34481b06933",
	'3');
INSERT INTO V_PAR
	VALUES ("63f59069-2a8d-4ae8-bc71-c34481b06933",
	"942aeaeb-0328-4bc0-a1b9-596f51a09aa2",
	"00000000-0000-0000-0000-000000000000",
	'row',
	"0ef8ad48-3a74-4f87-b3f6-f1b441d75763",
	12,
	18);
INSERT INTO V_VAL
	VALUES ("0ef8ad48-3a74-4f87-b3f6-f1b441d75763",
	0,
	0,
	12,
	32,
	32,
	0,
	0,
	0,
	0,
	"811f1dd7-74f0-407e-b449-939d0de5ee8d",
	"f45c35b9-d313-4faa-a486-6415b2c2cd9f");
INSERT INTO V_LIN
	VALUES ("0ef8ad48-3a74-4f87-b3f6-f1b441d75763",
	'7');
INSERT INTO V_PAR
	VALUES ("0ef8ad48-3a74-4f87-b3f6-f1b441d75763",
	"942aeaeb-0328-4bc0-a1b9-596f51a09aa2",
	"00000000-0000-0000-0000-000000000000",
	'column',
	"987f3c53-1032-4635-aad5-5a1a9bf8cefe",
	12,
	25);
INSERT INTO V_VAL
	VALUES ("987f3c53-1032-4635-aad5-5a1a9bf8cefe",
	0,
	0,
	12,
	42,
	42,
	0,
	0,
	0,
	0,
	"811f1dd7-74f0-407e-b449-939d0de5ee8d",
	"f45c35b9-d313-4faa-a486-6415b2c2cd9f");
INSERT INTO V_LIN
	VALUES ("987f3c53-1032-4635-aad5-5a1a9bf8cefe",
	'2');
INSERT INTO V_PAR
	VALUES ("987f3c53-1032-4635-aad5-5a1a9bf8cefe",
	"942aeaeb-0328-4bc0-a1b9-596f51a09aa2",
	"00000000-0000-0000-0000-000000000000",
	'answer',
	"00000000-0000-0000-0000-000000000000",
	12,
	35);
INSERT INTO V_VAL
	VALUES ("dcabdb32-600e-4cd0-8754-542eb5370fb3",
	0,
	0,
	14,
	22,
	22,
	0,
	0,
	0,
	0,
	"811f1dd7-74f0-407e-b449-939d0de5ee8d",
	"f45c35b9-d313-4faa-a486-6415b2c2cd9f");
INSERT INTO V_LIN
	VALUES ("dcabdb32-600e-4cd0-8754-542eb5370fb3",
	'4');
INSERT INTO V_PAR
	VALUES ("dcabdb32-600e-4cd0-8754-542eb5370fb3",
	"e526950b-db55-4ae0-b8a9-b3a298613ec8",
	"00000000-0000-0000-0000-000000000000",
	'row',
	"61488322-36da-486a-98f2-25450de73c36",
	14,
	18);
INSERT INTO V_VAL
	VALUES ("61488322-36da-486a-98f2-25450de73c36",
	0,
	0,
	14,
	32,
	32,
	0,
	0,
	0,
	0,
	"811f1dd7-74f0-407e-b449-939d0de5ee8d",
	"f45c35b9-d313-4faa-a486-6415b2c2cd9f");
INSERT INTO V_LIN
	VALUES ("61488322-36da-486a-98f2-25450de73c36",
	'1');
INSERT INTO V_PAR
	VALUES ("61488322-36da-486a-98f2-25450de73c36",
	"e526950b-db55-4ae0-b8a9-b3a298613ec8",
	"00000000-0000-0000-0000-000000000000",
	'column',
	"a4ee0065-b874-4ee9-8d70-ec76b3067cfa",
	14,
	25);
INSERT INTO V_VAL
	VALUES ("a4ee0065-b874-4ee9-8d70-ec76b3067cfa",
	0,
	0,
	14,
	42,
	42,
	0,
	0,
	0,
	0,
	"811f1dd7-74f0-407e-b449-939d0de5ee8d",
	"f45c35b9-d313-4faa-a486-6415b2c2cd9f");
INSERT INTO V_LIN
	VALUES ("a4ee0065-b874-4ee9-8d70-ec76b3067cfa",
	'3');
INSERT INTO V_PAR
	VALUES ("a4ee0065-b874-4ee9-8d70-ec76b3067cfa",
	"e526950b-db55-4ae0-b8a9-b3a298613ec8",
	"00000000-0000-0000-0000-000000000000",
	'answer',
	"00000000-0000-0000-0000-000000000000",
	14,
	35);
INSERT INTO V_VAL
	VALUES ("660cfd7f-bdbf-4fbc-88fb-af065758bca9",
	0,
	0,
	15,
	22,
	22,
	0,
	0,
	0,
	0,
	"811f1dd7-74f0-407e-b449-939d0de5ee8d",
	"f45c35b9-d313-4faa-a486-6415b2c2cd9f");
INSERT INTO V_LIN
	VALUES ("660cfd7f-bdbf-4fbc-88fb-af065758bca9",
	'4');
INSERT INTO V_PAR
	VALUES ("660cfd7f-bdbf-4fbc-88fb-af065758bca9",
	"bb853966-03c8-4d4b-843d-c7755fa249e5",
	"00000000-0000-0000-0000-000000000000",
	'row',
	"cad2afe3-faaf-4e56-b617-d3d43fcb5161",
	15,
	18);
INSERT INTO V_VAL
	VALUES ("cad2afe3-faaf-4e56-b617-d3d43fcb5161",
	0,
	0,
	15,
	32,
	32,
	0,
	0,
	0,
	0,
	"811f1dd7-74f0-407e-b449-939d0de5ee8d",
	"f45c35b9-d313-4faa-a486-6415b2c2cd9f");
INSERT INTO V_LIN
	VALUES ("cad2afe3-faaf-4e56-b617-d3d43fcb5161",
	'4');
INSERT INTO V_PAR
	VALUES ("cad2afe3-faaf-4e56-b617-d3d43fcb5161",
	"bb853966-03c8-4d4b-843d-c7755fa249e5",
	"00000000-0000-0000-0000-000000000000",
	'column',
	"4dcab20b-7bab-48d1-a8ab-3c10df8fef6a",
	15,
	25);
INSERT INTO V_VAL
	VALUES ("4dcab20b-7bab-48d1-a8ab-3c10df8fef6a",
	0,
	0,
	15,
	42,
	42,
	0,
	0,
	0,
	0,
	"811f1dd7-74f0-407e-b449-939d0de5ee8d",
	"f45c35b9-d313-4faa-a486-6415b2c2cd9f");
INSERT INTO V_LIN
	VALUES ("4dcab20b-7bab-48d1-a8ab-3c10df8fef6a",
	'8');
INSERT INTO V_PAR
	VALUES ("4dcab20b-7bab-48d1-a8ab-3c10df8fef6a",
	"bb853966-03c8-4d4b-843d-c7755fa249e5",
	"00000000-0000-0000-0000-000000000000",
	'answer',
	"00000000-0000-0000-0000-000000000000",
	15,
	35);
INSERT INTO V_VAL
	VALUES ("13560efd-0ed0-4155-aaef-d71a3f15704d",
	0,
	0,
	16,
	22,
	22,
	0,
	0,
	0,
	0,
	"811f1dd7-74f0-407e-b449-939d0de5ee8d",
	"f45c35b9-d313-4faa-a486-6415b2c2cd9f");
INSERT INTO V_LIN
	VALUES ("13560efd-0ed0-4155-aaef-d71a3f15704d",
	'4');
INSERT INTO V_PAR
	VALUES ("13560efd-0ed0-4155-aaef-d71a3f15704d",
	"e573a818-8792-4cee-935d-d65eef7f375f",
	"00000000-0000-0000-0000-000000000000",
	'row',
	"717a6c30-3fa8-43e0-a837-d91640f4bc90",
	16,
	18);
INSERT INTO V_VAL
	VALUES ("717a6c30-3fa8-43e0-a837-d91640f4bc90",
	0,
	0,
	16,
	32,
	32,
	0,
	0,
	0,
	0,
	"811f1dd7-74f0-407e-b449-939d0de5ee8d",
	"f45c35b9-d313-4faa-a486-6415b2c2cd9f");
INSERT INTO V_LIN
	VALUES ("717a6c30-3fa8-43e0-a837-d91640f4bc90",
	'6');
INSERT INTO V_PAR
	VALUES ("717a6c30-3fa8-43e0-a837-d91640f4bc90",
	"e573a818-8792-4cee-935d-d65eef7f375f",
	"00000000-0000-0000-0000-000000000000",
	'column',
	"3e05dc88-ffd3-41c7-a0c6-f03505c13be9",
	16,
	25);
INSERT INTO V_VAL
	VALUES ("3e05dc88-ffd3-41c7-a0c6-f03505c13be9",
	0,
	0,
	16,
	42,
	42,
	0,
	0,
	0,
	0,
	"811f1dd7-74f0-407e-b449-939d0de5ee8d",
	"f45c35b9-d313-4faa-a486-6415b2c2cd9f");
INSERT INTO V_LIN
	VALUES ("3e05dc88-ffd3-41c7-a0c6-f03505c13be9",
	'4');
INSERT INTO V_PAR
	VALUES ("3e05dc88-ffd3-41c7-a0c6-f03505c13be9",
	"e573a818-8792-4cee-935d-d65eef7f375f",
	"00000000-0000-0000-0000-000000000000",
	'answer',
	"00000000-0000-0000-0000-000000000000",
	16,
	35);
INSERT INTO V_VAL
	VALUES ("85a4bbd4-8174-40aa-8202-20ac4a1f56c1",
	0,
	0,
	17,
	22,
	22,
	0,
	0,
	0,
	0,
	"811f1dd7-74f0-407e-b449-939d0de5ee8d",
	"f45c35b9-d313-4faa-a486-6415b2c2cd9f");
INSERT INTO V_LIN
	VALUES ("85a4bbd4-8174-40aa-8202-20ac4a1f56c1",
	'4');
INSERT INTO V_PAR
	VALUES ("85a4bbd4-8174-40aa-8202-20ac4a1f56c1",
	"f6a8d8e0-e22a-4d9b-bd3b-c5b0f78fd32d",
	"00000000-0000-0000-0000-000000000000",
	'row',
	"a4639c6e-2a03-42ca-b34c-4539e600b0cb",
	17,
	18);
INSERT INTO V_VAL
	VALUES ("a4639c6e-2a03-42ca-b34c-4539e600b0cb",
	0,
	0,
	17,
	32,
	32,
	0,
	0,
	0,
	0,
	"811f1dd7-74f0-407e-b449-939d0de5ee8d",
	"f45c35b9-d313-4faa-a486-6415b2c2cd9f");
INSERT INTO V_LIN
	VALUES ("a4639c6e-2a03-42ca-b34c-4539e600b0cb",
	'9');
INSERT INTO V_PAR
	VALUES ("a4639c6e-2a03-42ca-b34c-4539e600b0cb",
	"f6a8d8e0-e22a-4d9b-bd3b-c5b0f78fd32d",
	"00000000-0000-0000-0000-000000000000",
	'column',
	"be38f154-420f-4206-89f9-74245b22ad09",
	17,
	25);
INSERT INTO V_VAL
	VALUES ("be38f154-420f-4206-89f9-74245b22ad09",
	0,
	0,
	17,
	42,
	42,
	0,
	0,
	0,
	0,
	"811f1dd7-74f0-407e-b449-939d0de5ee8d",
	"f45c35b9-d313-4faa-a486-6415b2c2cd9f");
INSERT INTO V_LIN
	VALUES ("be38f154-420f-4206-89f9-74245b22ad09",
	'6');
INSERT INTO V_PAR
	VALUES ("be38f154-420f-4206-89f9-74245b22ad09",
	"f6a8d8e0-e22a-4d9b-bd3b-c5b0f78fd32d",
	"00000000-0000-0000-0000-000000000000",
	'answer',
	"00000000-0000-0000-0000-000000000000",
	17,
	35);
INSERT INTO V_VAL
	VALUES ("ed4ae0e1-82d7-48be-913b-d1885f1099b3",
	0,
	0,
	19,
	22,
	22,
	0,
	0,
	0,
	0,
	"811f1dd7-74f0-407e-b449-939d0de5ee8d",
	"f45c35b9-d313-4faa-a486-6415b2c2cd9f");
INSERT INTO V_LIN
	VALUES ("ed4ae0e1-82d7-48be-913b-d1885f1099b3",
	'5');
INSERT INTO V_PAR
	VALUES ("ed4ae0e1-82d7-48be-913b-d1885f1099b3",
	"077d4a6c-085d-4078-a673-ddb61e831f2b",
	"00000000-0000-0000-0000-000000000000",
	'row',
	"732a54d5-544d-4936-ae87-842cb4df42d0",
	19,
	18);
INSERT INTO V_VAL
	VALUES ("732a54d5-544d-4936-ae87-842cb4df42d0",
	0,
	0,
	19,
	32,
	32,
	0,
	0,
	0,
	0,
	"811f1dd7-74f0-407e-b449-939d0de5ee8d",
	"f45c35b9-d313-4faa-a486-6415b2c2cd9f");
INSERT INTO V_LIN
	VALUES ("732a54d5-544d-4936-ae87-842cb4df42d0",
	'1');
INSERT INTO V_PAR
	VALUES ("732a54d5-544d-4936-ae87-842cb4df42d0",
	"077d4a6c-085d-4078-a673-ddb61e831f2b",
	"00000000-0000-0000-0000-000000000000",
	'column',
	"55e884c6-5fbe-4847-82bf-494f4ae41236",
	19,
	25);
INSERT INTO V_VAL
	VALUES ("55e884c6-5fbe-4847-82bf-494f4ae41236",
	0,
	0,
	19,
	42,
	42,
	0,
	0,
	0,
	0,
	"811f1dd7-74f0-407e-b449-939d0de5ee8d",
	"f45c35b9-d313-4faa-a486-6415b2c2cd9f");
INSERT INTO V_LIN
	VALUES ("55e884c6-5fbe-4847-82bf-494f4ae41236",
	'1');
INSERT INTO V_PAR
	VALUES ("55e884c6-5fbe-4847-82bf-494f4ae41236",
	"077d4a6c-085d-4078-a673-ddb61e831f2b",
	"00000000-0000-0000-0000-000000000000",
	'answer',
	"00000000-0000-0000-0000-000000000000",
	19,
	35);
INSERT INTO V_VAL
	VALUES ("3c47a123-9bcc-4268-9b41-e1c189eab877",
	0,
	0,
	20,
	22,
	22,
	0,
	0,
	0,
	0,
	"811f1dd7-74f0-407e-b449-939d0de5ee8d",
	"f45c35b9-d313-4faa-a486-6415b2c2cd9f");
INSERT INTO V_LIN
	VALUES ("3c47a123-9bcc-4268-9b41-e1c189eab877",
	'5');
INSERT INTO V_PAR
	VALUES ("3c47a123-9bcc-4268-9b41-e1c189eab877",
	"ba3f1bc8-3116-43ab-a6de-13ca0ee78f27",
	"00000000-0000-0000-0000-000000000000",
	'row',
	"0423a8a0-4526-42a4-b2f7-0ddd0d2d6896",
	20,
	18);
INSERT INTO V_VAL
	VALUES ("0423a8a0-4526-42a4-b2f7-0ddd0d2d6896",
	0,
	0,
	20,
	32,
	32,
	0,
	0,
	0,
	0,
	"811f1dd7-74f0-407e-b449-939d0de5ee8d",
	"f45c35b9-d313-4faa-a486-6415b2c2cd9f");
INSERT INTO V_LIN
	VALUES ("0423a8a0-4526-42a4-b2f7-0ddd0d2d6896",
	'9');
INSERT INTO V_PAR
	VALUES ("0423a8a0-4526-42a4-b2f7-0ddd0d2d6896",
	"ba3f1bc8-3116-43ab-a6de-13ca0ee78f27",
	"00000000-0000-0000-0000-000000000000",
	'column',
	"1c142fff-5687-4500-935a-1814093d7a3b",
	20,
	25);
INSERT INTO V_VAL
	VALUES ("1c142fff-5687-4500-935a-1814093d7a3b",
	0,
	0,
	20,
	42,
	42,
	0,
	0,
	0,
	0,
	"811f1dd7-74f0-407e-b449-939d0de5ee8d",
	"f45c35b9-d313-4faa-a486-6415b2c2cd9f");
INSERT INTO V_LIN
	VALUES ("1c142fff-5687-4500-935a-1814093d7a3b",
	'7');
INSERT INTO V_PAR
	VALUES ("1c142fff-5687-4500-935a-1814093d7a3b",
	"ba3f1bc8-3116-43ab-a6de-13ca0ee78f27",
	"00000000-0000-0000-0000-000000000000",
	'answer',
	"00000000-0000-0000-0000-000000000000",
	20,
	35);
INSERT INTO V_VAL
	VALUES ("7e659f15-cb4e-4ffe-b0f4-3a769035043f",
	0,
	0,
	22,
	22,
	22,
	0,
	0,
	0,
	0,
	"811f1dd7-74f0-407e-b449-939d0de5ee8d",
	"f45c35b9-d313-4faa-a486-6415b2c2cd9f");
INSERT INTO V_LIN
	VALUES ("7e659f15-cb4e-4ffe-b0f4-3a769035043f",
	'6');
INSERT INTO V_PAR
	VALUES ("7e659f15-cb4e-4ffe-b0f4-3a769035043f",
	"63fa444f-7e92-4060-927a-9f8fb0e64fbf",
	"00000000-0000-0000-0000-000000000000",
	'row',
	"91851681-fd6d-4d08-8b9b-485536269fef",
	22,
	18);
INSERT INTO V_VAL
	VALUES ("91851681-fd6d-4d08-8b9b-485536269fef",
	0,
	0,
	22,
	32,
	32,
	0,
	0,
	0,
	0,
	"811f1dd7-74f0-407e-b449-939d0de5ee8d",
	"f45c35b9-d313-4faa-a486-6415b2c2cd9f");
INSERT INTO V_LIN
	VALUES ("91851681-fd6d-4d08-8b9b-485536269fef",
	'1');
INSERT INTO V_PAR
	VALUES ("91851681-fd6d-4d08-8b9b-485536269fef",
	"63fa444f-7e92-4060-927a-9f8fb0e64fbf",
	"00000000-0000-0000-0000-000000000000",
	'column',
	"655506db-0c57-4872-b316-2cb18db66402",
	22,
	25);
INSERT INTO V_VAL
	VALUES ("655506db-0c57-4872-b316-2cb18db66402",
	0,
	0,
	22,
	42,
	42,
	0,
	0,
	0,
	0,
	"811f1dd7-74f0-407e-b449-939d0de5ee8d",
	"f45c35b9-d313-4faa-a486-6415b2c2cd9f");
INSERT INTO V_LIN
	VALUES ("655506db-0c57-4872-b316-2cb18db66402",
	'5');
INSERT INTO V_PAR
	VALUES ("655506db-0c57-4872-b316-2cb18db66402",
	"63fa444f-7e92-4060-927a-9f8fb0e64fbf",
	"00000000-0000-0000-0000-000000000000",
	'answer',
	"00000000-0000-0000-0000-000000000000",
	22,
	35);
INSERT INTO V_VAL
	VALUES ("a1fc55d6-cde0-455a-82d9-b539ce526e15",
	0,
	0,
	23,
	22,
	22,
	0,
	0,
	0,
	0,
	"811f1dd7-74f0-407e-b449-939d0de5ee8d",
	"f45c35b9-d313-4faa-a486-6415b2c2cd9f");
INSERT INTO V_LIN
	VALUES ("a1fc55d6-cde0-455a-82d9-b539ce526e15",
	'6');
INSERT INTO V_PAR
	VALUES ("a1fc55d6-cde0-455a-82d9-b539ce526e15",
	"db4eea02-69c2-45ea-b44e-4f238de8b63d",
	"00000000-0000-0000-0000-000000000000",
	'row',
	"018aee53-57d0-4ff6-9054-ee21294fb5f8",
	23,
	18);
INSERT INTO V_VAL
	VALUES ("018aee53-57d0-4ff6-9054-ee21294fb5f8",
	0,
	0,
	23,
	32,
	32,
	0,
	0,
	0,
	0,
	"811f1dd7-74f0-407e-b449-939d0de5ee8d",
	"f45c35b9-d313-4faa-a486-6415b2c2cd9f");
INSERT INTO V_LIN
	VALUES ("018aee53-57d0-4ff6-9054-ee21294fb5f8",
	'4');
INSERT INTO V_PAR
	VALUES ("018aee53-57d0-4ff6-9054-ee21294fb5f8",
	"db4eea02-69c2-45ea-b44e-4f238de8b63d",
	"00000000-0000-0000-0000-000000000000",
	'column',
	"94f6858f-c222-4f04-a762-b37a8a51e338",
	23,
	25);
INSERT INTO V_VAL
	VALUES ("94f6858f-c222-4f04-a762-b37a8a51e338",
	0,
	0,
	23,
	42,
	42,
	0,
	0,
	0,
	0,
	"811f1dd7-74f0-407e-b449-939d0de5ee8d",
	"f45c35b9-d313-4faa-a486-6415b2c2cd9f");
INSERT INTO V_LIN
	VALUES ("94f6858f-c222-4f04-a762-b37a8a51e338",
	'2');
INSERT INTO V_PAR
	VALUES ("94f6858f-c222-4f04-a762-b37a8a51e338",
	"db4eea02-69c2-45ea-b44e-4f238de8b63d",
	"00000000-0000-0000-0000-000000000000",
	'answer',
	"00000000-0000-0000-0000-000000000000",
	23,
	35);
INSERT INTO V_VAL
	VALUES ("330b0a2d-f05d-4734-813e-343a59af6eb8",
	0,
	0,
	24,
	22,
	22,
	0,
	0,
	0,
	0,
	"811f1dd7-74f0-407e-b449-939d0de5ee8d",
	"f45c35b9-d313-4faa-a486-6415b2c2cd9f");
INSERT INTO V_LIN
	VALUES ("330b0a2d-f05d-4734-813e-343a59af6eb8",
	'6');
INSERT INTO V_PAR
	VALUES ("330b0a2d-f05d-4734-813e-343a59af6eb8",
	"c983e71d-a810-4487-b6e0-23476c633665",
	"00000000-0000-0000-0000-000000000000",
	'row',
	"c69d459c-0425-4ea2-8f0d-699e64f20b85",
	24,
	18);
INSERT INTO V_VAL
	VALUES ("c69d459c-0425-4ea2-8f0d-699e64f20b85",
	0,
	0,
	24,
	32,
	32,
	0,
	0,
	0,
	0,
	"811f1dd7-74f0-407e-b449-939d0de5ee8d",
	"f45c35b9-d313-4faa-a486-6415b2c2cd9f");
INSERT INTO V_LIN
	VALUES ("c69d459c-0425-4ea2-8f0d-699e64f20b85",
	'6');
INSERT INTO V_PAR
	VALUES ("c69d459c-0425-4ea2-8f0d-699e64f20b85",
	"c983e71d-a810-4487-b6e0-23476c633665",
	"00000000-0000-0000-0000-000000000000",
	'column',
	"b5f29aa7-d245-45eb-a81c-98f310010018",
	24,
	25);
INSERT INTO V_VAL
	VALUES ("b5f29aa7-d245-45eb-a81c-98f310010018",
	0,
	0,
	24,
	42,
	42,
	0,
	0,
	0,
	0,
	"811f1dd7-74f0-407e-b449-939d0de5ee8d",
	"f45c35b9-d313-4faa-a486-6415b2c2cd9f");
INSERT INTO V_LIN
	VALUES ("b5f29aa7-d245-45eb-a81c-98f310010018",
	'3');
INSERT INTO V_PAR
	VALUES ("b5f29aa7-d245-45eb-a81c-98f310010018",
	"c983e71d-a810-4487-b6e0-23476c633665",
	"00000000-0000-0000-0000-000000000000",
	'answer',
	"00000000-0000-0000-0000-000000000000",
	24,
	35);
INSERT INTO V_VAL
	VALUES ("c37ebf7c-ab17-476e-9926-5501f85256c7",
	0,
	0,
	25,
	22,
	22,
	0,
	0,
	0,
	0,
	"811f1dd7-74f0-407e-b449-939d0de5ee8d",
	"f45c35b9-d313-4faa-a486-6415b2c2cd9f");
INSERT INTO V_LIN
	VALUES ("c37ebf7c-ab17-476e-9926-5501f85256c7",
	'6');
INSERT INTO V_PAR
	VALUES ("c37ebf7c-ab17-476e-9926-5501f85256c7",
	"fd135e63-ddd9-40ef-8693-b367493b9839",
	"00000000-0000-0000-0000-000000000000",
	'row',
	"488d0611-00be-4d86-b9d2-b510c6cb7800",
	25,
	18);
INSERT INTO V_VAL
	VALUES ("488d0611-00be-4d86-b9d2-b510c6cb7800",
	0,
	0,
	25,
	32,
	32,
	0,
	0,
	0,
	0,
	"811f1dd7-74f0-407e-b449-939d0de5ee8d",
	"f45c35b9-d313-4faa-a486-6415b2c2cd9f");
INSERT INTO V_LIN
	VALUES ("488d0611-00be-4d86-b9d2-b510c6cb7800",
	'9');
INSERT INTO V_PAR
	VALUES ("488d0611-00be-4d86-b9d2-b510c6cb7800",
	"fd135e63-ddd9-40ef-8693-b367493b9839",
	"00000000-0000-0000-0000-000000000000",
	'column',
	"233a203a-7441-468d-be4b-67e32fa44c1e",
	25,
	25);
INSERT INTO V_VAL
	VALUES ("233a203a-7441-468d-be4b-67e32fa44c1e",
	0,
	0,
	25,
	42,
	42,
	0,
	0,
	0,
	0,
	"811f1dd7-74f0-407e-b449-939d0de5ee8d",
	"f45c35b9-d313-4faa-a486-6415b2c2cd9f");
INSERT INTO V_LIN
	VALUES ("233a203a-7441-468d-be4b-67e32fa44c1e",
	'9');
INSERT INTO V_PAR
	VALUES ("233a203a-7441-468d-be4b-67e32fa44c1e",
	"fd135e63-ddd9-40ef-8693-b367493b9839",
	"00000000-0000-0000-0000-000000000000",
	'answer',
	"00000000-0000-0000-0000-000000000000",
	25,
	35);
INSERT INTO V_VAL
	VALUES ("b71e78c1-9333-4377-9ddc-bb18fba4ca16",
	0,
	0,
	27,
	22,
	22,
	0,
	0,
	0,
	0,
	"811f1dd7-74f0-407e-b449-939d0de5ee8d",
	"f45c35b9-d313-4faa-a486-6415b2c2cd9f");
INSERT INTO V_LIN
	VALUES ("b71e78c1-9333-4377-9ddc-bb18fba4ca16",
	'7');
INSERT INTO V_PAR
	VALUES ("b71e78c1-9333-4377-9ddc-bb18fba4ca16",
	"b63b9b5c-9c3b-4988-b2f6-8d549c592aa7",
	"00000000-0000-0000-0000-000000000000",
	'row',
	"66fc929c-a4fb-4db9-b787-61512b308f81",
	27,
	18);
INSERT INTO V_VAL
	VALUES ("66fc929c-a4fb-4db9-b787-61512b308f81",
	0,
	0,
	27,
	32,
	32,
	0,
	0,
	0,
	0,
	"811f1dd7-74f0-407e-b449-939d0de5ee8d",
	"f45c35b9-d313-4faa-a486-6415b2c2cd9f");
INSERT INTO V_LIN
	VALUES ("66fc929c-a4fb-4db9-b787-61512b308f81",
	'3');
INSERT INTO V_PAR
	VALUES ("66fc929c-a4fb-4db9-b787-61512b308f81",
	"b63b9b5c-9c3b-4988-b2f6-8d549c592aa7",
	"00000000-0000-0000-0000-000000000000",
	'column',
	"b1a6c78f-c523-4223-8e7b-6028032e3425",
	27,
	25);
INSERT INTO V_VAL
	VALUES ("b1a6c78f-c523-4223-8e7b-6028032e3425",
	0,
	0,
	27,
	42,
	42,
	0,
	0,
	0,
	0,
	"811f1dd7-74f0-407e-b449-939d0de5ee8d",
	"f45c35b9-d313-4faa-a486-6415b2c2cd9f");
INSERT INTO V_LIN
	VALUES ("b1a6c78f-c523-4223-8e7b-6028032e3425",
	'4');
INSERT INTO V_PAR
	VALUES ("b1a6c78f-c523-4223-8e7b-6028032e3425",
	"b63b9b5c-9c3b-4988-b2f6-8d549c592aa7",
	"00000000-0000-0000-0000-000000000000",
	'answer',
	"00000000-0000-0000-0000-000000000000",
	27,
	35);
INSERT INTO V_VAL
	VALUES ("5765d452-dfd8-4679-90e4-c5efd7a10bfd",
	0,
	0,
	28,
	22,
	22,
	0,
	0,
	0,
	0,
	"811f1dd7-74f0-407e-b449-939d0de5ee8d",
	"f45c35b9-d313-4faa-a486-6415b2c2cd9f");
INSERT INTO V_LIN
	VALUES ("5765d452-dfd8-4679-90e4-c5efd7a10bfd",
	'7');
INSERT INTO V_PAR
	VALUES ("5765d452-dfd8-4679-90e4-c5efd7a10bfd",
	"1bd7f4ee-7815-49a7-b678-12f2d1710dd0",
	"00000000-0000-0000-0000-000000000000",
	'row',
	"7e9d5128-0c94-422f-972c-74619e6c6134",
	28,
	18);
INSERT INTO V_VAL
	VALUES ("7e9d5128-0c94-422f-972c-74619e6c6134",
	0,
	0,
	28,
	32,
	32,
	0,
	0,
	0,
	0,
	"811f1dd7-74f0-407e-b449-939d0de5ee8d",
	"f45c35b9-d313-4faa-a486-6415b2c2cd9f");
INSERT INTO V_LIN
	VALUES ("7e9d5128-0c94-422f-972c-74619e6c6134",
	'7');
INSERT INTO V_PAR
	VALUES ("7e9d5128-0c94-422f-972c-74619e6c6134",
	"1bd7f4ee-7815-49a7-b678-12f2d1710dd0",
	"00000000-0000-0000-0000-000000000000",
	'column',
	"cb42e246-b313-4bf6-a0ab-9f9e4abc9ac5",
	28,
	25);
INSERT INTO V_VAL
	VALUES ("cb42e246-b313-4bf6-a0ab-9f9e4abc9ac5",
	0,
	0,
	28,
	42,
	42,
	0,
	0,
	0,
	0,
	"811f1dd7-74f0-407e-b449-939d0de5ee8d",
	"f45c35b9-d313-4faa-a486-6415b2c2cd9f");
INSERT INTO V_LIN
	VALUES ("cb42e246-b313-4bf6-a0ab-9f9e4abc9ac5",
	'6');
INSERT INTO V_PAR
	VALUES ("cb42e246-b313-4bf6-a0ab-9f9e4abc9ac5",
	"1bd7f4ee-7815-49a7-b678-12f2d1710dd0",
	"00000000-0000-0000-0000-000000000000",
	'answer',
	"00000000-0000-0000-0000-000000000000",
	28,
	35);
INSERT INTO V_VAL
	VALUES ("3cb804c5-dc8b-463b-a67c-60cafa10ab56",
	0,
	0,
	29,
	22,
	22,
	0,
	0,
	0,
	0,
	"811f1dd7-74f0-407e-b449-939d0de5ee8d",
	"f45c35b9-d313-4faa-a486-6415b2c2cd9f");
INSERT INTO V_LIN
	VALUES ("3cb804c5-dc8b-463b-a67c-60cafa10ab56",
	'7');
INSERT INTO V_PAR
	VALUES ("3cb804c5-dc8b-463b-a67c-60cafa10ab56",
	"31e339d9-ed5d-4584-b87a-442d9e867292",
	"00000000-0000-0000-0000-000000000000",
	'row',
	"ab5a323e-a708-482c-9425-0d1be4542f0c",
	29,
	18);
INSERT INTO V_VAL
	VALUES ("ab5a323e-a708-482c-9425-0d1be4542f0c",
	0,
	0,
	29,
	32,
	32,
	0,
	0,
	0,
	0,
	"811f1dd7-74f0-407e-b449-939d0de5ee8d",
	"f45c35b9-d313-4faa-a486-6415b2c2cd9f");
INSERT INTO V_LIN
	VALUES ("ab5a323e-a708-482c-9425-0d1be4542f0c",
	'8');
INSERT INTO V_PAR
	VALUES ("ab5a323e-a708-482c-9425-0d1be4542f0c",
	"31e339d9-ed5d-4584-b87a-442d9e867292",
	"00000000-0000-0000-0000-000000000000",
	'column',
	"84d03a0b-3432-4b78-aac1-8cad41a8b2d8",
	29,
	25);
INSERT INTO V_VAL
	VALUES ("84d03a0b-3432-4b78-aac1-8cad41a8b2d8",
	0,
	0,
	29,
	42,
	42,
	0,
	0,
	0,
	0,
	"811f1dd7-74f0-407e-b449-939d0de5ee8d",
	"f45c35b9-d313-4faa-a486-6415b2c2cd9f");
INSERT INTO V_LIN
	VALUES ("84d03a0b-3432-4b78-aac1-8cad41a8b2d8",
	'1');
INSERT INTO V_PAR
	VALUES ("84d03a0b-3432-4b78-aac1-8cad41a8b2d8",
	"31e339d9-ed5d-4584-b87a-442d9e867292",
	"00000000-0000-0000-0000-000000000000",
	'answer',
	"00000000-0000-0000-0000-000000000000",
	29,
	35);
INSERT INTO V_VAL
	VALUES ("bd4bfbbc-5bb1-45df-8aa4-bc18cd171497",
	0,
	0,
	31,
	22,
	22,
	0,
	0,
	0,
	0,
	"811f1dd7-74f0-407e-b449-939d0de5ee8d",
	"f45c35b9-d313-4faa-a486-6415b2c2cd9f");
INSERT INTO V_LIN
	VALUES ("bd4bfbbc-5bb1-45df-8aa4-bc18cd171497",
	'8');
INSERT INTO V_PAR
	VALUES ("bd4bfbbc-5bb1-45df-8aa4-bc18cd171497",
	"241587f8-a66e-4333-8f25-32fa62a4796b",
	"00000000-0000-0000-0000-000000000000",
	'row',
	"eabf57d7-15f5-4d6d-93df-9c95ace10e3a",
	31,
	18);
INSERT INTO V_VAL
	VALUES ("eabf57d7-15f5-4d6d-93df-9c95ace10e3a",
	0,
	0,
	31,
	32,
	32,
	0,
	0,
	0,
	0,
	"811f1dd7-74f0-407e-b449-939d0de5ee8d",
	"f45c35b9-d313-4faa-a486-6415b2c2cd9f");
INSERT INTO V_LIN
	VALUES ("eabf57d7-15f5-4d6d-93df-9c95ace10e3a",
	'2');
INSERT INTO V_PAR
	VALUES ("eabf57d7-15f5-4d6d-93df-9c95ace10e3a",
	"241587f8-a66e-4333-8f25-32fa62a4796b",
	"00000000-0000-0000-0000-000000000000",
	'column',
	"ea9175e7-33e2-4184-a37d-875d946ed350",
	31,
	25);
INSERT INTO V_VAL
	VALUES ("ea9175e7-33e2-4184-a37d-875d946ed350",
	0,
	0,
	31,
	42,
	42,
	0,
	0,
	0,
	0,
	"811f1dd7-74f0-407e-b449-939d0de5ee8d",
	"f45c35b9-d313-4faa-a486-6415b2c2cd9f");
INSERT INTO V_LIN
	VALUES ("ea9175e7-33e2-4184-a37d-875d946ed350",
	'2');
INSERT INTO V_PAR
	VALUES ("ea9175e7-33e2-4184-a37d-875d946ed350",
	"241587f8-a66e-4333-8f25-32fa62a4796b",
	"00000000-0000-0000-0000-000000000000",
	'answer',
	"00000000-0000-0000-0000-000000000000",
	31,
	35);
INSERT INTO V_VAL
	VALUES ("77f15a91-dab4-413d-93f5-3ea8a978c847",
	0,
	0,
	32,
	22,
	22,
	0,
	0,
	0,
	0,
	"811f1dd7-74f0-407e-b449-939d0de5ee8d",
	"f45c35b9-d313-4faa-a486-6415b2c2cd9f");
INSERT INTO V_LIN
	VALUES ("77f15a91-dab4-413d-93f5-3ea8a978c847",
	'8');
INSERT INTO V_PAR
	VALUES ("77f15a91-dab4-413d-93f5-3ea8a978c847",
	"9f1859a7-42e8-40d4-b46d-e83ec357af96",
	"00000000-0000-0000-0000-000000000000",
	'row',
	"3f6ef84d-780a-4e5c-9807-19d2f66ff8b8",
	32,
	18);
INSERT INTO V_VAL
	VALUES ("3f6ef84d-780a-4e5c-9807-19d2f66ff8b8",
	0,
	0,
	32,
	32,
	32,
	0,
	0,
	0,
	0,
	"811f1dd7-74f0-407e-b449-939d0de5ee8d",
	"f45c35b9-d313-4faa-a486-6415b2c2cd9f");
INSERT INTO V_LIN
	VALUES ("3f6ef84d-780a-4e5c-9807-19d2f66ff8b8",
	'3');
INSERT INTO V_PAR
	VALUES ("3f6ef84d-780a-4e5c-9807-19d2f66ff8b8",
	"9f1859a7-42e8-40d4-b46d-e83ec357af96",
	"00000000-0000-0000-0000-000000000000",
	'column',
	"264f81a3-30a4-4426-b5e0-d2ca5affc121",
	32,
	25);
INSERT INTO V_VAL
	VALUES ("264f81a3-30a4-4426-b5e0-d2ca5affc121",
	0,
	0,
	32,
	42,
	42,
	0,
	0,
	0,
	0,
	"811f1dd7-74f0-407e-b449-939d0de5ee8d",
	"f45c35b9-d313-4faa-a486-6415b2c2cd9f");
INSERT INTO V_LIN
	VALUES ("264f81a3-30a4-4426-b5e0-d2ca5affc121",
	'7');
INSERT INTO V_PAR
	VALUES ("264f81a3-30a4-4426-b5e0-d2ca5affc121",
	"9f1859a7-42e8-40d4-b46d-e83ec357af96",
	"00000000-0000-0000-0000-000000000000",
	'answer',
	"00000000-0000-0000-0000-000000000000",
	32,
	35);
INSERT INTO V_VAL
	VALUES ("2a6a0791-fbcd-44a0-8282-03d1550adb38",
	0,
	0,
	33,
	22,
	22,
	0,
	0,
	0,
	0,
	"811f1dd7-74f0-407e-b449-939d0de5ee8d",
	"f45c35b9-d313-4faa-a486-6415b2c2cd9f");
INSERT INTO V_LIN
	VALUES ("2a6a0791-fbcd-44a0-8282-03d1550adb38",
	'8');
INSERT INTO V_PAR
	VALUES ("2a6a0791-fbcd-44a0-8282-03d1550adb38",
	"a6ecf49d-16f2-4945-8442-c8cc93be4d63",
	"00000000-0000-0000-0000-000000000000",
	'row',
	"ec1d92f4-9d89-4958-94eb-91077b97b0df",
	33,
	18);
INSERT INTO V_VAL
	VALUES ("ec1d92f4-9d89-4958-94eb-91077b97b0df",
	0,
	0,
	33,
	32,
	32,
	0,
	0,
	0,
	0,
	"811f1dd7-74f0-407e-b449-939d0de5ee8d",
	"f45c35b9-d313-4faa-a486-6415b2c2cd9f");
INSERT INTO V_LIN
	VALUES ("ec1d92f4-9d89-4958-94eb-91077b97b0df",
	'6');
INSERT INTO V_PAR
	VALUES ("ec1d92f4-9d89-4958-94eb-91077b97b0df",
	"a6ecf49d-16f2-4945-8442-c8cc93be4d63",
	"00000000-0000-0000-0000-000000000000",
	'column',
	"cf006d42-7ed2-486c-9722-19c1b77cd6c6",
	33,
	25);
INSERT INTO V_VAL
	VALUES ("cf006d42-7ed2-486c-9722-19c1b77cd6c6",
	0,
	0,
	33,
	42,
	42,
	0,
	0,
	0,
	0,
	"811f1dd7-74f0-407e-b449-939d0de5ee8d",
	"f45c35b9-d313-4faa-a486-6415b2c2cd9f");
INSERT INTO V_LIN
	VALUES ("cf006d42-7ed2-486c-9722-19c1b77cd6c6",
	'6');
INSERT INTO V_PAR
	VALUES ("cf006d42-7ed2-486c-9722-19c1b77cd6c6",
	"a6ecf49d-16f2-4945-8442-c8cc93be4d63",
	"00000000-0000-0000-0000-000000000000",
	'answer',
	"00000000-0000-0000-0000-000000000000",
	33,
	35);
INSERT INTO V_VAL
	VALUES ("4833d927-d6c5-4300-aac3-06201cd3b912",
	0,
	0,
	35,
	22,
	22,
	0,
	0,
	0,
	0,
	"811f1dd7-74f0-407e-b449-939d0de5ee8d",
	"f45c35b9-d313-4faa-a486-6415b2c2cd9f");
INSERT INTO V_LIN
	VALUES ("4833d927-d6c5-4300-aac3-06201cd3b912",
	'9');
INSERT INTO V_PAR
	VALUES ("4833d927-d6c5-4300-aac3-06201cd3b912",
	"dc69ea32-dcc5-40bb-a1b5-80b138752088",
	"00000000-0000-0000-0000-000000000000",
	'row',
	"52e3ba50-3911-4925-824d-0df53bb1dadb",
	35,
	18);
INSERT INTO V_VAL
	VALUES ("52e3ba50-3911-4925-824d-0df53bb1dadb",
	0,
	0,
	35,
	32,
	32,
	0,
	0,
	0,
	0,
	"811f1dd7-74f0-407e-b449-939d0de5ee8d",
	"f45c35b9-d313-4faa-a486-6415b2c2cd9f");
INSERT INTO V_LIN
	VALUES ("52e3ba50-3911-4925-824d-0df53bb1dadb",
	'4');
INSERT INTO V_PAR
	VALUES ("52e3ba50-3911-4925-824d-0df53bb1dadb",
	"dc69ea32-dcc5-40bb-a1b5-80b138752088",
	"00000000-0000-0000-0000-000000000000",
	'column',
	"37e35fca-b731-451a-8a18-2fa029abb11c",
	35,
	25);
INSERT INTO V_VAL
	VALUES ("37e35fca-b731-451a-8a18-2fa029abb11c",
	0,
	0,
	35,
	42,
	42,
	0,
	0,
	0,
	0,
	"811f1dd7-74f0-407e-b449-939d0de5ee8d",
	"f45c35b9-d313-4faa-a486-6415b2c2cd9f");
INSERT INTO V_LIN
	VALUES ("37e35fca-b731-451a-8a18-2fa029abb11c",
	'9');
INSERT INTO V_PAR
	VALUES ("37e35fca-b731-451a-8a18-2fa029abb11c",
	"dc69ea32-dcc5-40bb-a1b5-80b138752088",
	"00000000-0000-0000-0000-000000000000",
	'answer',
	"00000000-0000-0000-0000-000000000000",
	35,
	35);
INSERT INTO V_VAL
	VALUES ("628ad46f-6c3f-4e2e-aaf3-4a027688be2d",
	0,
	0,
	36,
	22,
	22,
	0,
	0,
	0,
	0,
	"811f1dd7-74f0-407e-b449-939d0de5ee8d",
	"f45c35b9-d313-4faa-a486-6415b2c2cd9f");
INSERT INTO V_LIN
	VALUES ("628ad46f-6c3f-4e2e-aaf3-4a027688be2d",
	'9');
INSERT INTO V_PAR
	VALUES ("628ad46f-6c3f-4e2e-aaf3-4a027688be2d",
	"d6019c52-24ac-4a11-a238-a39bc3043351",
	"00000000-0000-0000-0000-000000000000",
	'row',
	"69e44168-8081-4c88-82a8-8bb5b4ed5d0e",
	36,
	18);
INSERT INTO V_VAL
	VALUES ("69e44168-8081-4c88-82a8-8bb5b4ed5d0e",
	0,
	0,
	36,
	32,
	32,
	0,
	0,
	0,
	0,
	"811f1dd7-74f0-407e-b449-939d0de5ee8d",
	"f45c35b9-d313-4faa-a486-6415b2c2cd9f");
INSERT INTO V_LIN
	VALUES ("69e44168-8081-4c88-82a8-8bb5b4ed5d0e",
	'5');
INSERT INTO V_PAR
	VALUES ("69e44168-8081-4c88-82a8-8bb5b4ed5d0e",
	"d6019c52-24ac-4a11-a238-a39bc3043351",
	"00000000-0000-0000-0000-000000000000",
	'column',
	"e8e1de1b-7f1c-4793-94b0-80144a2d1def",
	36,
	25);
INSERT INTO V_VAL
	VALUES ("e8e1de1b-7f1c-4793-94b0-80144a2d1def",
	0,
	0,
	36,
	42,
	42,
	0,
	0,
	0,
	0,
	"811f1dd7-74f0-407e-b449-939d0de5ee8d",
	"f45c35b9-d313-4faa-a486-6415b2c2cd9f");
INSERT INTO V_LIN
	VALUES ("e8e1de1b-7f1c-4793-94b0-80144a2d1def",
	'3');
INSERT INTO V_PAR
	VALUES ("e8e1de1b-7f1c-4793-94b0-80144a2d1def",
	"d6019c52-24ac-4a11-a238-a39bc3043351",
	"00000000-0000-0000-0000-000000000000",
	'answer',
	"00000000-0000-0000-0000-000000000000",
	36,
	35);
INSERT INTO V_VAL
	VALUES ("66a864c1-f0ed-4fbf-b5e2-50449d91c3ee",
	0,
	0,
	37,
	22,
	22,
	0,
	0,
	0,
	0,
	"811f1dd7-74f0-407e-b449-939d0de5ee8d",
	"f45c35b9-d313-4faa-a486-6415b2c2cd9f");
INSERT INTO V_LIN
	VALUES ("66a864c1-f0ed-4fbf-b5e2-50449d91c3ee",
	'9');
INSERT INTO V_PAR
	VALUES ("66a864c1-f0ed-4fbf-b5e2-50449d91c3ee",
	"13486d6e-61d1-4c02-8cf8-4e9d9137f719",
	"00000000-0000-0000-0000-000000000000",
	'row',
	"db42dcac-d640-48d7-a0f0-36a6445177ed",
	37,
	18);
INSERT INTO V_VAL
	VALUES ("db42dcac-d640-48d7-a0f0-36a6445177ed",
	0,
	0,
	37,
	32,
	32,
	0,
	0,
	0,
	0,
	"811f1dd7-74f0-407e-b449-939d0de5ee8d",
	"f45c35b9-d313-4faa-a486-6415b2c2cd9f");
INSERT INTO V_LIN
	VALUES ("db42dcac-d640-48d7-a0f0-36a6445177ed",
	'8');
INSERT INTO V_PAR
	VALUES ("db42dcac-d640-48d7-a0f0-36a6445177ed",
	"13486d6e-61d1-4c02-8cf8-4e9d9137f719",
	"00000000-0000-0000-0000-000000000000",
	'column',
	"567cb0ec-0594-4a45-970a-6d5273f4e488",
	37,
	25);
INSERT INTO V_VAL
	VALUES ("567cb0ec-0594-4a45-970a-6d5273f4e488",
	0,
	0,
	37,
	42,
	42,
	0,
	0,
	0,
	0,
	"811f1dd7-74f0-407e-b449-939d0de5ee8d",
	"f45c35b9-d313-4faa-a486-6415b2c2cd9f");
INSERT INTO V_LIN
	VALUES ("567cb0ec-0594-4a45-970a-6d5273f4e488",
	'8');
INSERT INTO V_PAR
	VALUES ("567cb0ec-0594-4a45-970a-6d5273f4e488",
	"13486d6e-61d1-4c02-8cf8-4e9d9137f719",
	"00000000-0000-0000-0000-000000000000",
	'answer',
	"00000000-0000-0000-0000-000000000000",
	37,
	35);
INSERT INTO S_FIP
	VALUES ("902fee5d-2cc1-44d8-a018-7d4ab96f184d",
	"3912b453-eed4-452d-b98b-819c6c21dc8f");
INSERT INTO S_SYNC
	VALUES ("3912b453-eed4-452d-b98b-819c6c21dc8f",
	"0eb5e6c3-13b6-4550-b154-5d6824e51255",
	'setz4_spectrum',
	'',
	'
CELL::set_given( row:1, column:5, answer:8 );
CELL::set_given( row:1, column:6, answer:3 );
CELL::set_given( row:1, column:7, answer:4 );

CELL::set_given( row:2, column:1, answer:3 );
CELL::set_given( row:2, column:6, answer:4 );
CELL::set_given( row:2, column:7, answer:8 );
CELL::set_given( row:2, column:8, answer:2 );
CELL::set_given( row:2, column:9, answer:1 );

CELL::set_given( row:3, column:1, answer:7 );

CELL::set_given( row:4, column:3, answer:9 );
CELL::set_given( row:4, column:4, answer:4 );
CELL::set_given( row:4, column:6, answer:1 );
CELL::set_given( row:4, column:8, answer:8 );
CELL::set_given( row:4, column:9, answer:3 );


CELL::set_given( row:6, column:1, answer:4 );
CELL::set_given( row:6, column:2, answer:6 );
CELL::set_given( row:6, column:4, answer:5 );
CELL::set_given( row:6, column:6, answer:7 );
CELL::set_given( row:6, column:7, answer:1 );

CELL::set_given( row:7, column:9, answer:7 );

CELL::set_given( row:8, column:1, answer:1 );
CELL::set_given( row:8, column:2, answer:2 );
CELL::set_given( row:8, column:3, answer:5 );
CELL::set_given( row:8, column:4, answer:3 );
CELL::set_given( row:8, column:9, answer:9 );

CELL::set_given( row:9, column:3, answer:7 );
CELL::set_given( row:9, column:4, answer:2 );
CELL::set_given( row:9, column:5, answer:4 );',
	"606ca061-c661-4bbf-bb1a-bb2345f5239e",
	1,
	'');
INSERT INTO ACT_FNB
	VALUES ("4f877b72-481a-4c58-aa7b-e5bd60aa2911",
	"3912b453-eed4-452d-b98b-819c6c21dc8f");
INSERT INTO ACT_ACT
	VALUES ("4f877b72-481a-4c58-aa7b-e5bd60aa2911",
	'function',
	0,
	"42efc591-090b-449a-9c96-0d71df24e06d",
	"00000000-0000-0000-0000-000000000000",
	0,
	'setz4_spectrum',
	"00000000-0000-0000-0000-000000000000");
INSERT INTO ACT_BLK
	VALUES ("42efc591-090b-449a-9c96-0d71df24e06d",
	0,
	0,
	0,
	'CELL',
	'',
	'',
	37,
	1,
	37,
	1,
	0,
	0,
	0,
	0,
	0,
	0,
	0,
	0,
	0,
	"4f877b72-481a-4c58-aa7b-e5bd60aa2911",
	"00000000-0000-0000-0000-000000000000");
INSERT INTO ACT_SMT
	VALUES ("e6b1c1a1-7d62-480e-bcc4-014acaa3cfa7",
	"42efc591-090b-449a-9c96-0d71df24e06d",
	"8599303c-5b17-43d2-9eba-2df9615e7c9d",
	2,
	1,
	'setz4_spectrum line: 2');
INSERT INTO ACT_TFM
	VALUES ("e6b1c1a1-7d62-480e-bcc4-014acaa3cfa7",
	"08064e1a-888f-4d00-a98e-bcce7359c03d",
	"00000000-0000-0000-0000-000000000000",
	2,
	7,
	2,
	1);
INSERT INTO ACT_SMT
	VALUES ("8599303c-5b17-43d2-9eba-2df9615e7c9d",
	"42efc591-090b-449a-9c96-0d71df24e06d",
	"cb9664e9-93d0-4605-bb31-4e882add96a1",
	3,
	1,
	'setz4_spectrum line: 3');
INSERT INTO ACT_TFM
	VALUES ("8599303c-5b17-43d2-9eba-2df9615e7c9d",
	"08064e1a-888f-4d00-a98e-bcce7359c03d",
	"00000000-0000-0000-0000-000000000000",
	3,
	7,
	3,
	1);
INSERT INTO ACT_SMT
	VALUES ("cb9664e9-93d0-4605-bb31-4e882add96a1",
	"42efc591-090b-449a-9c96-0d71df24e06d",
	"1c1ca8c8-fa99-48d6-a700-044c1066d20b",
	4,
	1,
	'setz4_spectrum line: 4');
INSERT INTO ACT_TFM
	VALUES ("cb9664e9-93d0-4605-bb31-4e882add96a1",
	"08064e1a-888f-4d00-a98e-bcce7359c03d",
	"00000000-0000-0000-0000-000000000000",
	4,
	7,
	4,
	1);
INSERT INTO ACT_SMT
	VALUES ("1c1ca8c8-fa99-48d6-a700-044c1066d20b",
	"42efc591-090b-449a-9c96-0d71df24e06d",
	"8d81e801-2e6d-410d-9d97-fa21c662cb10",
	6,
	1,
	'setz4_spectrum line: 6');
INSERT INTO ACT_TFM
	VALUES ("1c1ca8c8-fa99-48d6-a700-044c1066d20b",
	"08064e1a-888f-4d00-a98e-bcce7359c03d",
	"00000000-0000-0000-0000-000000000000",
	6,
	7,
	6,
	1);
INSERT INTO ACT_SMT
	VALUES ("8d81e801-2e6d-410d-9d97-fa21c662cb10",
	"42efc591-090b-449a-9c96-0d71df24e06d",
	"a97d63e0-2b6b-4945-b318-f3798dcc7203",
	7,
	1,
	'setz4_spectrum line: 7');
INSERT INTO ACT_TFM
	VALUES ("8d81e801-2e6d-410d-9d97-fa21c662cb10",
	"08064e1a-888f-4d00-a98e-bcce7359c03d",
	"00000000-0000-0000-0000-000000000000",
	7,
	7,
	7,
	1);
INSERT INTO ACT_SMT
	VALUES ("a97d63e0-2b6b-4945-b318-f3798dcc7203",
	"42efc591-090b-449a-9c96-0d71df24e06d",
	"ec20089f-5ad9-4c51-bbf8-97a930fb427c",
	8,
	1,
	'setz4_spectrum line: 8');
INSERT INTO ACT_TFM
	VALUES ("a97d63e0-2b6b-4945-b318-f3798dcc7203",
	"08064e1a-888f-4d00-a98e-bcce7359c03d",
	"00000000-0000-0000-0000-000000000000",
	8,
	7,
	8,
	1);
INSERT INTO ACT_SMT
	VALUES ("ec20089f-5ad9-4c51-bbf8-97a930fb427c",
	"42efc591-090b-449a-9c96-0d71df24e06d",
	"6f62e4b0-51be-4199-bcad-116fe9bc31e6",
	9,
	1,
	'setz4_spectrum line: 9');
INSERT INTO ACT_TFM
	VALUES ("ec20089f-5ad9-4c51-bbf8-97a930fb427c",
	"08064e1a-888f-4d00-a98e-bcce7359c03d",
	"00000000-0000-0000-0000-000000000000",
	9,
	7,
	9,
	1);
INSERT INTO ACT_SMT
	VALUES ("6f62e4b0-51be-4199-bcad-116fe9bc31e6",
	"42efc591-090b-449a-9c96-0d71df24e06d",
	"1efc6c0b-2c95-478d-890d-a6f72b281a52",
	10,
	1,
	'setz4_spectrum line: 10');
INSERT INTO ACT_TFM
	VALUES ("6f62e4b0-51be-4199-bcad-116fe9bc31e6",
	"08064e1a-888f-4d00-a98e-bcce7359c03d",
	"00000000-0000-0000-0000-000000000000",
	10,
	7,
	10,
	1);
INSERT INTO ACT_SMT
	VALUES ("1efc6c0b-2c95-478d-890d-a6f72b281a52",
	"42efc591-090b-449a-9c96-0d71df24e06d",
	"7da4f871-bbde-4292-8c9d-0ef0c3df116a",
	12,
	1,
	'setz4_spectrum line: 12');
INSERT INTO ACT_TFM
	VALUES ("1efc6c0b-2c95-478d-890d-a6f72b281a52",
	"08064e1a-888f-4d00-a98e-bcce7359c03d",
	"00000000-0000-0000-0000-000000000000",
	12,
	7,
	12,
	1);
INSERT INTO ACT_SMT
	VALUES ("7da4f871-bbde-4292-8c9d-0ef0c3df116a",
	"42efc591-090b-449a-9c96-0d71df24e06d",
	"35f564fa-107a-495c-917c-61e8d7c8fd61",
	14,
	1,
	'setz4_spectrum line: 14');
INSERT INTO ACT_TFM
	VALUES ("7da4f871-bbde-4292-8c9d-0ef0c3df116a",
	"08064e1a-888f-4d00-a98e-bcce7359c03d",
	"00000000-0000-0000-0000-000000000000",
	14,
	7,
	14,
	1);
INSERT INTO ACT_SMT
	VALUES ("35f564fa-107a-495c-917c-61e8d7c8fd61",
	"42efc591-090b-449a-9c96-0d71df24e06d",
	"b6c08ea0-afc6-48e9-b39f-eb0db2e9c5c3",
	15,
	1,
	'setz4_spectrum line: 15');
INSERT INTO ACT_TFM
	VALUES ("35f564fa-107a-495c-917c-61e8d7c8fd61",
	"08064e1a-888f-4d00-a98e-bcce7359c03d",
	"00000000-0000-0000-0000-000000000000",
	15,
	7,
	15,
	1);
INSERT INTO ACT_SMT
	VALUES ("b6c08ea0-afc6-48e9-b39f-eb0db2e9c5c3",
	"42efc591-090b-449a-9c96-0d71df24e06d",
	"d61ff544-177e-4963-bcc8-9fe6cca43af6",
	16,
	1,
	'setz4_spectrum line: 16');
INSERT INTO ACT_TFM
	VALUES ("b6c08ea0-afc6-48e9-b39f-eb0db2e9c5c3",
	"08064e1a-888f-4d00-a98e-bcce7359c03d",
	"00000000-0000-0000-0000-000000000000",
	16,
	7,
	16,
	1);
INSERT INTO ACT_SMT
	VALUES ("d61ff544-177e-4963-bcc8-9fe6cca43af6",
	"42efc591-090b-449a-9c96-0d71df24e06d",
	"0c60c26a-2956-400f-99f9-0997568d3076",
	17,
	1,
	'setz4_spectrum line: 17');
INSERT INTO ACT_TFM
	VALUES ("d61ff544-177e-4963-bcc8-9fe6cca43af6",
	"08064e1a-888f-4d00-a98e-bcce7359c03d",
	"00000000-0000-0000-0000-000000000000",
	17,
	7,
	17,
	1);
INSERT INTO ACT_SMT
	VALUES ("0c60c26a-2956-400f-99f9-0997568d3076",
	"42efc591-090b-449a-9c96-0d71df24e06d",
	"329ad224-9a94-45ba-a41b-f9e10f7de2a8",
	18,
	1,
	'setz4_spectrum line: 18');
INSERT INTO ACT_TFM
	VALUES ("0c60c26a-2956-400f-99f9-0997568d3076",
	"08064e1a-888f-4d00-a98e-bcce7359c03d",
	"00000000-0000-0000-0000-000000000000",
	18,
	7,
	18,
	1);
INSERT INTO ACT_SMT
	VALUES ("329ad224-9a94-45ba-a41b-f9e10f7de2a8",
	"42efc591-090b-449a-9c96-0d71df24e06d",
	"5b78be69-8b4e-4126-a648-44bee7e3d73e",
	21,
	1,
	'setz4_spectrum line: 21');
INSERT INTO ACT_TFM
	VALUES ("329ad224-9a94-45ba-a41b-f9e10f7de2a8",
	"08064e1a-888f-4d00-a98e-bcce7359c03d",
	"00000000-0000-0000-0000-000000000000",
	21,
	7,
	21,
	1);
INSERT INTO ACT_SMT
	VALUES ("5b78be69-8b4e-4126-a648-44bee7e3d73e",
	"42efc591-090b-449a-9c96-0d71df24e06d",
	"c8ebf33a-edf1-4906-88cb-c1e6ce3cf5c6",
	22,
	1,
	'setz4_spectrum line: 22');
INSERT INTO ACT_TFM
	VALUES ("5b78be69-8b4e-4126-a648-44bee7e3d73e",
	"08064e1a-888f-4d00-a98e-bcce7359c03d",
	"00000000-0000-0000-0000-000000000000",
	22,
	7,
	22,
	1);
INSERT INTO ACT_SMT
	VALUES ("c8ebf33a-edf1-4906-88cb-c1e6ce3cf5c6",
	"42efc591-090b-449a-9c96-0d71df24e06d",
	"9ffbc0e3-9bbf-4758-ae72-3f7cdef4956c",
	23,
	1,
	'setz4_spectrum line: 23');
INSERT INTO ACT_TFM
	VALUES ("c8ebf33a-edf1-4906-88cb-c1e6ce3cf5c6",
	"08064e1a-888f-4d00-a98e-bcce7359c03d",
	"00000000-0000-0000-0000-000000000000",
	23,
	7,
	23,
	1);
INSERT INTO ACT_SMT
	VALUES ("9ffbc0e3-9bbf-4758-ae72-3f7cdef4956c",
	"42efc591-090b-449a-9c96-0d71df24e06d",
	"7b55ce15-e557-4fce-846e-cb37257e4163",
	24,
	1,
	'setz4_spectrum line: 24');
INSERT INTO ACT_TFM
	VALUES ("9ffbc0e3-9bbf-4758-ae72-3f7cdef4956c",
	"08064e1a-888f-4d00-a98e-bcce7359c03d",
	"00000000-0000-0000-0000-000000000000",
	24,
	7,
	24,
	1);
INSERT INTO ACT_SMT
	VALUES ("7b55ce15-e557-4fce-846e-cb37257e4163",
	"42efc591-090b-449a-9c96-0d71df24e06d",
	"8ae03b84-8062-429d-8651-55c6aa65a39d",
	25,
	1,
	'setz4_spectrum line: 25');
INSERT INTO ACT_TFM
	VALUES ("7b55ce15-e557-4fce-846e-cb37257e4163",
	"08064e1a-888f-4d00-a98e-bcce7359c03d",
	"00000000-0000-0000-0000-000000000000",
	25,
	7,
	25,
	1);
INSERT INTO ACT_SMT
	VALUES ("8ae03b84-8062-429d-8651-55c6aa65a39d",
	"42efc591-090b-449a-9c96-0d71df24e06d",
	"26740002-ebbe-4135-8255-242ddde2f8b3",
	27,
	1,
	'setz4_spectrum line: 27');
INSERT INTO ACT_TFM
	VALUES ("8ae03b84-8062-429d-8651-55c6aa65a39d",
	"08064e1a-888f-4d00-a98e-bcce7359c03d",
	"00000000-0000-0000-0000-000000000000",
	27,
	7,
	27,
	1);
INSERT INTO ACT_SMT
	VALUES ("26740002-ebbe-4135-8255-242ddde2f8b3",
	"42efc591-090b-449a-9c96-0d71df24e06d",
	"a44f993d-6150-4018-9024-45639d4ca345",
	29,
	1,
	'setz4_spectrum line: 29');
INSERT INTO ACT_TFM
	VALUES ("26740002-ebbe-4135-8255-242ddde2f8b3",
	"08064e1a-888f-4d00-a98e-bcce7359c03d",
	"00000000-0000-0000-0000-000000000000",
	29,
	7,
	29,
	1);
INSERT INTO ACT_SMT
	VALUES ("a44f993d-6150-4018-9024-45639d4ca345",
	"42efc591-090b-449a-9c96-0d71df24e06d",
	"946944ba-5847-4336-aeee-6a37156bc512",
	30,
	1,
	'setz4_spectrum line: 30');
INSERT INTO ACT_TFM
	VALUES ("a44f993d-6150-4018-9024-45639d4ca345",
	"08064e1a-888f-4d00-a98e-bcce7359c03d",
	"00000000-0000-0000-0000-000000000000",
	30,
	7,
	30,
	1);
INSERT INTO ACT_SMT
	VALUES ("946944ba-5847-4336-aeee-6a37156bc512",
	"42efc591-090b-449a-9c96-0d71df24e06d",
	"91162e87-df38-472d-871b-e0663d89ac88",
	31,
	1,
	'setz4_spectrum line: 31');
INSERT INTO ACT_TFM
	VALUES ("946944ba-5847-4336-aeee-6a37156bc512",
	"08064e1a-888f-4d00-a98e-bcce7359c03d",
	"00000000-0000-0000-0000-000000000000",
	31,
	7,
	31,
	1);
INSERT INTO ACT_SMT
	VALUES ("91162e87-df38-472d-871b-e0663d89ac88",
	"42efc591-090b-449a-9c96-0d71df24e06d",
	"75f24ae4-1113-423b-9f25-00de9bf555d7",
	32,
	1,
	'setz4_spectrum line: 32');
INSERT INTO ACT_TFM
	VALUES ("91162e87-df38-472d-871b-e0663d89ac88",
	"08064e1a-888f-4d00-a98e-bcce7359c03d",
	"00000000-0000-0000-0000-000000000000",
	32,
	7,
	32,
	1);
INSERT INTO ACT_SMT
	VALUES ("75f24ae4-1113-423b-9f25-00de9bf555d7",
	"42efc591-090b-449a-9c96-0d71df24e06d",
	"ce8c56a2-9676-4ce3-934f-e305499f269b",
	33,
	1,
	'setz4_spectrum line: 33');
INSERT INTO ACT_TFM
	VALUES ("75f24ae4-1113-423b-9f25-00de9bf555d7",
	"08064e1a-888f-4d00-a98e-bcce7359c03d",
	"00000000-0000-0000-0000-000000000000",
	33,
	7,
	33,
	1);
INSERT INTO ACT_SMT
	VALUES ("ce8c56a2-9676-4ce3-934f-e305499f269b",
	"42efc591-090b-449a-9c96-0d71df24e06d",
	"3740ffa9-eccf-4cde-8c5d-2472b0f35b8b",
	35,
	1,
	'setz4_spectrum line: 35');
INSERT INTO ACT_TFM
	VALUES ("ce8c56a2-9676-4ce3-934f-e305499f269b",
	"08064e1a-888f-4d00-a98e-bcce7359c03d",
	"00000000-0000-0000-0000-000000000000",
	35,
	7,
	35,
	1);
INSERT INTO ACT_SMT
	VALUES ("3740ffa9-eccf-4cde-8c5d-2472b0f35b8b",
	"42efc591-090b-449a-9c96-0d71df24e06d",
	"e862c6a5-4f12-4b91-b6d7-d98b5b3ae04d",
	36,
	1,
	'setz4_spectrum line: 36');
INSERT INTO ACT_TFM
	VALUES ("3740ffa9-eccf-4cde-8c5d-2472b0f35b8b",
	"08064e1a-888f-4d00-a98e-bcce7359c03d",
	"00000000-0000-0000-0000-000000000000",
	36,
	7,
	36,
	1);
INSERT INTO ACT_SMT
	VALUES ("e862c6a5-4f12-4b91-b6d7-d98b5b3ae04d",
	"42efc591-090b-449a-9c96-0d71df24e06d",
	"00000000-0000-0000-0000-000000000000",
	37,
	1,
	'setz4_spectrum line: 37');
INSERT INTO ACT_TFM
	VALUES ("e862c6a5-4f12-4b91-b6d7-d98b5b3ae04d",
	"08064e1a-888f-4d00-a98e-bcce7359c03d",
	"00000000-0000-0000-0000-000000000000",
	37,
	7,
	37,
	1);
INSERT INTO V_VAL
	VALUES ("aeef8cd1-7f59-4650-8d4c-05a6fc7690b0",
	0,
	0,
	2,
	22,
	22,
	0,
	0,
	0,
	0,
	"811f1dd7-74f0-407e-b449-939d0de5ee8d",
	"42efc591-090b-449a-9c96-0d71df24e06d");
INSERT INTO V_LIN
	VALUES ("aeef8cd1-7f59-4650-8d4c-05a6fc7690b0",
	'1');
INSERT INTO V_PAR
	VALUES ("aeef8cd1-7f59-4650-8d4c-05a6fc7690b0",
	"e6b1c1a1-7d62-480e-bcc4-014acaa3cfa7",
	"00000000-0000-0000-0000-000000000000",
	'row',
	"5c1e2979-c2e9-4f33-88a3-e0c32b4794a8",
	2,
	18);
INSERT INTO V_VAL
	VALUES ("5c1e2979-c2e9-4f33-88a3-e0c32b4794a8",
	0,
	0,
	2,
	32,
	32,
	0,
	0,
	0,
	0,
	"811f1dd7-74f0-407e-b449-939d0de5ee8d",
	"42efc591-090b-449a-9c96-0d71df24e06d");
INSERT INTO V_LIN
	VALUES ("5c1e2979-c2e9-4f33-88a3-e0c32b4794a8",
	'5');
INSERT INTO V_PAR
	VALUES ("5c1e2979-c2e9-4f33-88a3-e0c32b4794a8",
	"e6b1c1a1-7d62-480e-bcc4-014acaa3cfa7",
	"00000000-0000-0000-0000-000000000000",
	'column',
	"f41cf6ad-ff1f-42ad-ba6e-4369144e346e",
	2,
	25);
INSERT INTO V_VAL
	VALUES ("f41cf6ad-ff1f-42ad-ba6e-4369144e346e",
	0,
	0,
	2,
	42,
	42,
	0,
	0,
	0,
	0,
	"811f1dd7-74f0-407e-b449-939d0de5ee8d",
	"42efc591-090b-449a-9c96-0d71df24e06d");
INSERT INTO V_LIN
	VALUES ("f41cf6ad-ff1f-42ad-ba6e-4369144e346e",
	'8');
INSERT INTO V_PAR
	VALUES ("f41cf6ad-ff1f-42ad-ba6e-4369144e346e",
	"e6b1c1a1-7d62-480e-bcc4-014acaa3cfa7",
	"00000000-0000-0000-0000-000000000000",
	'answer',
	"00000000-0000-0000-0000-000000000000",
	2,
	35);
INSERT INTO V_VAL
	VALUES ("45b9ed4e-8fbf-496f-921f-8eb7499b9299",
	0,
	0,
	3,
	22,
	22,
	0,
	0,
	0,
	0,
	"811f1dd7-74f0-407e-b449-939d0de5ee8d",
	"42efc591-090b-449a-9c96-0d71df24e06d");
INSERT INTO V_LIN
	VALUES ("45b9ed4e-8fbf-496f-921f-8eb7499b9299",
	'1');
INSERT INTO V_PAR
	VALUES ("45b9ed4e-8fbf-496f-921f-8eb7499b9299",
	"8599303c-5b17-43d2-9eba-2df9615e7c9d",
	"00000000-0000-0000-0000-000000000000",
	'row',
	"e265649e-96c0-4a38-8856-c9ea848b49d7",
	3,
	18);
INSERT INTO V_VAL
	VALUES ("e265649e-96c0-4a38-8856-c9ea848b49d7",
	0,
	0,
	3,
	32,
	32,
	0,
	0,
	0,
	0,
	"811f1dd7-74f0-407e-b449-939d0de5ee8d",
	"42efc591-090b-449a-9c96-0d71df24e06d");
INSERT INTO V_LIN
	VALUES ("e265649e-96c0-4a38-8856-c9ea848b49d7",
	'6');
INSERT INTO V_PAR
	VALUES ("e265649e-96c0-4a38-8856-c9ea848b49d7",
	"8599303c-5b17-43d2-9eba-2df9615e7c9d",
	"00000000-0000-0000-0000-000000000000",
	'column',
	"d10d3c2f-5983-41f3-b0af-19f42a872c6e",
	3,
	25);
INSERT INTO V_VAL
	VALUES ("d10d3c2f-5983-41f3-b0af-19f42a872c6e",
	0,
	0,
	3,
	42,
	42,
	0,
	0,
	0,
	0,
	"811f1dd7-74f0-407e-b449-939d0de5ee8d",
	"42efc591-090b-449a-9c96-0d71df24e06d");
INSERT INTO V_LIN
	VALUES ("d10d3c2f-5983-41f3-b0af-19f42a872c6e",
	'3');
INSERT INTO V_PAR
	VALUES ("d10d3c2f-5983-41f3-b0af-19f42a872c6e",
	"8599303c-5b17-43d2-9eba-2df9615e7c9d",
	"00000000-0000-0000-0000-000000000000",
	'answer',
	"00000000-0000-0000-0000-000000000000",
	3,
	35);
INSERT INTO V_VAL
	VALUES ("a0541932-d7d5-48df-8f32-0a6a5390670d",
	0,
	0,
	4,
	22,
	22,
	0,
	0,
	0,
	0,
	"811f1dd7-74f0-407e-b449-939d0de5ee8d",
	"42efc591-090b-449a-9c96-0d71df24e06d");
INSERT INTO V_LIN
	VALUES ("a0541932-d7d5-48df-8f32-0a6a5390670d",
	'1');
INSERT INTO V_PAR
	VALUES ("a0541932-d7d5-48df-8f32-0a6a5390670d",
	"cb9664e9-93d0-4605-bb31-4e882add96a1",
	"00000000-0000-0000-0000-000000000000",
	'row',
	"a5cb6ecb-af8b-4292-846b-87ddf23a2a00",
	4,
	18);
INSERT INTO V_VAL
	VALUES ("a5cb6ecb-af8b-4292-846b-87ddf23a2a00",
	0,
	0,
	4,
	32,
	32,
	0,
	0,
	0,
	0,
	"811f1dd7-74f0-407e-b449-939d0de5ee8d",
	"42efc591-090b-449a-9c96-0d71df24e06d");
INSERT INTO V_LIN
	VALUES ("a5cb6ecb-af8b-4292-846b-87ddf23a2a00",
	'7');
INSERT INTO V_PAR
	VALUES ("a5cb6ecb-af8b-4292-846b-87ddf23a2a00",
	"cb9664e9-93d0-4605-bb31-4e882add96a1",
	"00000000-0000-0000-0000-000000000000",
	'column',
	"247f091a-4529-45b3-b321-7c6781939770",
	4,
	25);
INSERT INTO V_VAL
	VALUES ("247f091a-4529-45b3-b321-7c6781939770",
	0,
	0,
	4,
	42,
	42,
	0,
	0,
	0,
	0,
	"811f1dd7-74f0-407e-b449-939d0de5ee8d",
	"42efc591-090b-449a-9c96-0d71df24e06d");
INSERT INTO V_LIN
	VALUES ("247f091a-4529-45b3-b321-7c6781939770",
	'4');
INSERT INTO V_PAR
	VALUES ("247f091a-4529-45b3-b321-7c6781939770",
	"cb9664e9-93d0-4605-bb31-4e882add96a1",
	"00000000-0000-0000-0000-000000000000",
	'answer',
	"00000000-0000-0000-0000-000000000000",
	4,
	35);
INSERT INTO V_VAL
	VALUES ("68f5ffd4-b392-43c5-b72b-ecd56e831554",
	0,
	0,
	6,
	22,
	22,
	0,
	0,
	0,
	0,
	"811f1dd7-74f0-407e-b449-939d0de5ee8d",
	"42efc591-090b-449a-9c96-0d71df24e06d");
INSERT INTO V_LIN
	VALUES ("68f5ffd4-b392-43c5-b72b-ecd56e831554",
	'2');
INSERT INTO V_PAR
	VALUES ("68f5ffd4-b392-43c5-b72b-ecd56e831554",
	"1c1ca8c8-fa99-48d6-a700-044c1066d20b",
	"00000000-0000-0000-0000-000000000000",
	'row',
	"a24734fd-28fe-4716-9132-81cf5db071ad",
	6,
	18);
INSERT INTO V_VAL
	VALUES ("a24734fd-28fe-4716-9132-81cf5db071ad",
	0,
	0,
	6,
	32,
	32,
	0,
	0,
	0,
	0,
	"811f1dd7-74f0-407e-b449-939d0de5ee8d",
	"42efc591-090b-449a-9c96-0d71df24e06d");
INSERT INTO V_LIN
	VALUES ("a24734fd-28fe-4716-9132-81cf5db071ad",
	'1');
INSERT INTO V_PAR
	VALUES ("a24734fd-28fe-4716-9132-81cf5db071ad",
	"1c1ca8c8-fa99-48d6-a700-044c1066d20b",
	"00000000-0000-0000-0000-000000000000",
	'column',
	"fb54b74c-0289-4447-9cca-cc134710d6b7",
	6,
	25);
INSERT INTO V_VAL
	VALUES ("fb54b74c-0289-4447-9cca-cc134710d6b7",
	0,
	0,
	6,
	42,
	42,
	0,
	0,
	0,
	0,
	"811f1dd7-74f0-407e-b449-939d0de5ee8d",
	"42efc591-090b-449a-9c96-0d71df24e06d");
INSERT INTO V_LIN
	VALUES ("fb54b74c-0289-4447-9cca-cc134710d6b7",
	'3');
INSERT INTO V_PAR
	VALUES ("fb54b74c-0289-4447-9cca-cc134710d6b7",
	"1c1ca8c8-fa99-48d6-a700-044c1066d20b",
	"00000000-0000-0000-0000-000000000000",
	'answer',
	"00000000-0000-0000-0000-000000000000",
	6,
	35);
INSERT INTO V_VAL
	VALUES ("c44bc891-127d-452b-a0fd-01fb3c285658",
	0,
	0,
	7,
	22,
	22,
	0,
	0,
	0,
	0,
	"811f1dd7-74f0-407e-b449-939d0de5ee8d",
	"42efc591-090b-449a-9c96-0d71df24e06d");
INSERT INTO V_LIN
	VALUES ("c44bc891-127d-452b-a0fd-01fb3c285658",
	'2');
INSERT INTO V_PAR
	VALUES ("c44bc891-127d-452b-a0fd-01fb3c285658",
	"8d81e801-2e6d-410d-9d97-fa21c662cb10",
	"00000000-0000-0000-0000-000000000000",
	'row',
	"532a9ade-5c18-4fc0-b472-e7918f001068",
	7,
	18);
INSERT INTO V_VAL
	VALUES ("532a9ade-5c18-4fc0-b472-e7918f001068",
	0,
	0,
	7,
	32,
	32,
	0,
	0,
	0,
	0,
	"811f1dd7-74f0-407e-b449-939d0de5ee8d",
	"42efc591-090b-449a-9c96-0d71df24e06d");
INSERT INTO V_LIN
	VALUES ("532a9ade-5c18-4fc0-b472-e7918f001068",
	'6');
INSERT INTO V_PAR
	VALUES ("532a9ade-5c18-4fc0-b472-e7918f001068",
	"8d81e801-2e6d-410d-9d97-fa21c662cb10",
	"00000000-0000-0000-0000-000000000000",
	'column',
	"2df2eb49-5100-4e09-8551-5e6811c5a52c",
	7,
	25);
INSERT INTO V_VAL
	VALUES ("2df2eb49-5100-4e09-8551-5e6811c5a52c",
	0,
	0,
	7,
	42,
	42,
	0,
	0,
	0,
	0,
	"811f1dd7-74f0-407e-b449-939d0de5ee8d",
	"42efc591-090b-449a-9c96-0d71df24e06d");
INSERT INTO V_LIN
	VALUES ("2df2eb49-5100-4e09-8551-5e6811c5a52c",
	'4');
INSERT INTO V_PAR
	VALUES ("2df2eb49-5100-4e09-8551-5e6811c5a52c",
	"8d81e801-2e6d-410d-9d97-fa21c662cb10",
	"00000000-0000-0000-0000-000000000000",
	'answer',
	"00000000-0000-0000-0000-000000000000",
	7,
	35);
INSERT INTO V_VAL
	VALUES ("e71f55c4-6048-4e04-bd3c-7d70c84f6f3e",
	0,
	0,
	8,
	22,
	22,
	0,
	0,
	0,
	0,
	"811f1dd7-74f0-407e-b449-939d0de5ee8d",
	"42efc591-090b-449a-9c96-0d71df24e06d");
INSERT INTO V_LIN
	VALUES ("e71f55c4-6048-4e04-bd3c-7d70c84f6f3e",
	'2');
INSERT INTO V_PAR
	VALUES ("e71f55c4-6048-4e04-bd3c-7d70c84f6f3e",
	"a97d63e0-2b6b-4945-b318-f3798dcc7203",
	"00000000-0000-0000-0000-000000000000",
	'row',
	"79af7209-ab3b-49c6-b59e-12f903c9f34c",
	8,
	18);
INSERT INTO V_VAL
	VALUES ("79af7209-ab3b-49c6-b59e-12f903c9f34c",
	0,
	0,
	8,
	32,
	32,
	0,
	0,
	0,
	0,
	"811f1dd7-74f0-407e-b449-939d0de5ee8d",
	"42efc591-090b-449a-9c96-0d71df24e06d");
INSERT INTO V_LIN
	VALUES ("79af7209-ab3b-49c6-b59e-12f903c9f34c",
	'7');
INSERT INTO V_PAR
	VALUES ("79af7209-ab3b-49c6-b59e-12f903c9f34c",
	"a97d63e0-2b6b-4945-b318-f3798dcc7203",
	"00000000-0000-0000-0000-000000000000",
	'column',
	"c34bd161-35f7-4b1c-9ac8-7352e65d0794",
	8,
	25);
INSERT INTO V_VAL
	VALUES ("c34bd161-35f7-4b1c-9ac8-7352e65d0794",
	0,
	0,
	8,
	42,
	42,
	0,
	0,
	0,
	0,
	"811f1dd7-74f0-407e-b449-939d0de5ee8d",
	"42efc591-090b-449a-9c96-0d71df24e06d");
INSERT INTO V_LIN
	VALUES ("c34bd161-35f7-4b1c-9ac8-7352e65d0794",
	'8');
INSERT INTO V_PAR
	VALUES ("c34bd161-35f7-4b1c-9ac8-7352e65d0794",
	"a97d63e0-2b6b-4945-b318-f3798dcc7203",
	"00000000-0000-0000-0000-000000000000",
	'answer',
	"00000000-0000-0000-0000-000000000000",
	8,
	35);
INSERT INTO V_VAL
	VALUES ("bf4a97d0-4f8c-47bb-b094-ba77b56400a8",
	0,
	0,
	9,
	22,
	22,
	0,
	0,
	0,
	0,
	"811f1dd7-74f0-407e-b449-939d0de5ee8d",
	"42efc591-090b-449a-9c96-0d71df24e06d");
INSERT INTO V_LIN
	VALUES ("bf4a97d0-4f8c-47bb-b094-ba77b56400a8",
	'2');
INSERT INTO V_PAR
	VALUES ("bf4a97d0-4f8c-47bb-b094-ba77b56400a8",
	"ec20089f-5ad9-4c51-bbf8-97a930fb427c",
	"00000000-0000-0000-0000-000000000000",
	'row',
	"981c916c-04ec-444e-a97b-9739e1489e41",
	9,
	18);
INSERT INTO V_VAL
	VALUES ("981c916c-04ec-444e-a97b-9739e1489e41",
	0,
	0,
	9,
	32,
	32,
	0,
	0,
	0,
	0,
	"811f1dd7-74f0-407e-b449-939d0de5ee8d",
	"42efc591-090b-449a-9c96-0d71df24e06d");
INSERT INTO V_LIN
	VALUES ("981c916c-04ec-444e-a97b-9739e1489e41",
	'8');
INSERT INTO V_PAR
	VALUES ("981c916c-04ec-444e-a97b-9739e1489e41",
	"ec20089f-5ad9-4c51-bbf8-97a930fb427c",
	"00000000-0000-0000-0000-000000000000",
	'column',
	"d510e4d6-0643-49e6-9397-55465a066985",
	9,
	25);
INSERT INTO V_VAL
	VALUES ("d510e4d6-0643-49e6-9397-55465a066985",
	0,
	0,
	9,
	42,
	42,
	0,
	0,
	0,
	0,
	"811f1dd7-74f0-407e-b449-939d0de5ee8d",
	"42efc591-090b-449a-9c96-0d71df24e06d");
INSERT INTO V_LIN
	VALUES ("d510e4d6-0643-49e6-9397-55465a066985",
	'2');
INSERT INTO V_PAR
	VALUES ("d510e4d6-0643-49e6-9397-55465a066985",
	"ec20089f-5ad9-4c51-bbf8-97a930fb427c",
	"00000000-0000-0000-0000-000000000000",
	'answer',
	"00000000-0000-0000-0000-000000000000",
	9,
	35);
INSERT INTO V_VAL
	VALUES ("31836e5a-e075-4165-80e8-1d9c6645432c",
	0,
	0,
	10,
	22,
	22,
	0,
	0,
	0,
	0,
	"811f1dd7-74f0-407e-b449-939d0de5ee8d",
	"42efc591-090b-449a-9c96-0d71df24e06d");
INSERT INTO V_LIN
	VALUES ("31836e5a-e075-4165-80e8-1d9c6645432c",
	'2');
INSERT INTO V_PAR
	VALUES ("31836e5a-e075-4165-80e8-1d9c6645432c",
	"6f62e4b0-51be-4199-bcad-116fe9bc31e6",
	"00000000-0000-0000-0000-000000000000",
	'row',
	"a454b8e8-ede7-479c-826f-9b452b11c55f",
	10,
	18);
INSERT INTO V_VAL
	VALUES ("a454b8e8-ede7-479c-826f-9b452b11c55f",
	0,
	0,
	10,
	32,
	32,
	0,
	0,
	0,
	0,
	"811f1dd7-74f0-407e-b449-939d0de5ee8d",
	"42efc591-090b-449a-9c96-0d71df24e06d");
INSERT INTO V_LIN
	VALUES ("a454b8e8-ede7-479c-826f-9b452b11c55f",
	'9');
INSERT INTO V_PAR
	VALUES ("a454b8e8-ede7-479c-826f-9b452b11c55f",
	"6f62e4b0-51be-4199-bcad-116fe9bc31e6",
	"00000000-0000-0000-0000-000000000000",
	'column',
	"211af41a-aa01-4198-807b-9c9e9fdb92de",
	10,
	25);
INSERT INTO V_VAL
	VALUES ("211af41a-aa01-4198-807b-9c9e9fdb92de",
	0,
	0,
	10,
	42,
	42,
	0,
	0,
	0,
	0,
	"811f1dd7-74f0-407e-b449-939d0de5ee8d",
	"42efc591-090b-449a-9c96-0d71df24e06d");
INSERT INTO V_LIN
	VALUES ("211af41a-aa01-4198-807b-9c9e9fdb92de",
	'1');
INSERT INTO V_PAR
	VALUES ("211af41a-aa01-4198-807b-9c9e9fdb92de",
	"6f62e4b0-51be-4199-bcad-116fe9bc31e6",
	"00000000-0000-0000-0000-000000000000",
	'answer',
	"00000000-0000-0000-0000-000000000000",
	10,
	35);
INSERT INTO V_VAL
	VALUES ("cd5adebd-396e-4473-8430-1cf2b451efb9",
	0,
	0,
	12,
	22,
	22,
	0,
	0,
	0,
	0,
	"811f1dd7-74f0-407e-b449-939d0de5ee8d",
	"42efc591-090b-449a-9c96-0d71df24e06d");
INSERT INTO V_LIN
	VALUES ("cd5adebd-396e-4473-8430-1cf2b451efb9",
	'3');
INSERT INTO V_PAR
	VALUES ("cd5adebd-396e-4473-8430-1cf2b451efb9",
	"1efc6c0b-2c95-478d-890d-a6f72b281a52",
	"00000000-0000-0000-0000-000000000000",
	'row',
	"962107da-2203-4af3-8197-abf3c9bc2be5",
	12,
	18);
INSERT INTO V_VAL
	VALUES ("962107da-2203-4af3-8197-abf3c9bc2be5",
	0,
	0,
	12,
	32,
	32,
	0,
	0,
	0,
	0,
	"811f1dd7-74f0-407e-b449-939d0de5ee8d",
	"42efc591-090b-449a-9c96-0d71df24e06d");
INSERT INTO V_LIN
	VALUES ("962107da-2203-4af3-8197-abf3c9bc2be5",
	'1');
INSERT INTO V_PAR
	VALUES ("962107da-2203-4af3-8197-abf3c9bc2be5",
	"1efc6c0b-2c95-478d-890d-a6f72b281a52",
	"00000000-0000-0000-0000-000000000000",
	'column',
	"5be9f0a5-8a92-4140-b54f-d17fd0d0c8c5",
	12,
	25);
INSERT INTO V_VAL
	VALUES ("5be9f0a5-8a92-4140-b54f-d17fd0d0c8c5",
	0,
	0,
	12,
	42,
	42,
	0,
	0,
	0,
	0,
	"811f1dd7-74f0-407e-b449-939d0de5ee8d",
	"42efc591-090b-449a-9c96-0d71df24e06d");
INSERT INTO V_LIN
	VALUES ("5be9f0a5-8a92-4140-b54f-d17fd0d0c8c5",
	'7');
INSERT INTO V_PAR
	VALUES ("5be9f0a5-8a92-4140-b54f-d17fd0d0c8c5",
	"1efc6c0b-2c95-478d-890d-a6f72b281a52",
	"00000000-0000-0000-0000-000000000000",
	'answer',
	"00000000-0000-0000-0000-000000000000",
	12,
	35);
INSERT INTO V_VAL
	VALUES ("353e29e4-5f32-42cf-8ed8-f14741a41931",
	0,
	0,
	14,
	22,
	22,
	0,
	0,
	0,
	0,
	"811f1dd7-74f0-407e-b449-939d0de5ee8d",
	"42efc591-090b-449a-9c96-0d71df24e06d");
INSERT INTO V_LIN
	VALUES ("353e29e4-5f32-42cf-8ed8-f14741a41931",
	'4');
INSERT INTO V_PAR
	VALUES ("353e29e4-5f32-42cf-8ed8-f14741a41931",
	"7da4f871-bbde-4292-8c9d-0ef0c3df116a",
	"00000000-0000-0000-0000-000000000000",
	'row',
	"1af42ac6-2dfb-479b-b495-ab5e2bde69d8",
	14,
	18);
INSERT INTO V_VAL
	VALUES ("1af42ac6-2dfb-479b-b495-ab5e2bde69d8",
	0,
	0,
	14,
	32,
	32,
	0,
	0,
	0,
	0,
	"811f1dd7-74f0-407e-b449-939d0de5ee8d",
	"42efc591-090b-449a-9c96-0d71df24e06d");
INSERT INTO V_LIN
	VALUES ("1af42ac6-2dfb-479b-b495-ab5e2bde69d8",
	'3');
INSERT INTO V_PAR
	VALUES ("1af42ac6-2dfb-479b-b495-ab5e2bde69d8",
	"7da4f871-bbde-4292-8c9d-0ef0c3df116a",
	"00000000-0000-0000-0000-000000000000",
	'column',
	"8a1e76cf-8c89-4aaf-b77a-44f0b5b46fc0",
	14,
	25);
INSERT INTO V_VAL
	VALUES ("8a1e76cf-8c89-4aaf-b77a-44f0b5b46fc0",
	0,
	0,
	14,
	42,
	42,
	0,
	0,
	0,
	0,
	"811f1dd7-74f0-407e-b449-939d0de5ee8d",
	"42efc591-090b-449a-9c96-0d71df24e06d");
INSERT INTO V_LIN
	VALUES ("8a1e76cf-8c89-4aaf-b77a-44f0b5b46fc0",
	'9');
INSERT INTO V_PAR
	VALUES ("8a1e76cf-8c89-4aaf-b77a-44f0b5b46fc0",
	"7da4f871-bbde-4292-8c9d-0ef0c3df116a",
	"00000000-0000-0000-0000-000000000000",
	'answer',
	"00000000-0000-0000-0000-000000000000",
	14,
	35);
INSERT INTO V_VAL
	VALUES ("b9d4fa5c-bbf1-4d36-903a-265cb14cab40",
	0,
	0,
	15,
	22,
	22,
	0,
	0,
	0,
	0,
	"811f1dd7-74f0-407e-b449-939d0de5ee8d",
	"42efc591-090b-449a-9c96-0d71df24e06d");
INSERT INTO V_LIN
	VALUES ("b9d4fa5c-bbf1-4d36-903a-265cb14cab40",
	'4');
INSERT INTO V_PAR
	VALUES ("b9d4fa5c-bbf1-4d36-903a-265cb14cab40",
	"35f564fa-107a-495c-917c-61e8d7c8fd61",
	"00000000-0000-0000-0000-000000000000",
	'row',
	"b19eddc6-6661-47e4-bc60-694614c359e9",
	15,
	18);
INSERT INTO V_VAL
	VALUES ("b19eddc6-6661-47e4-bc60-694614c359e9",
	0,
	0,
	15,
	32,
	32,
	0,
	0,
	0,
	0,
	"811f1dd7-74f0-407e-b449-939d0de5ee8d",
	"42efc591-090b-449a-9c96-0d71df24e06d");
INSERT INTO V_LIN
	VALUES ("b19eddc6-6661-47e4-bc60-694614c359e9",
	'4');
INSERT INTO V_PAR
	VALUES ("b19eddc6-6661-47e4-bc60-694614c359e9",
	"35f564fa-107a-495c-917c-61e8d7c8fd61",
	"00000000-0000-0000-0000-000000000000",
	'column',
	"17802616-cae9-4b09-8954-a21e145a2a06",
	15,
	25);
INSERT INTO V_VAL
	VALUES ("17802616-cae9-4b09-8954-a21e145a2a06",
	0,
	0,
	15,
	42,
	42,
	0,
	0,
	0,
	0,
	"811f1dd7-74f0-407e-b449-939d0de5ee8d",
	"42efc591-090b-449a-9c96-0d71df24e06d");
INSERT INTO V_LIN
	VALUES ("17802616-cae9-4b09-8954-a21e145a2a06",
	'4');
INSERT INTO V_PAR
	VALUES ("17802616-cae9-4b09-8954-a21e145a2a06",
	"35f564fa-107a-495c-917c-61e8d7c8fd61",
	"00000000-0000-0000-0000-000000000000",
	'answer',
	"00000000-0000-0000-0000-000000000000",
	15,
	35);
INSERT INTO V_VAL
	VALUES ("a4869a07-8c69-412c-9339-c6780764e7bc",
	0,
	0,
	16,
	22,
	22,
	0,
	0,
	0,
	0,
	"811f1dd7-74f0-407e-b449-939d0de5ee8d",
	"42efc591-090b-449a-9c96-0d71df24e06d");
INSERT INTO V_LIN
	VALUES ("a4869a07-8c69-412c-9339-c6780764e7bc",
	'4');
INSERT INTO V_PAR
	VALUES ("a4869a07-8c69-412c-9339-c6780764e7bc",
	"b6c08ea0-afc6-48e9-b39f-eb0db2e9c5c3",
	"00000000-0000-0000-0000-000000000000",
	'row',
	"29263d44-9366-4a11-916f-58ce9a361288",
	16,
	18);
INSERT INTO V_VAL
	VALUES ("29263d44-9366-4a11-916f-58ce9a361288",
	0,
	0,
	16,
	32,
	32,
	0,
	0,
	0,
	0,
	"811f1dd7-74f0-407e-b449-939d0de5ee8d",
	"42efc591-090b-449a-9c96-0d71df24e06d");
INSERT INTO V_LIN
	VALUES ("29263d44-9366-4a11-916f-58ce9a361288",
	'6');
INSERT INTO V_PAR
	VALUES ("29263d44-9366-4a11-916f-58ce9a361288",
	"b6c08ea0-afc6-48e9-b39f-eb0db2e9c5c3",
	"00000000-0000-0000-0000-000000000000",
	'column',
	"6827e576-213f-4b25-8203-9e6e82dd42eb",
	16,
	25);
INSERT INTO V_VAL
	VALUES ("6827e576-213f-4b25-8203-9e6e82dd42eb",
	0,
	0,
	16,
	42,
	42,
	0,
	0,
	0,
	0,
	"811f1dd7-74f0-407e-b449-939d0de5ee8d",
	"42efc591-090b-449a-9c96-0d71df24e06d");
INSERT INTO V_LIN
	VALUES ("6827e576-213f-4b25-8203-9e6e82dd42eb",
	'1');
INSERT INTO V_PAR
	VALUES ("6827e576-213f-4b25-8203-9e6e82dd42eb",
	"b6c08ea0-afc6-48e9-b39f-eb0db2e9c5c3",
	"00000000-0000-0000-0000-000000000000",
	'answer',
	"00000000-0000-0000-0000-000000000000",
	16,
	35);
INSERT INTO V_VAL
	VALUES ("e8576e92-457d-481a-9453-5e3fdad45c41",
	0,
	0,
	17,
	22,
	22,
	0,
	0,
	0,
	0,
	"811f1dd7-74f0-407e-b449-939d0de5ee8d",
	"42efc591-090b-449a-9c96-0d71df24e06d");
INSERT INTO V_LIN
	VALUES ("e8576e92-457d-481a-9453-5e3fdad45c41",
	'4');
INSERT INTO V_PAR
	VALUES ("e8576e92-457d-481a-9453-5e3fdad45c41",
	"d61ff544-177e-4963-bcc8-9fe6cca43af6",
	"00000000-0000-0000-0000-000000000000",
	'row',
	"e82ca47d-c9e1-477c-9d34-afd1c480ac55",
	17,
	18);
INSERT INTO V_VAL
	VALUES ("e82ca47d-c9e1-477c-9d34-afd1c480ac55",
	0,
	0,
	17,
	32,
	32,
	0,
	0,
	0,
	0,
	"811f1dd7-74f0-407e-b449-939d0de5ee8d",
	"42efc591-090b-449a-9c96-0d71df24e06d");
INSERT INTO V_LIN
	VALUES ("e82ca47d-c9e1-477c-9d34-afd1c480ac55",
	'8');
INSERT INTO V_PAR
	VALUES ("e82ca47d-c9e1-477c-9d34-afd1c480ac55",
	"d61ff544-177e-4963-bcc8-9fe6cca43af6",
	"00000000-0000-0000-0000-000000000000",
	'column',
	"90fb5d97-9ed2-4084-855d-31232a65c559",
	17,
	25);
INSERT INTO V_VAL
	VALUES ("90fb5d97-9ed2-4084-855d-31232a65c559",
	0,
	0,
	17,
	42,
	42,
	0,
	0,
	0,
	0,
	"811f1dd7-74f0-407e-b449-939d0de5ee8d",
	"42efc591-090b-449a-9c96-0d71df24e06d");
INSERT INTO V_LIN
	VALUES ("90fb5d97-9ed2-4084-855d-31232a65c559",
	'8');
INSERT INTO V_PAR
	VALUES ("90fb5d97-9ed2-4084-855d-31232a65c559",
	"d61ff544-177e-4963-bcc8-9fe6cca43af6",
	"00000000-0000-0000-0000-000000000000",
	'answer',
	"00000000-0000-0000-0000-000000000000",
	17,
	35);
INSERT INTO V_VAL
	VALUES ("6f7db4b8-6d9f-42e0-8c71-200daa822058",
	0,
	0,
	18,
	22,
	22,
	0,
	0,
	0,
	0,
	"811f1dd7-74f0-407e-b449-939d0de5ee8d",
	"42efc591-090b-449a-9c96-0d71df24e06d");
INSERT INTO V_LIN
	VALUES ("6f7db4b8-6d9f-42e0-8c71-200daa822058",
	'4');
INSERT INTO V_PAR
	VALUES ("6f7db4b8-6d9f-42e0-8c71-200daa822058",
	"0c60c26a-2956-400f-99f9-0997568d3076",
	"00000000-0000-0000-0000-000000000000",
	'row',
	"c90fe485-a97e-405e-a708-0996c62bc7e4",
	18,
	18);
INSERT INTO V_VAL
	VALUES ("c90fe485-a97e-405e-a708-0996c62bc7e4",
	0,
	0,
	18,
	32,
	32,
	0,
	0,
	0,
	0,
	"811f1dd7-74f0-407e-b449-939d0de5ee8d",
	"42efc591-090b-449a-9c96-0d71df24e06d");
INSERT INTO V_LIN
	VALUES ("c90fe485-a97e-405e-a708-0996c62bc7e4",
	'9');
INSERT INTO V_PAR
	VALUES ("c90fe485-a97e-405e-a708-0996c62bc7e4",
	"0c60c26a-2956-400f-99f9-0997568d3076",
	"00000000-0000-0000-0000-000000000000",
	'column',
	"c4b237cc-e483-4c6f-a928-282d88ff03bb",
	18,
	25);
INSERT INTO V_VAL
	VALUES ("c4b237cc-e483-4c6f-a928-282d88ff03bb",
	0,
	0,
	18,
	42,
	42,
	0,
	0,
	0,
	0,
	"811f1dd7-74f0-407e-b449-939d0de5ee8d",
	"42efc591-090b-449a-9c96-0d71df24e06d");
INSERT INTO V_LIN
	VALUES ("c4b237cc-e483-4c6f-a928-282d88ff03bb",
	'3');
INSERT INTO V_PAR
	VALUES ("c4b237cc-e483-4c6f-a928-282d88ff03bb",
	"0c60c26a-2956-400f-99f9-0997568d3076",
	"00000000-0000-0000-0000-000000000000",
	'answer',
	"00000000-0000-0000-0000-000000000000",
	18,
	35);
INSERT INTO V_VAL
	VALUES ("51dac33e-bf00-4d01-be4d-6a60ee0755a7",
	0,
	0,
	21,
	22,
	22,
	0,
	0,
	0,
	0,
	"811f1dd7-74f0-407e-b449-939d0de5ee8d",
	"42efc591-090b-449a-9c96-0d71df24e06d");
INSERT INTO V_LIN
	VALUES ("51dac33e-bf00-4d01-be4d-6a60ee0755a7",
	'6');
INSERT INTO V_PAR
	VALUES ("51dac33e-bf00-4d01-be4d-6a60ee0755a7",
	"329ad224-9a94-45ba-a41b-f9e10f7de2a8",
	"00000000-0000-0000-0000-000000000000",
	'row',
	"6fc3c1d6-891e-4cca-ac00-4900181a9f76",
	21,
	18);
INSERT INTO V_VAL
	VALUES ("6fc3c1d6-891e-4cca-ac00-4900181a9f76",
	0,
	0,
	21,
	32,
	32,
	0,
	0,
	0,
	0,
	"811f1dd7-74f0-407e-b449-939d0de5ee8d",
	"42efc591-090b-449a-9c96-0d71df24e06d");
INSERT INTO V_LIN
	VALUES ("6fc3c1d6-891e-4cca-ac00-4900181a9f76",
	'1');
INSERT INTO V_PAR
	VALUES ("6fc3c1d6-891e-4cca-ac00-4900181a9f76",
	"329ad224-9a94-45ba-a41b-f9e10f7de2a8",
	"00000000-0000-0000-0000-000000000000",
	'column',
	"b25e5eb9-13fe-41b8-974c-47f79989c300",
	21,
	25);
INSERT INTO V_VAL
	VALUES ("b25e5eb9-13fe-41b8-974c-47f79989c300",
	0,
	0,
	21,
	42,
	42,
	0,
	0,
	0,
	0,
	"811f1dd7-74f0-407e-b449-939d0de5ee8d",
	"42efc591-090b-449a-9c96-0d71df24e06d");
INSERT INTO V_LIN
	VALUES ("b25e5eb9-13fe-41b8-974c-47f79989c300",
	'4');
INSERT INTO V_PAR
	VALUES ("b25e5eb9-13fe-41b8-974c-47f79989c300",
	"329ad224-9a94-45ba-a41b-f9e10f7de2a8",
	"00000000-0000-0000-0000-000000000000",
	'answer',
	"00000000-0000-0000-0000-000000000000",
	21,
	35);
INSERT INTO V_VAL
	VALUES ("e5d21482-e933-4558-9418-492736e07478",
	0,
	0,
	22,
	22,
	22,
	0,
	0,
	0,
	0,
	"811f1dd7-74f0-407e-b449-939d0de5ee8d",
	"42efc591-090b-449a-9c96-0d71df24e06d");
INSERT INTO V_LIN
	VALUES ("e5d21482-e933-4558-9418-492736e07478",
	'6');
INSERT INTO V_PAR
	VALUES ("e5d21482-e933-4558-9418-492736e07478",
	"5b78be69-8b4e-4126-a648-44bee7e3d73e",
	"00000000-0000-0000-0000-000000000000",
	'row',
	"118b5e60-9008-468a-a85a-0c7fa149012e",
	22,
	18);
INSERT INTO V_VAL
	VALUES ("118b5e60-9008-468a-a85a-0c7fa149012e",
	0,
	0,
	22,
	32,
	32,
	0,
	0,
	0,
	0,
	"811f1dd7-74f0-407e-b449-939d0de5ee8d",
	"42efc591-090b-449a-9c96-0d71df24e06d");
INSERT INTO V_LIN
	VALUES ("118b5e60-9008-468a-a85a-0c7fa149012e",
	'2');
INSERT INTO V_PAR
	VALUES ("118b5e60-9008-468a-a85a-0c7fa149012e",
	"5b78be69-8b4e-4126-a648-44bee7e3d73e",
	"00000000-0000-0000-0000-000000000000",
	'column',
	"334d646c-37ee-4b2f-8c29-c325858f1b83",
	22,
	25);
INSERT INTO V_VAL
	VALUES ("334d646c-37ee-4b2f-8c29-c325858f1b83",
	0,
	0,
	22,
	42,
	42,
	0,
	0,
	0,
	0,
	"811f1dd7-74f0-407e-b449-939d0de5ee8d",
	"42efc591-090b-449a-9c96-0d71df24e06d");
INSERT INTO V_LIN
	VALUES ("334d646c-37ee-4b2f-8c29-c325858f1b83",
	'6');
INSERT INTO V_PAR
	VALUES ("334d646c-37ee-4b2f-8c29-c325858f1b83",
	"5b78be69-8b4e-4126-a648-44bee7e3d73e",
	"00000000-0000-0000-0000-000000000000",
	'answer',
	"00000000-0000-0000-0000-000000000000",
	22,
	35);
INSERT INTO V_VAL
	VALUES ("6e865958-3f0c-4835-a7a6-a45402367cc7",
	0,
	0,
	23,
	22,
	22,
	0,
	0,
	0,
	0,
	"811f1dd7-74f0-407e-b449-939d0de5ee8d",
	"42efc591-090b-449a-9c96-0d71df24e06d");
INSERT INTO V_LIN
	VALUES ("6e865958-3f0c-4835-a7a6-a45402367cc7",
	'6');
INSERT INTO V_PAR
	VALUES ("6e865958-3f0c-4835-a7a6-a45402367cc7",
	"c8ebf33a-edf1-4906-88cb-c1e6ce3cf5c6",
	"00000000-0000-0000-0000-000000000000",
	'row',
	"83bed3c1-0478-4520-9200-b47b4b135f76",
	23,
	18);
INSERT INTO V_VAL
	VALUES ("83bed3c1-0478-4520-9200-b47b4b135f76",
	0,
	0,
	23,
	32,
	32,
	0,
	0,
	0,
	0,
	"811f1dd7-74f0-407e-b449-939d0de5ee8d",
	"42efc591-090b-449a-9c96-0d71df24e06d");
INSERT INTO V_LIN
	VALUES ("83bed3c1-0478-4520-9200-b47b4b135f76",
	'4');
INSERT INTO V_PAR
	VALUES ("83bed3c1-0478-4520-9200-b47b4b135f76",
	"c8ebf33a-edf1-4906-88cb-c1e6ce3cf5c6",
	"00000000-0000-0000-0000-000000000000",
	'column',
	"ee73d872-94f6-40c7-bf70-f166d3c5a200",
	23,
	25);
INSERT INTO V_VAL
	VALUES ("ee73d872-94f6-40c7-bf70-f166d3c5a200",
	0,
	0,
	23,
	42,
	42,
	0,
	0,
	0,
	0,
	"811f1dd7-74f0-407e-b449-939d0de5ee8d",
	"42efc591-090b-449a-9c96-0d71df24e06d");
INSERT INTO V_LIN
	VALUES ("ee73d872-94f6-40c7-bf70-f166d3c5a200",
	'5');
INSERT INTO V_PAR
	VALUES ("ee73d872-94f6-40c7-bf70-f166d3c5a200",
	"c8ebf33a-edf1-4906-88cb-c1e6ce3cf5c6",
	"00000000-0000-0000-0000-000000000000",
	'answer',
	"00000000-0000-0000-0000-000000000000",
	23,
	35);
INSERT INTO V_VAL
	VALUES ("7de02853-6017-4479-b42f-cff5c7c2bdff",
	0,
	0,
	24,
	22,
	22,
	0,
	0,
	0,
	0,
	"811f1dd7-74f0-407e-b449-939d0de5ee8d",
	"42efc591-090b-449a-9c96-0d71df24e06d");
INSERT INTO V_LIN
	VALUES ("7de02853-6017-4479-b42f-cff5c7c2bdff",
	'6');
INSERT INTO V_PAR
	VALUES ("7de02853-6017-4479-b42f-cff5c7c2bdff",
	"9ffbc0e3-9bbf-4758-ae72-3f7cdef4956c",
	"00000000-0000-0000-0000-000000000000",
	'row',
	"026f77c7-845a-4e05-af1f-c8ae4617b85c",
	24,
	18);
INSERT INTO V_VAL
	VALUES ("026f77c7-845a-4e05-af1f-c8ae4617b85c",
	0,
	0,
	24,
	32,
	32,
	0,
	0,
	0,
	0,
	"811f1dd7-74f0-407e-b449-939d0de5ee8d",
	"42efc591-090b-449a-9c96-0d71df24e06d");
INSERT INTO V_LIN
	VALUES ("026f77c7-845a-4e05-af1f-c8ae4617b85c",
	'6');
INSERT INTO V_PAR
	VALUES ("026f77c7-845a-4e05-af1f-c8ae4617b85c",
	"9ffbc0e3-9bbf-4758-ae72-3f7cdef4956c",
	"00000000-0000-0000-0000-000000000000",
	'column',
	"941b2fc5-12ef-4670-80aa-988f8373b08b",
	24,
	25);
INSERT INTO V_VAL
	VALUES ("941b2fc5-12ef-4670-80aa-988f8373b08b",
	0,
	0,
	24,
	42,
	42,
	0,
	0,
	0,
	0,
	"811f1dd7-74f0-407e-b449-939d0de5ee8d",
	"42efc591-090b-449a-9c96-0d71df24e06d");
INSERT INTO V_LIN
	VALUES ("941b2fc5-12ef-4670-80aa-988f8373b08b",
	'7');
INSERT INTO V_PAR
	VALUES ("941b2fc5-12ef-4670-80aa-988f8373b08b",
	"9ffbc0e3-9bbf-4758-ae72-3f7cdef4956c",
	"00000000-0000-0000-0000-000000000000",
	'answer',
	"00000000-0000-0000-0000-000000000000",
	24,
	35);
INSERT INTO V_VAL
	VALUES ("6eee6d03-5af2-449d-90f6-2f795e73bd06",
	0,
	0,
	25,
	22,
	22,
	0,
	0,
	0,
	0,
	"811f1dd7-74f0-407e-b449-939d0de5ee8d",
	"42efc591-090b-449a-9c96-0d71df24e06d");
INSERT INTO V_LIN
	VALUES ("6eee6d03-5af2-449d-90f6-2f795e73bd06",
	'6');
INSERT INTO V_PAR
	VALUES ("6eee6d03-5af2-449d-90f6-2f795e73bd06",
	"7b55ce15-e557-4fce-846e-cb37257e4163",
	"00000000-0000-0000-0000-000000000000",
	'row',
	"191a6b08-b3a5-45d5-a619-8c910a762fff",
	25,
	18);
INSERT INTO V_VAL
	VALUES ("191a6b08-b3a5-45d5-a619-8c910a762fff",
	0,
	0,
	25,
	32,
	32,
	0,
	0,
	0,
	0,
	"811f1dd7-74f0-407e-b449-939d0de5ee8d",
	"42efc591-090b-449a-9c96-0d71df24e06d");
INSERT INTO V_LIN
	VALUES ("191a6b08-b3a5-45d5-a619-8c910a762fff",
	'7');
INSERT INTO V_PAR
	VALUES ("191a6b08-b3a5-45d5-a619-8c910a762fff",
	"7b55ce15-e557-4fce-846e-cb37257e4163",
	"00000000-0000-0000-0000-000000000000",
	'column',
	"040deed9-d420-4a27-91b1-bc6420f81d02",
	25,
	25);
INSERT INTO V_VAL
	VALUES ("040deed9-d420-4a27-91b1-bc6420f81d02",
	0,
	0,
	25,
	42,
	42,
	0,
	0,
	0,
	0,
	"811f1dd7-74f0-407e-b449-939d0de5ee8d",
	"42efc591-090b-449a-9c96-0d71df24e06d");
INSERT INTO V_LIN
	VALUES ("040deed9-d420-4a27-91b1-bc6420f81d02",
	'1');
INSERT INTO V_PAR
	VALUES ("040deed9-d420-4a27-91b1-bc6420f81d02",
	"7b55ce15-e557-4fce-846e-cb37257e4163",
	"00000000-0000-0000-0000-000000000000",
	'answer',
	"00000000-0000-0000-0000-000000000000",
	25,
	35);
INSERT INTO V_VAL
	VALUES ("33d513cc-323a-4d0c-b493-e1dc8358c407",
	0,
	0,
	27,
	22,
	22,
	0,
	0,
	0,
	0,
	"811f1dd7-74f0-407e-b449-939d0de5ee8d",
	"42efc591-090b-449a-9c96-0d71df24e06d");
INSERT INTO V_LIN
	VALUES ("33d513cc-323a-4d0c-b493-e1dc8358c407",
	'7');
INSERT INTO V_PAR
	VALUES ("33d513cc-323a-4d0c-b493-e1dc8358c407",
	"8ae03b84-8062-429d-8651-55c6aa65a39d",
	"00000000-0000-0000-0000-000000000000",
	'row',
	"b2edff7c-02fd-4771-8b71-d9a1b23ec21b",
	27,
	18);
INSERT INTO V_VAL
	VALUES ("b2edff7c-02fd-4771-8b71-d9a1b23ec21b",
	0,
	0,
	27,
	32,
	32,
	0,
	0,
	0,
	0,
	"811f1dd7-74f0-407e-b449-939d0de5ee8d",
	"42efc591-090b-449a-9c96-0d71df24e06d");
INSERT INTO V_LIN
	VALUES ("b2edff7c-02fd-4771-8b71-d9a1b23ec21b",
	'9');
INSERT INTO V_PAR
	VALUES ("b2edff7c-02fd-4771-8b71-d9a1b23ec21b",
	"8ae03b84-8062-429d-8651-55c6aa65a39d",
	"00000000-0000-0000-0000-000000000000",
	'column',
	"e309e710-8b6d-461d-abd9-90953b85d506",
	27,
	25);
INSERT INTO V_VAL
	VALUES ("e309e710-8b6d-461d-abd9-90953b85d506",
	0,
	0,
	27,
	42,
	42,
	0,
	0,
	0,
	0,
	"811f1dd7-74f0-407e-b449-939d0de5ee8d",
	"42efc591-090b-449a-9c96-0d71df24e06d");
INSERT INTO V_LIN
	VALUES ("e309e710-8b6d-461d-abd9-90953b85d506",
	'7');
INSERT INTO V_PAR
	VALUES ("e309e710-8b6d-461d-abd9-90953b85d506",
	"8ae03b84-8062-429d-8651-55c6aa65a39d",
	"00000000-0000-0000-0000-000000000000",
	'answer',
	"00000000-0000-0000-0000-000000000000",
	27,
	35);
INSERT INTO V_VAL
	VALUES ("d7eb1575-d907-495d-962f-822d220df7b2",
	0,
	0,
	29,
	22,
	22,
	0,
	0,
	0,
	0,
	"811f1dd7-74f0-407e-b449-939d0de5ee8d",
	"42efc591-090b-449a-9c96-0d71df24e06d");
INSERT INTO V_LIN
	VALUES ("d7eb1575-d907-495d-962f-822d220df7b2",
	'8');
INSERT INTO V_PAR
	VALUES ("d7eb1575-d907-495d-962f-822d220df7b2",
	"26740002-ebbe-4135-8255-242ddde2f8b3",
	"00000000-0000-0000-0000-000000000000",
	'row',
	"c5f56826-25ba-4f41-b715-9ac071c9b0d4",
	29,
	18);
INSERT INTO V_VAL
	VALUES ("c5f56826-25ba-4f41-b715-9ac071c9b0d4",
	0,
	0,
	29,
	32,
	32,
	0,
	0,
	0,
	0,
	"811f1dd7-74f0-407e-b449-939d0de5ee8d",
	"42efc591-090b-449a-9c96-0d71df24e06d");
INSERT INTO V_LIN
	VALUES ("c5f56826-25ba-4f41-b715-9ac071c9b0d4",
	'1');
INSERT INTO V_PAR
	VALUES ("c5f56826-25ba-4f41-b715-9ac071c9b0d4",
	"26740002-ebbe-4135-8255-242ddde2f8b3",
	"00000000-0000-0000-0000-000000000000",
	'column',
	"4e3aa7b1-e59b-4639-a36b-ed7fe9ab9e3b",
	29,
	25);
INSERT INTO V_VAL
	VALUES ("4e3aa7b1-e59b-4639-a36b-ed7fe9ab9e3b",
	0,
	0,
	29,
	42,
	42,
	0,
	0,
	0,
	0,
	"811f1dd7-74f0-407e-b449-939d0de5ee8d",
	"42efc591-090b-449a-9c96-0d71df24e06d");
INSERT INTO V_LIN
	VALUES ("4e3aa7b1-e59b-4639-a36b-ed7fe9ab9e3b",
	'1');
INSERT INTO V_PAR
	VALUES ("4e3aa7b1-e59b-4639-a36b-ed7fe9ab9e3b",
	"26740002-ebbe-4135-8255-242ddde2f8b3",
	"00000000-0000-0000-0000-000000000000",
	'answer',
	"00000000-0000-0000-0000-000000000000",
	29,
	35);
INSERT INTO V_VAL
	VALUES ("a886e4e3-6b4e-49bc-9c7e-187343882022",
	0,
	0,
	30,
	22,
	22,
	0,
	0,
	0,
	0,
	"811f1dd7-74f0-407e-b449-939d0de5ee8d",
	"42efc591-090b-449a-9c96-0d71df24e06d");
INSERT INTO V_LIN
	VALUES ("a886e4e3-6b4e-49bc-9c7e-187343882022",
	'8');
INSERT INTO V_PAR
	VALUES ("a886e4e3-6b4e-49bc-9c7e-187343882022",
	"a44f993d-6150-4018-9024-45639d4ca345",
	"00000000-0000-0000-0000-000000000000",
	'row',
	"2164d1a1-6f53-44d7-84d5-8c5c4f46974b",
	30,
	18);
INSERT INTO V_VAL
	VALUES ("2164d1a1-6f53-44d7-84d5-8c5c4f46974b",
	0,
	0,
	30,
	32,
	32,
	0,
	0,
	0,
	0,
	"811f1dd7-74f0-407e-b449-939d0de5ee8d",
	"42efc591-090b-449a-9c96-0d71df24e06d");
INSERT INTO V_LIN
	VALUES ("2164d1a1-6f53-44d7-84d5-8c5c4f46974b",
	'2');
INSERT INTO V_PAR
	VALUES ("2164d1a1-6f53-44d7-84d5-8c5c4f46974b",
	"a44f993d-6150-4018-9024-45639d4ca345",
	"00000000-0000-0000-0000-000000000000",
	'column',
	"c20b14ac-8ae3-4de8-a424-d80865c15eda",
	30,
	25);
INSERT INTO V_VAL
	VALUES ("c20b14ac-8ae3-4de8-a424-d80865c15eda",
	0,
	0,
	30,
	42,
	42,
	0,
	0,
	0,
	0,
	"811f1dd7-74f0-407e-b449-939d0de5ee8d",
	"42efc591-090b-449a-9c96-0d71df24e06d");
INSERT INTO V_LIN
	VALUES ("c20b14ac-8ae3-4de8-a424-d80865c15eda",
	'2');
INSERT INTO V_PAR
	VALUES ("c20b14ac-8ae3-4de8-a424-d80865c15eda",
	"a44f993d-6150-4018-9024-45639d4ca345",
	"00000000-0000-0000-0000-000000000000",
	'answer',
	"00000000-0000-0000-0000-000000000000",
	30,
	35);
INSERT INTO V_VAL
	VALUES ("fcdd6e42-5998-4e30-9919-c43adb41fe18",
	0,
	0,
	31,
	22,
	22,
	0,
	0,
	0,
	0,
	"811f1dd7-74f0-407e-b449-939d0de5ee8d",
	"42efc591-090b-449a-9c96-0d71df24e06d");
INSERT INTO V_LIN
	VALUES ("fcdd6e42-5998-4e30-9919-c43adb41fe18",
	'8');
INSERT INTO V_PAR
	VALUES ("fcdd6e42-5998-4e30-9919-c43adb41fe18",
	"946944ba-5847-4336-aeee-6a37156bc512",
	"00000000-0000-0000-0000-000000000000",
	'row',
	"f856b6a4-6eaa-4991-8b1e-245778f17258",
	31,
	18);
INSERT INTO V_VAL
	VALUES ("f856b6a4-6eaa-4991-8b1e-245778f17258",
	0,
	0,
	31,
	32,
	32,
	0,
	0,
	0,
	0,
	"811f1dd7-74f0-407e-b449-939d0de5ee8d",
	"42efc591-090b-449a-9c96-0d71df24e06d");
INSERT INTO V_LIN
	VALUES ("f856b6a4-6eaa-4991-8b1e-245778f17258",
	'3');
INSERT INTO V_PAR
	VALUES ("f856b6a4-6eaa-4991-8b1e-245778f17258",
	"946944ba-5847-4336-aeee-6a37156bc512",
	"00000000-0000-0000-0000-000000000000",
	'column',
	"99585dcf-f633-42b4-acf5-aa4868e46397",
	31,
	25);
INSERT INTO V_VAL
	VALUES ("99585dcf-f633-42b4-acf5-aa4868e46397",
	0,
	0,
	31,
	42,
	42,
	0,
	0,
	0,
	0,
	"811f1dd7-74f0-407e-b449-939d0de5ee8d",
	"42efc591-090b-449a-9c96-0d71df24e06d");
INSERT INTO V_LIN
	VALUES ("99585dcf-f633-42b4-acf5-aa4868e46397",
	'5');
INSERT INTO V_PAR
	VALUES ("99585dcf-f633-42b4-acf5-aa4868e46397",
	"946944ba-5847-4336-aeee-6a37156bc512",
	"00000000-0000-0000-0000-000000000000",
	'answer',
	"00000000-0000-0000-0000-000000000000",
	31,
	35);
INSERT INTO V_VAL
	VALUES ("81ca42ca-21b7-45b8-8f7c-50c36280add2",
	0,
	0,
	32,
	22,
	22,
	0,
	0,
	0,
	0,
	"811f1dd7-74f0-407e-b449-939d0de5ee8d",
	"42efc591-090b-449a-9c96-0d71df24e06d");
INSERT INTO V_LIN
	VALUES ("81ca42ca-21b7-45b8-8f7c-50c36280add2",
	'8');
INSERT INTO V_PAR
	VALUES ("81ca42ca-21b7-45b8-8f7c-50c36280add2",
	"91162e87-df38-472d-871b-e0663d89ac88",
	"00000000-0000-0000-0000-000000000000",
	'row',
	"99cf5c30-ff9e-4c51-8dc0-602f77d7adba",
	32,
	18);
INSERT INTO V_VAL
	VALUES ("99cf5c30-ff9e-4c51-8dc0-602f77d7adba",
	0,
	0,
	32,
	32,
	32,
	0,
	0,
	0,
	0,
	"811f1dd7-74f0-407e-b449-939d0de5ee8d",
	"42efc591-090b-449a-9c96-0d71df24e06d");
INSERT INTO V_LIN
	VALUES ("99cf5c30-ff9e-4c51-8dc0-602f77d7adba",
	'4');
INSERT INTO V_PAR
	VALUES ("99cf5c30-ff9e-4c51-8dc0-602f77d7adba",
	"91162e87-df38-472d-871b-e0663d89ac88",
	"00000000-0000-0000-0000-000000000000",
	'column',
	"b755ad78-619f-40d7-ac5b-d7d183c7f03e",
	32,
	25);
INSERT INTO V_VAL
	VALUES ("b755ad78-619f-40d7-ac5b-d7d183c7f03e",
	0,
	0,
	32,
	42,
	42,
	0,
	0,
	0,
	0,
	"811f1dd7-74f0-407e-b449-939d0de5ee8d",
	"42efc591-090b-449a-9c96-0d71df24e06d");
INSERT INTO V_LIN
	VALUES ("b755ad78-619f-40d7-ac5b-d7d183c7f03e",
	'3');
INSERT INTO V_PAR
	VALUES ("b755ad78-619f-40d7-ac5b-d7d183c7f03e",
	"91162e87-df38-472d-871b-e0663d89ac88",
	"00000000-0000-0000-0000-000000000000",
	'answer',
	"00000000-0000-0000-0000-000000000000",
	32,
	35);
INSERT INTO V_VAL
	VALUES ("17c5dfe8-e5fe-4b99-8ca7-d42a20eba71d",
	0,
	0,
	33,
	22,
	22,
	0,
	0,
	0,
	0,
	"811f1dd7-74f0-407e-b449-939d0de5ee8d",
	"42efc591-090b-449a-9c96-0d71df24e06d");
INSERT INTO V_LIN
	VALUES ("17c5dfe8-e5fe-4b99-8ca7-d42a20eba71d",
	'8');
INSERT INTO V_PAR
	VALUES ("17c5dfe8-e5fe-4b99-8ca7-d42a20eba71d",
	"75f24ae4-1113-423b-9f25-00de9bf555d7",
	"00000000-0000-0000-0000-000000000000",
	'row',
	"08fe9004-880b-4d0d-a977-b42dee8f007e",
	33,
	18);
INSERT INTO V_VAL
	VALUES ("08fe9004-880b-4d0d-a977-b42dee8f007e",
	0,
	0,
	33,
	32,
	32,
	0,
	0,
	0,
	0,
	"811f1dd7-74f0-407e-b449-939d0de5ee8d",
	"42efc591-090b-449a-9c96-0d71df24e06d");
INSERT INTO V_LIN
	VALUES ("08fe9004-880b-4d0d-a977-b42dee8f007e",
	'9');
INSERT INTO V_PAR
	VALUES ("08fe9004-880b-4d0d-a977-b42dee8f007e",
	"75f24ae4-1113-423b-9f25-00de9bf555d7",
	"00000000-0000-0000-0000-000000000000",
	'column',
	"383eeef4-66dd-4ecf-938e-30e1eb867b79",
	33,
	25);
INSERT INTO V_VAL
	VALUES ("383eeef4-66dd-4ecf-938e-30e1eb867b79",
	0,
	0,
	33,
	42,
	42,
	0,
	0,
	0,
	0,
	"811f1dd7-74f0-407e-b449-939d0de5ee8d",
	"42efc591-090b-449a-9c96-0d71df24e06d");
INSERT INTO V_LIN
	VALUES ("383eeef4-66dd-4ecf-938e-30e1eb867b79",
	'9');
INSERT INTO V_PAR
	VALUES ("383eeef4-66dd-4ecf-938e-30e1eb867b79",
	"75f24ae4-1113-423b-9f25-00de9bf555d7",
	"00000000-0000-0000-0000-000000000000",
	'answer',
	"00000000-0000-0000-0000-000000000000",
	33,
	35);
INSERT INTO V_VAL
	VALUES ("3696e65d-607d-48b7-aef5-307c39baab34",
	0,
	0,
	35,
	22,
	22,
	0,
	0,
	0,
	0,
	"811f1dd7-74f0-407e-b449-939d0de5ee8d",
	"42efc591-090b-449a-9c96-0d71df24e06d");
INSERT INTO V_LIN
	VALUES ("3696e65d-607d-48b7-aef5-307c39baab34",
	'9');
INSERT INTO V_PAR
	VALUES ("3696e65d-607d-48b7-aef5-307c39baab34",
	"ce8c56a2-9676-4ce3-934f-e305499f269b",
	"00000000-0000-0000-0000-000000000000",
	'row',
	"9de1c20c-e52d-424d-aec3-b6a01a22bcba",
	35,
	18);
INSERT INTO V_VAL
	VALUES ("9de1c20c-e52d-424d-aec3-b6a01a22bcba",
	0,
	0,
	35,
	32,
	32,
	0,
	0,
	0,
	0,
	"811f1dd7-74f0-407e-b449-939d0de5ee8d",
	"42efc591-090b-449a-9c96-0d71df24e06d");
INSERT INTO V_LIN
	VALUES ("9de1c20c-e52d-424d-aec3-b6a01a22bcba",
	'3');
INSERT INTO V_PAR
	VALUES ("9de1c20c-e52d-424d-aec3-b6a01a22bcba",
	"ce8c56a2-9676-4ce3-934f-e305499f269b",
	"00000000-0000-0000-0000-000000000000",
	'column',
	"1e379b3f-a7fe-4d92-9bb6-aa526e2ea922",
	35,
	25);
INSERT INTO V_VAL
	VALUES ("1e379b3f-a7fe-4d92-9bb6-aa526e2ea922",
	0,
	0,
	35,
	42,
	42,
	0,
	0,
	0,
	0,
	"811f1dd7-74f0-407e-b449-939d0de5ee8d",
	"42efc591-090b-449a-9c96-0d71df24e06d");
INSERT INTO V_LIN
	VALUES ("1e379b3f-a7fe-4d92-9bb6-aa526e2ea922",
	'7');
INSERT INTO V_PAR
	VALUES ("1e379b3f-a7fe-4d92-9bb6-aa526e2ea922",
	"ce8c56a2-9676-4ce3-934f-e305499f269b",
	"00000000-0000-0000-0000-000000000000",
	'answer',
	"00000000-0000-0000-0000-000000000000",
	35,
	35);
INSERT INTO V_VAL
	VALUES ("c251c7b3-531d-46f7-964a-3c8ee39b159f",
	0,
	0,
	36,
	22,
	22,
	0,
	0,
	0,
	0,
	"811f1dd7-74f0-407e-b449-939d0de5ee8d",
	"42efc591-090b-449a-9c96-0d71df24e06d");
INSERT INTO V_LIN
	VALUES ("c251c7b3-531d-46f7-964a-3c8ee39b159f",
	'9');
INSERT INTO V_PAR
	VALUES ("c251c7b3-531d-46f7-964a-3c8ee39b159f",
	"3740ffa9-eccf-4cde-8c5d-2472b0f35b8b",
	"00000000-0000-0000-0000-000000000000",
	'row',
	"86c1afa8-e657-49a9-968f-d86c7b77b93d",
	36,
	18);
INSERT INTO V_VAL
	VALUES ("86c1afa8-e657-49a9-968f-d86c7b77b93d",
	0,
	0,
	36,
	32,
	32,
	0,
	0,
	0,
	0,
	"811f1dd7-74f0-407e-b449-939d0de5ee8d",
	"42efc591-090b-449a-9c96-0d71df24e06d");
INSERT INTO V_LIN
	VALUES ("86c1afa8-e657-49a9-968f-d86c7b77b93d",
	'4');
INSERT INTO V_PAR
	VALUES ("86c1afa8-e657-49a9-968f-d86c7b77b93d",
	"3740ffa9-eccf-4cde-8c5d-2472b0f35b8b",
	"00000000-0000-0000-0000-000000000000",
	'column',
	"e2532b49-2886-4c71-b290-f327bbd9fc8c",
	36,
	25);
INSERT INTO V_VAL
	VALUES ("e2532b49-2886-4c71-b290-f327bbd9fc8c",
	0,
	0,
	36,
	42,
	42,
	0,
	0,
	0,
	0,
	"811f1dd7-74f0-407e-b449-939d0de5ee8d",
	"42efc591-090b-449a-9c96-0d71df24e06d");
INSERT INTO V_LIN
	VALUES ("e2532b49-2886-4c71-b290-f327bbd9fc8c",
	'2');
INSERT INTO V_PAR
	VALUES ("e2532b49-2886-4c71-b290-f327bbd9fc8c",
	"3740ffa9-eccf-4cde-8c5d-2472b0f35b8b",
	"00000000-0000-0000-0000-000000000000",
	'answer',
	"00000000-0000-0000-0000-000000000000",
	36,
	35);
INSERT INTO V_VAL
	VALUES ("439e3364-bab9-4ec3-b846-0dd31d55de35",
	0,
	0,
	37,
	22,
	22,
	0,
	0,
	0,
	0,
	"811f1dd7-74f0-407e-b449-939d0de5ee8d",
	"42efc591-090b-449a-9c96-0d71df24e06d");
INSERT INTO V_LIN
	VALUES ("439e3364-bab9-4ec3-b846-0dd31d55de35",
	'9');
INSERT INTO V_PAR
	VALUES ("439e3364-bab9-4ec3-b846-0dd31d55de35",
	"e862c6a5-4f12-4b91-b6d7-d98b5b3ae04d",
	"00000000-0000-0000-0000-000000000000",
	'row',
	"899a769c-7154-4150-b1c8-9d57e3f7a670",
	37,
	18);
INSERT INTO V_VAL
	VALUES ("899a769c-7154-4150-b1c8-9d57e3f7a670",
	0,
	0,
	37,
	32,
	32,
	0,
	0,
	0,
	0,
	"811f1dd7-74f0-407e-b449-939d0de5ee8d",
	"42efc591-090b-449a-9c96-0d71df24e06d");
INSERT INTO V_LIN
	VALUES ("899a769c-7154-4150-b1c8-9d57e3f7a670",
	'5');
INSERT INTO V_PAR
	VALUES ("899a769c-7154-4150-b1c8-9d57e3f7a670",
	"e862c6a5-4f12-4b91-b6d7-d98b5b3ae04d",
	"00000000-0000-0000-0000-000000000000",
	'column',
	"d301dd92-42a2-460b-a279-a058cca113be",
	37,
	25);
INSERT INTO V_VAL
	VALUES ("d301dd92-42a2-460b-a279-a058cca113be",
	0,
	0,
	37,
	42,
	42,
	0,
	0,
	0,
	0,
	"811f1dd7-74f0-407e-b449-939d0de5ee8d",
	"42efc591-090b-449a-9c96-0d71df24e06d");
INSERT INTO V_LIN
	VALUES ("d301dd92-42a2-460b-a279-a058cca113be",
	'4');
INSERT INTO V_PAR
	VALUES ("d301dd92-42a2-460b-a279-a058cca113be",
	"e862c6a5-4f12-4b91-b6d7-d98b5b3ae04d",
	"00000000-0000-0000-0000-000000000000",
	'answer',
	"00000000-0000-0000-0000-000000000000",
	37,
	35);
INSERT INTO S_FIP
	VALUES ("902fee5d-2cc1-44d8-a018-7d4ab96f184d",
	"f1a6a34e-1aed-485d-ac48-328614a1378b");
INSERT INTO S_SYNC
	VALUES ("f1a6a34e-1aed-485d-ac48-328614a1378b",
	"0eb5e6c3-13b6-4550-b154-5d6824e51255",
	'test',
	'',
	'// Run the puzzles we know about.
::setz1_given();
::solve();
::cleanup();

/*
::setup();
::setz2_given();
::solve();
::cleanup();

::setup();
::setz4_spectrum();
::solve();
::cleanup();
*/
',
	"606ca061-c661-4bbf-bb1a-bb2345f5239e",
	1,
	'');
INSERT INTO ACT_FNB
	VALUES ("4f858a4f-1e24-412f-a082-cae10c1e5680",
	"f1a6a34e-1aed-485d-ac48-328614a1378b");
INSERT INTO ACT_ACT
	VALUES ("4f858a4f-1e24-412f-a082-cae10c1e5680",
	'function',
	0,
	"455db757-46ea-4645-a203-89036be0a150",
	"00000000-0000-0000-0000-000000000000",
	0,
	'test',
	"00000000-0000-0000-0000-000000000000");
INSERT INTO ACT_BLK
	VALUES ("455db757-46ea-4645-a203-89036be0a150",
	0,
	0,
	0,
	'',
	'',
	'',
	4,
	1,
	0,
	0,
	0,
	0,
	0,
	0,
	0,
	0,
	0,
	0,
	0,
	"4f858a4f-1e24-412f-a082-cae10c1e5680",
	"00000000-0000-0000-0000-000000000000");
INSERT INTO ACT_SMT
	VALUES ("8a07b3b9-7fee-4902-a31b-06ae0b7e3d29",
	"455db757-46ea-4645-a203-89036be0a150",
	"55f193ba-3bca-41f3-863e-aedb7a7d430b",
	2,
	1,
	'test line: 2');
INSERT INTO ACT_FNC
	VALUES ("8a07b3b9-7fee-4902-a31b-06ae0b7e3d29",
	"eac4991b-5f13-4165-af93-0cbd5fbd09ee",
	2,
	3);
INSERT INTO ACT_SMT
	VALUES ("55f193ba-3bca-41f3-863e-aedb7a7d430b",
	"455db757-46ea-4645-a203-89036be0a150",
	"056d7a7b-9844-4f6d-a765-bcb90dd21553",
	3,
	1,
	'test line: 3');
INSERT INTO ACT_FNC
	VALUES ("55f193ba-3bca-41f3-863e-aedb7a7d430b",
	"836e2a9b-86e2-4c61-8e39-fa204d8644dd",
	3,
	3);
INSERT INTO ACT_SMT
	VALUES ("056d7a7b-9844-4f6d-a765-bcb90dd21553",
	"455db757-46ea-4645-a203-89036be0a150",
	"00000000-0000-0000-0000-000000000000",
	4,
	1,
	'test line: 4');
INSERT INTO ACT_FNC
	VALUES ("056d7a7b-9844-4f6d-a765-bcb90dd21553",
	"e267a797-d4ba-4fcd-8895-7508fac2ead0",
	4,
	3);
INSERT INTO S_FIP
	VALUES ("902fee5d-2cc1-44d8-a018-7d4ab96f184d",
	"e267a797-d4ba-4fcd-8895-7508fac2ead0");
INSERT INTO S_SYNC
	VALUES ("e267a797-d4ba-4fcd-8895-7508fac2ead0",
	"0eb5e6c3-13b6-4550-b154-5d6824e51255",
	'cleanup',
	'',
	'
// Clean up any and all eligible digits.
select many eligibles from instances of ELIGIBLE;
for each eligible in eligibles
  select one cell related by eligible->CELL[R8];
  select one digit related by eligible->DIGIT[R8];
  unrelate cell from digit across R8 using eligible;
  delete object instance eligible;
end for;

// Unrelate the answers.
select many cells from instances of CELL;
for each cell in cells
  select one digit related by cell->DIGIT[R9];
  if ( not_empty digit )
    unrelate cell from digit across R9;
  end if;
end for;

// Delete the digits.
select many digits from instances of DIGIT;
for each digit in digits
  delete object instance digit;
end for;

// Unrelate/delete the cells from the rows, columns and boxes.
// Unrelate/delete the sequences.
// Delete the cells while unrelating the boxes.
select many rows from instances of ROW;
for each row in rows
  select many cells related by row->CELL[R2];
  for each cell in cells
    unrelate row from cell across R2;
  end for;
  select one sequence related by row->SEQUENCE[R1];
  delete object instance sequence;
  delete object instance row;
end for;  
select many columns from instances of COLUMN;
for each column in columns
  select many cells related by column->CELL[R3];
  for each cell in cells
    unrelate column from cell across R3;
  end for;
  select one sequence related by column->SEQUENCE[R1];
  delete object instance sequence;
  delete object instance column;
end for;  
select many boxes from instances of BOX;
for each box in boxes
  select many cells related by box->CELL[R4];
  for each cell in cells
    unrelate box from cell across R4;
    delete object instance cell;
  end for;
  select one sequence related by box->SEQUENCE[R1];
  delete object instance sequence;
  delete object instance box;
end for;  
',
	"606ca061-c661-4bbf-bb1a-bb2345f5239e",
	1,
	'');
INSERT INTO ACT_FNB
	VALUES ("7cf515e1-0803-40dd-98b9-425200f1ce60",
	"e267a797-d4ba-4fcd-8895-7508fac2ead0");
INSERT INTO ACT_ACT
	VALUES ("7cf515e1-0803-40dd-98b9-425200f1ce60",
	'function',
	0,
	"723fa499-e387-43cf-b1e2-7acfd937506c",
	"00000000-0000-0000-0000-000000000000",
	0,
	'cleanup',
	"00000000-0000-0000-0000-000000000000");
INSERT INTO ACT_BLK
	VALUES ("723fa499-e387-43cf-b1e2-7acfd937506c",
	1,
	0,
	0,
	'',
	'',
	'',
	50,
	1,
	49,
	37,
	0,
	0,
	0,
	0,
	0,
	0,
	0,
	0,
	0,
	"7cf515e1-0803-40dd-98b9-425200f1ce60",
	"00000000-0000-0000-0000-000000000000");
INSERT INTO ACT_SMT
	VALUES ("67bbab00-f208-41d8-9e8b-9fb5c8f2ddd4",
	"723fa499-e387-43cf-b1e2-7acfd937506c",
	"0a4f2867-5c05-4a27-9737-4054b1258dbd",
	3,
	1,
	'cleanup line: 3');
INSERT INTO ACT_FIO
	VALUES ("67bbab00-f208-41d8-9e8b-9fb5c8f2ddd4",
	"b998de0d-941b-4cda-866e-08727c3760eb",
	1,
	'many',
	"7dfbb9fe-d109-4356-a43c-8a02617ad46a",
	3,
	41);
INSERT INTO ACT_SMT
	VALUES ("0a4f2867-5c05-4a27-9737-4054b1258dbd",
	"723fa499-e387-43cf-b1e2-7acfd937506c",
	"debd8e7d-85a5-45fe-a903-da013380eecc",
	4,
	1,
	'cleanup line: 4');
INSERT INTO ACT_FOR
	VALUES ("0a4f2867-5c05-4a27-9737-4054b1258dbd",
	"ab3a2524-2634-404b-8e64-78b1fa65a32f",
	1,
	"1b3cf6ef-511e-4151-b0a0-0ed55cd92893",
	"b998de0d-941b-4cda-866e-08727c3760eb",
	"7dfbb9fe-d109-4356-a43c-8a02617ad46a");
INSERT INTO ACT_SMT
	VALUES ("debd8e7d-85a5-45fe-a903-da013380eecc",
	"723fa499-e387-43cf-b1e2-7acfd937506c",
	"776d7e4e-17dc-4fe1-9f82-e146432580d0",
	12,
	1,
	'cleanup line: 12');
INSERT INTO ACT_FIO
	VALUES ("debd8e7d-85a5-45fe-a903-da013380eecc",
	"7d16ae01-8d45-4b98-bc0c-9e7cd1542367",
	1,
	'many',
	"e488047e-8d3e-455c-a7e9-29120bad505f",
	12,
	37);
INSERT INTO ACT_SMT
	VALUES ("776d7e4e-17dc-4fe1-9f82-e146432580d0",
	"723fa499-e387-43cf-b1e2-7acfd937506c",
	"05ccbea1-f829-484c-b5d2-bbc44936c624",
	13,
	1,
	'cleanup line: 13');
INSERT INTO ACT_FOR
	VALUES ("776d7e4e-17dc-4fe1-9f82-e146432580d0",
	"597fe7c4-4b63-40c0-96b7-53e8dbab4507",
	1,
	"d2820ee9-abed-4072-8fde-08b1575ca74c",
	"7d16ae01-8d45-4b98-bc0c-9e7cd1542367",
	"e488047e-8d3e-455c-a7e9-29120bad505f");
INSERT INTO ACT_SMT
	VALUES ("05ccbea1-f829-484c-b5d2-bbc44936c624",
	"723fa499-e387-43cf-b1e2-7acfd937506c",
	"121896c1-91cb-40db-b2b9-1eb7b5c90f8d",
	21,
	1,
	'cleanup line: 21');
INSERT INTO ACT_FIO
	VALUES ("05ccbea1-f829-484c-b5d2-bbc44936c624",
	"0ea73b27-1d3c-4f56-97c8-bb819ffcfd55",
	1,
	'many',
	"8a59e2de-6f5d-4937-ade5-f1ace45cc756",
	21,
	38);
INSERT INTO ACT_SMT
	VALUES ("121896c1-91cb-40db-b2b9-1eb7b5c90f8d",
	"723fa499-e387-43cf-b1e2-7acfd937506c",
	"41e3f176-b0a9-4231-bee1-7f731f6945dc",
	22,
	1,
	'cleanup line: 22');
INSERT INTO ACT_FOR
	VALUES ("121896c1-91cb-40db-b2b9-1eb7b5c90f8d",
	"01ad9b62-6af5-44a2-974e-91df1bebf844",
	1,
	"3aa7570a-fb9d-491c-9533-ea669f2ac4a0",
	"0ea73b27-1d3c-4f56-97c8-bb819ffcfd55",
	"8a59e2de-6f5d-4937-ade5-f1ace45cc756");
INSERT INTO ACT_SMT
	VALUES ("41e3f176-b0a9-4231-bee1-7f731f6945dc",
	"723fa499-e387-43cf-b1e2-7acfd937506c",
	"1b86106b-eb7a-4dbd-8fb1-587ba45e160d",
	29,
	1,
	'cleanup line: 29');
INSERT INTO ACT_FIO
	VALUES ("41e3f176-b0a9-4231-bee1-7f731f6945dc",
	"637b6f3a-6390-4151-81e2-3f05c63ae7c9",
	1,
	'many',
	"56c54c26-d9b7-409a-83b7-4c701cc02c0e",
	29,
	36);
INSERT INTO ACT_SMT
	VALUES ("1b86106b-eb7a-4dbd-8fb1-587ba45e160d",
	"723fa499-e387-43cf-b1e2-7acfd937506c",
	"b5674133-be88-4d3f-8f6e-bf7118616ec1",
	30,
	1,
	'cleanup line: 30');
INSERT INTO ACT_FOR
	VALUES ("1b86106b-eb7a-4dbd-8fb1-587ba45e160d",
	"051412ae-bc6b-428e-8ccc-ed030069f0f1",
	1,
	"f8aeaa0d-4307-42e9-9ff6-896bc8ff46cc",
	"637b6f3a-6390-4151-81e2-3f05c63ae7c9",
	"56c54c26-d9b7-409a-83b7-4c701cc02c0e");
INSERT INTO ACT_SMT
	VALUES ("b5674133-be88-4d3f-8f6e-bf7118616ec1",
	"723fa499-e387-43cf-b1e2-7acfd937506c",
	"7239fcdd-03b6-4edb-9e68-ed5ae882c78d",
	39,
	1,
	'cleanup line: 39');
INSERT INTO ACT_FIO
	VALUES ("b5674133-be88-4d3f-8f6e-bf7118616ec1",
	"272e47e1-b162-4da7-a7be-1ee71f9a66ad",
	1,
	'many',
	"b7d2c815-d54e-475a-819c-5d9e6dbc66d5",
	39,
	39);
INSERT INTO ACT_SMT
	VALUES ("7239fcdd-03b6-4edb-9e68-ed5ae882c78d",
	"723fa499-e387-43cf-b1e2-7acfd937506c",
	"635c86a3-fe06-4d30-985a-d735dd5f6294",
	40,
	1,
	'cleanup line: 40');
INSERT INTO ACT_FOR
	VALUES ("7239fcdd-03b6-4edb-9e68-ed5ae882c78d",
	"823ca71f-516f-4f66-8966-246ad36852e9",
	1,
	"ba9882e0-c1c8-4a8f-951c-48f084ef26ee",
	"272e47e1-b162-4da7-a7be-1ee71f9a66ad",
	"b7d2c815-d54e-475a-819c-5d9e6dbc66d5");
INSERT INTO ACT_SMT
	VALUES ("635c86a3-fe06-4d30-985a-d735dd5f6294",
	"723fa499-e387-43cf-b1e2-7acfd937506c",
	"2d2f816b-f448-4cb7-9de8-9457fc25863e",
	49,
	1,
	'cleanup line: 49');
INSERT INTO ACT_FIO
	VALUES ("635c86a3-fe06-4d30-985a-d735dd5f6294",
	"97a83398-2452-4b7a-868a-07494385f781",
	1,
	'many',
	"83fd5a00-5820-4fb5-ade7-97f8217b945f",
	49,
	37);
INSERT INTO ACT_SMT
	VALUES ("2d2f816b-f448-4cb7-9de8-9457fc25863e",
	"723fa499-e387-43cf-b1e2-7acfd937506c",
	"00000000-0000-0000-0000-000000000000",
	50,
	1,
	'cleanup line: 50');
INSERT INTO ACT_FOR
	VALUES ("2d2f816b-f448-4cb7-9de8-9457fc25863e",
	"e101d972-5c67-4d16-83ac-e6d417f0d7c5",
	1,
	"694ae2c8-1cd8-487e-85f4-9c614eb878b9",
	"97a83398-2452-4b7a-868a-07494385f781",
	"83fd5a00-5820-4fb5-ade7-97f8217b945f");
INSERT INTO V_VAR
	VALUES ("b998de0d-941b-4cda-866e-08727c3760eb",
	"723fa499-e387-43cf-b1e2-7acfd937506c",
	'eligibles',
	1,
	"bd7c827f-c0a0-4115-8268-33db6654fef9");
INSERT INTO V_INS
	VALUES ("b998de0d-941b-4cda-866e-08727c3760eb",
	"7dfbb9fe-d109-4356-a43c-8a02617ad46a");
INSERT INTO V_LOC
	VALUES ("d19d570a-d981-4a9d-abf8-3950eb1515b4",
	3,
	13,
	21,
	"b998de0d-941b-4cda-866e-08727c3760eb");
INSERT INTO V_LOC
	VALUES ("d030ea02-d466-462d-a3f8-966e24fd2ef6",
	4,
	22,
	30,
	"b998de0d-941b-4cda-866e-08727c3760eb");
INSERT INTO V_VAR
	VALUES ("1b3cf6ef-511e-4151-b0a0-0ed55cd92893",
	"723fa499-e387-43cf-b1e2-7acfd937506c",
	'eligible',
	1,
	"1a2907d2-496f-482d-ba4d-df818f73d6fa");
INSERT INTO V_INT
	VALUES ("1b3cf6ef-511e-4151-b0a0-0ed55cd92893",
	1,
	"7dfbb9fe-d109-4356-a43c-8a02617ad46a");
INSERT INTO V_LOC
	VALUES ("29fb757b-87b3-42e6-b428-715f13e3e653",
	4,
	10,
	17,
	"1b3cf6ef-511e-4151-b0a0-0ed55cd92893");
INSERT INTO V_LOC
	VALUES ("0f8b2164-80f3-4835-9b68-dce97b33e372",
	7,
	44,
	51,
	"1b3cf6ef-511e-4151-b0a0-0ed55cd92893");
INSERT INTO V_LOC
	VALUES ("bd6f8ba1-12a6-4a55-9463-dfa5521c398a",
	8,
	26,
	33,
	"1b3cf6ef-511e-4151-b0a0-0ed55cd92893");
INSERT INTO V_VAR
	VALUES ("7d16ae01-8d45-4b98-bc0c-9e7cd1542367",
	"723fa499-e387-43cf-b1e2-7acfd937506c",
	'cells',
	1,
	"bd7c827f-c0a0-4115-8268-33db6654fef9");
INSERT INTO V_INS
	VALUES ("7d16ae01-8d45-4b98-bc0c-9e7cd1542367",
	"e488047e-8d3e-455c-a7e9-29120bad505f");
INSERT INTO V_LOC
	VALUES ("46592b62-cc91-468c-8510-1bdebbfdfc4a",
	12,
	13,
	17,
	"7d16ae01-8d45-4b98-bc0c-9e7cd1542367");
INSERT INTO V_LOC
	VALUES ("22b58814-d0b2-4315-be55-5812124347d3",
	13,
	18,
	22,
	"7d16ae01-8d45-4b98-bc0c-9e7cd1542367");
INSERT INTO V_LOC
	VALUES ("bfdcf726-b3aa-4167-a5e8-fa2f5d0e1a62",
	31,
	15,
	19,
	"7d16ae01-8d45-4b98-bc0c-9e7cd1542367");
INSERT INTO V_LOC
	VALUES ("cebb9420-a2ec-42e6-977e-b5cec309ba84",
	32,
	20,
	24,
	"7d16ae01-8d45-4b98-bc0c-9e7cd1542367");
INSERT INTO V_LOC
	VALUES ("eb63494f-86fe-4ed4-8420-750e45abf2a2",
	41,
	15,
	19,
	"7d16ae01-8d45-4b98-bc0c-9e7cd1542367");
INSERT INTO V_LOC
	VALUES ("12a9fb83-f355-4621-a873-bfe68fb1ac5d",
	42,
	20,
	24,
	"7d16ae01-8d45-4b98-bc0c-9e7cd1542367");
INSERT INTO V_LOC
	VALUES ("d46495d1-dd9f-4094-8eb6-6b9b3e454617",
	51,
	15,
	19,
	"7d16ae01-8d45-4b98-bc0c-9e7cd1542367");
INSERT INTO V_LOC
	VALUES ("b7c8f689-5c65-4d9d-a6a8-69f540bd5ae5",
	52,
	20,
	24,
	"7d16ae01-8d45-4b98-bc0c-9e7cd1542367");
INSERT INTO V_VAR
	VALUES ("d2820ee9-abed-4072-8fde-08b1575ca74c",
	"723fa499-e387-43cf-b1e2-7acfd937506c",
	'cell',
	1,
	"1a2907d2-496f-482d-ba4d-df818f73d6fa");
INSERT INTO V_INT
	VALUES ("d2820ee9-abed-4072-8fde-08b1575ca74c",
	0,
	"e488047e-8d3e-455c-a7e9-29120bad505f");
INSERT INTO V_LOC
	VALUES ("8fab49c4-db3b-488a-9163-b071a3ce93be",
	13,
	10,
	13,
	"d2820ee9-abed-4072-8fde-08b1575ca74c");
INSERT INTO V_LOC
	VALUES ("6e3b3a37-8957-42e6-8513-9b1d017cc903",
	16,
	14,
	17,
	"d2820ee9-abed-4072-8fde-08b1575ca74c");
INSERT INTO V_LOC
	VALUES ("6a2cac7b-2b9b-4e0f-9f2e-ff92b9a27fc1",
	32,
	12,
	15,
	"d2820ee9-abed-4072-8fde-08b1575ca74c");
INSERT INTO V_LOC
	VALUES ("d22db929-d0ee-4699-ba7b-0c76744dc0e8",
	33,
	23,
	26,
	"d2820ee9-abed-4072-8fde-08b1575ca74c");
INSERT INTO V_LOC
	VALUES ("49a0d725-fd72-4e01-8a49-cbe4cce8eca9",
	42,
	12,
	15,
	"d2820ee9-abed-4072-8fde-08b1575ca74c");
INSERT INTO V_LOC
	VALUES ("266c73bb-3e72-4618-a7af-5b0f583293d2",
	43,
	26,
	29,
	"d2820ee9-abed-4072-8fde-08b1575ca74c");
INSERT INTO V_LOC
	VALUES ("05f6dfdb-cc2d-4557-ad60-dab9e7ffecd8",
	52,
	12,
	15,
	"d2820ee9-abed-4072-8fde-08b1575ca74c");
INSERT INTO V_LOC
	VALUES ("9652e7e1-7293-494a-b142-41f110e9491b",
	53,
	23,
	26,
	"d2820ee9-abed-4072-8fde-08b1575ca74c");
INSERT INTO V_LOC
	VALUES ("eae6faad-3e7b-4cbf-8750-60497f4011f4",
	54,
	28,
	31,
	"d2820ee9-abed-4072-8fde-08b1575ca74c");
INSERT INTO V_VAR
	VALUES ("0ea73b27-1d3c-4f56-97c8-bb819ffcfd55",
	"723fa499-e387-43cf-b1e2-7acfd937506c",
	'digits',
	1,
	"bd7c827f-c0a0-4115-8268-33db6654fef9");
INSERT INTO V_INS
	VALUES ("0ea73b27-1d3c-4f56-97c8-bb819ffcfd55",
	"8a59e2de-6f5d-4937-ade5-f1ace45cc756");
INSERT INTO V_LOC
	VALUES ("2a9b6ca2-afbd-4aff-8655-b37737770591",
	21,
	13,
	18,
	"0ea73b27-1d3c-4f56-97c8-bb819ffcfd55");
INSERT INTO V_LOC
	VALUES ("8a3d632e-592e-4b73-aab5-42fbda0eab96",
	22,
	19,
	24,
	"0ea73b27-1d3c-4f56-97c8-bb819ffcfd55");
INSERT INTO V_VAR
	VALUES ("3aa7570a-fb9d-491c-9533-ea669f2ac4a0",
	"723fa499-e387-43cf-b1e2-7acfd937506c",
	'digit',
	1,
	"1a2907d2-496f-482d-ba4d-df818f73d6fa");
INSERT INTO V_INT
	VALUES ("3aa7570a-fb9d-491c-9533-ea669f2ac4a0",
	1,
	"8a59e2de-6f5d-4937-ade5-f1ace45cc756");
INSERT INTO V_LOC
	VALUES ("eceb2360-6a52-45f8-b81b-eaf328fb50ac",
	22,
	10,
	14,
	"3aa7570a-fb9d-491c-9533-ea669f2ac4a0");
INSERT INTO V_LOC
	VALUES ("df927ca4-8135-4bd1-9d85-8da2be8cb968",
	23,
	26,
	30,
	"3aa7570a-fb9d-491c-9533-ea669f2ac4a0");
INSERT INTO V_VAR
	VALUES ("637b6f3a-6390-4151-81e2-3f05c63ae7c9",
	"723fa499-e387-43cf-b1e2-7acfd937506c",
	'rows',
	1,
	"bd7c827f-c0a0-4115-8268-33db6654fef9");
INSERT INTO V_INS
	VALUES ("637b6f3a-6390-4151-81e2-3f05c63ae7c9",
	"56c54c26-d9b7-409a-83b7-4c701cc02c0e");
INSERT INTO V_LOC
	VALUES ("6e742abf-33fd-429e-a8ca-ee833662f1d3",
	29,
	13,
	16,
	"637b6f3a-6390-4151-81e2-3f05c63ae7c9");
INSERT INTO V_LOC
	VALUES ("3da935d7-7cb8-4a0b-95ac-b126ebfb7b87",
	30,
	17,
	20,
	"637b6f3a-6390-4151-81e2-3f05c63ae7c9");
INSERT INTO V_VAR
	VALUES ("f8aeaa0d-4307-42e9-9ff6-896bc8ff46cc",
	"723fa499-e387-43cf-b1e2-7acfd937506c",
	'row',
	1,
	"1a2907d2-496f-482d-ba4d-df818f73d6fa");
INSERT INTO V_INT
	VALUES ("f8aeaa0d-4307-42e9-9ff6-896bc8ff46cc",
	1,
	"56c54c26-d9b7-409a-83b7-4c701cc02c0e");
INSERT INTO V_LOC
	VALUES ("c7ebb9ef-5ba0-4bea-ac14-82132c76c962",
	30,
	10,
	12,
	"f8aeaa0d-4307-42e9-9ff6-896bc8ff46cc");
INSERT INTO V_LOC
	VALUES ("dee2c055-b935-4fa6-90a1-f27fe4e649da",
	33,
	14,
	16,
	"f8aeaa0d-4307-42e9-9ff6-896bc8ff46cc");
INSERT INTO V_LOC
	VALUES ("4316921c-faf2-48f6-b453-44e0c5eef18d",
	37,
	26,
	28,
	"f8aeaa0d-4307-42e9-9ff6-896bc8ff46cc");
INSERT INTO V_VAR
	VALUES ("272e47e1-b162-4da7-a7be-1ee71f9a66ad",
	"723fa499-e387-43cf-b1e2-7acfd937506c",
	'columns',
	1,
	"bd7c827f-c0a0-4115-8268-33db6654fef9");
INSERT INTO V_INS
	VALUES ("272e47e1-b162-4da7-a7be-1ee71f9a66ad",
	"b7d2c815-d54e-475a-819c-5d9e6dbc66d5");
INSERT INTO V_LOC
	VALUES ("9e3617e9-9b61-4fd1-a41e-de902459fa7a",
	39,
	13,
	19,
	"272e47e1-b162-4da7-a7be-1ee71f9a66ad");
INSERT INTO V_LOC
	VALUES ("31d2cd31-3d3b-4151-aa9a-f1349b24b69f",
	40,
	20,
	26,
	"272e47e1-b162-4da7-a7be-1ee71f9a66ad");
INSERT INTO V_VAR
	VALUES ("ba9882e0-c1c8-4a8f-951c-48f084ef26ee",
	"723fa499-e387-43cf-b1e2-7acfd937506c",
	'column',
	1,
	"1a2907d2-496f-482d-ba4d-df818f73d6fa");
INSERT INTO V_INT
	VALUES ("ba9882e0-c1c8-4a8f-951c-48f084ef26ee",
	1,
	"b7d2c815-d54e-475a-819c-5d9e6dbc66d5");
INSERT INTO V_LOC
	VALUES ("d305400c-5d65-4343-b6aa-ac5ae0958565",
	40,
	10,
	15,
	"ba9882e0-c1c8-4a8f-951c-48f084ef26ee");
INSERT INTO V_LOC
	VALUES ("cd345a90-01fe-4997-82f7-c3fd6a9e22fd",
	43,
	14,
	19,
	"ba9882e0-c1c8-4a8f-951c-48f084ef26ee");
INSERT INTO V_LOC
	VALUES ("6b995622-3a72-4fa2-97cc-b5bc2ebdf2b3",
	47,
	26,
	31,
	"ba9882e0-c1c8-4a8f-951c-48f084ef26ee");
INSERT INTO V_VAR
	VALUES ("97a83398-2452-4b7a-868a-07494385f781",
	"723fa499-e387-43cf-b1e2-7acfd937506c",
	'boxes',
	1,
	"bd7c827f-c0a0-4115-8268-33db6654fef9");
INSERT INTO V_INS
	VALUES ("97a83398-2452-4b7a-868a-07494385f781",
	"83fd5a00-5820-4fb5-ade7-97f8217b945f");
INSERT INTO V_LOC
	VALUES ("446ef47a-f238-445f-9d14-6e04b0790511",
	49,
	13,
	17,
	"97a83398-2452-4b7a-868a-07494385f781");
INSERT INTO V_LOC
	VALUES ("880b94cf-0928-4d15-aed7-94cf274e0107",
	50,
	17,
	21,
	"97a83398-2452-4b7a-868a-07494385f781");
INSERT INTO V_VAR
	VALUES ("694ae2c8-1cd8-487e-85f4-9c614eb878b9",
	"723fa499-e387-43cf-b1e2-7acfd937506c",
	'box',
	1,
	"1a2907d2-496f-482d-ba4d-df818f73d6fa");
INSERT INTO V_INT
	VALUES ("694ae2c8-1cd8-487e-85f4-9c614eb878b9",
	1,
	"83fd5a00-5820-4fb5-ade7-97f8217b945f");
INSERT INTO V_LOC
	VALUES ("48a0b745-2c2b-439e-b663-4c5b551f493f",
	50,
	10,
	12,
	"694ae2c8-1cd8-487e-85f4-9c614eb878b9");
INSERT INTO V_LOC
	VALUES ("67970eeb-17c8-47bc-b75c-f0fd0c43429d",
	53,
	14,
	16,
	"694ae2c8-1cd8-487e-85f4-9c614eb878b9");
INSERT INTO V_LOC
	VALUES ("ca97e941-c65e-44e3-865d-930df059be0e",
	58,
	26,
	28,
	"694ae2c8-1cd8-487e-85f4-9c614eb878b9");
INSERT INTO ACT_BLK
	VALUES ("ab3a2524-2634-404b-8e64-78b1fa65a32f",
	1,
	0,
	0,
	'',
	'',
	'',
	8,
	3,
	6,
	41,
	0,
	0,
	7,
	35,
	0,
	0,
	0,
	0,
	0,
	"7cf515e1-0803-40dd-98b9-425200f1ce60",
	"00000000-0000-0000-0000-000000000000");
INSERT INTO ACT_SMT
	VALUES ("d597307d-de76-4ff2-84e8-e1721583ebdd",
	"ab3a2524-2634-404b-8e64-78b1fa65a32f",
	"d3988e82-f81a-498d-a511-24a670df9118",
	5,
	3,
	'cleanup line: 5');
INSERT INTO ACT_SEL
	VALUES ("d597307d-de76-4ff2-84e8-e1721583ebdd",
	"389f7571-ee54-4876-b730-09a4866919d5",
	1,
	'one',
	"445fb24d-d1b7-4936-8aa7-052dc829c436");
INSERT INTO ACT_SR
	VALUES ("d597307d-de76-4ff2-84e8-e1721583ebdd");
INSERT INTO ACT_LNK
	VALUES ("6264e76f-f7dd-4152-b5af-f83159cea5c5",
	'',
	"d597307d-de76-4ff2-84e8-e1721583ebdd",
	"62a93566-2203-4db8-ba18-f7c15ca2072a",
	"00000000-0000-0000-0000-000000000000",
	2,
	"e488047e-8d3e-455c-a7e9-29120bad505f",
	5,
	40,
	5,
	45,
	0,
	0);
INSERT INTO ACT_SMT
	VALUES ("d3988e82-f81a-498d-a511-24a670df9118",
	"ab3a2524-2634-404b-8e64-78b1fa65a32f",
	"183ebc2a-0591-4050-bab1-9492b4a3282e",
	6,
	3,
	'cleanup line: 6');
INSERT INTO ACT_SEL
	VALUES ("d3988e82-f81a-498d-a511-24a670df9118",
	"3c6b7240-90d1-41dc-9988-3a3e537c6116",
	1,
	'one',
	"b2992e4b-857d-4374-997e-90cc7ed3e6da");
INSERT INTO ACT_SR
	VALUES ("d3988e82-f81a-498d-a511-24a670df9118");
INSERT INTO ACT_LNK
	VALUES ("f0aad629-415d-4a3d-b0b1-489b261accc2",
	'',
	"d3988e82-f81a-498d-a511-24a670df9118",
	"62a93566-2203-4db8-ba18-f7c15ca2072a",
	"00000000-0000-0000-0000-000000000000",
	2,
	"8a59e2de-6f5d-4937-ade5-f1ace45cc756",
	6,
	41,
	6,
	47,
	0,
	0);
INSERT INTO ACT_SMT
	VALUES ("183ebc2a-0591-4050-bab1-9492b4a3282e",
	"ab3a2524-2634-404b-8e64-78b1fa65a32f",
	"a9180e4c-2c23-4184-b282-d6bc8a1868be",
	7,
	3,
	'cleanup line: 7');
INSERT INTO ACT_URU
	VALUES ("183ebc2a-0591-4050-bab1-9492b4a3282e",
	"389f7571-ee54-4876-b730-09a4866919d5",
	"3c6b7240-90d1-41dc-9988-3a3e537c6116",
	"1b3cf6ef-511e-4151-b0a0-0ed55cd92893",
	'',
	"62a93566-2203-4db8-ba18-f7c15ca2072a",
	7,
	35,
	0,
	0);
INSERT INTO ACT_SMT
	VALUES ("a9180e4c-2c23-4184-b282-d6bc8a1868be",
	"ab3a2524-2634-404b-8e64-78b1fa65a32f",
	"00000000-0000-0000-0000-000000000000",
	8,
	3,
	'cleanup line: 8');
INSERT INTO ACT_DEL
	VALUES ("a9180e4c-2c23-4184-b282-d6bc8a1868be",
	"1b3cf6ef-511e-4151-b0a0-0ed55cd92893");
INSERT INTO V_VAL
	VALUES ("445fb24d-d1b7-4936-8aa7-052dc829c436",
	0,
	0,
	5,
	30,
	37,
	0,
	0,
	0,
	0,
	"1a2907d2-496f-482d-ba4d-df818f73d6fa",
	"ab3a2524-2634-404b-8e64-78b1fa65a32f");
INSERT INTO V_IRF
	VALUES ("445fb24d-d1b7-4936-8aa7-052dc829c436",
	"1b3cf6ef-511e-4151-b0a0-0ed55cd92893");
INSERT INTO V_VAL
	VALUES ("b2992e4b-857d-4374-997e-90cc7ed3e6da",
	0,
	0,
	6,
	31,
	38,
	0,
	0,
	0,
	0,
	"1a2907d2-496f-482d-ba4d-df818f73d6fa",
	"ab3a2524-2634-404b-8e64-78b1fa65a32f");
INSERT INTO V_IRF
	VALUES ("b2992e4b-857d-4374-997e-90cc7ed3e6da",
	"1b3cf6ef-511e-4151-b0a0-0ed55cd92893");
INSERT INTO V_VAR
	VALUES ("389f7571-ee54-4876-b730-09a4866919d5",
	"ab3a2524-2634-404b-8e64-78b1fa65a32f",
	'cell',
	1,
	"1a2907d2-496f-482d-ba4d-df818f73d6fa");
INSERT INTO V_INT
	VALUES ("389f7571-ee54-4876-b730-09a4866919d5",
	0,
	"e488047e-8d3e-455c-a7e9-29120bad505f");
INSERT INTO V_LOC
	VALUES ("c34cde0e-439d-4d06-9d6a-7c6e4b8971e4",
	5,
	14,
	17,
	"389f7571-ee54-4876-b730-09a4866919d5");
INSERT INTO V_LOC
	VALUES ("897d8c67-bf98-4501-8323-2e2faf518d5e",
	7,
	12,
	15,
	"389f7571-ee54-4876-b730-09a4866919d5");
INSERT INTO V_VAR
	VALUES ("3c6b7240-90d1-41dc-9988-3a3e537c6116",
	"ab3a2524-2634-404b-8e64-78b1fa65a32f",
	'digit',
	1,
	"1a2907d2-496f-482d-ba4d-df818f73d6fa");
INSERT INTO V_INT
	VALUES ("3c6b7240-90d1-41dc-9988-3a3e537c6116",
	0,
	"8a59e2de-6f5d-4937-ade5-f1ace45cc756");
INSERT INTO V_LOC
	VALUES ("fd6973e2-9941-4e34-a644-c62d2f8e8c3e",
	6,
	14,
	18,
	"3c6b7240-90d1-41dc-9988-3a3e537c6116");
INSERT INTO V_LOC
	VALUES ("f7f68524-825e-4d40-b3a7-6a9bcbc15492",
	7,
	22,
	26,
	"3c6b7240-90d1-41dc-9988-3a3e537c6116");
INSERT INTO ACT_BLK
	VALUES ("597fe7c4-4b63-40c0-96b7-53e8dbab4507",
	1,
	0,
	0,
	'',
	'',
	'',
	15,
	3,
	14,
	37,
	0,
	0,
	14,
	43,
	0,
	0,
	0,
	0,
	0,
	"7cf515e1-0803-40dd-98b9-425200f1ce60",
	"00000000-0000-0000-0000-000000000000");
INSERT INTO ACT_SMT
	VALUES ("96c76cb5-9104-47aa-b30b-17e724291c67",
	"597fe7c4-4b63-40c0-96b7-53e8dbab4507",
	"de99071e-05f7-45f4-a13b-8917d49236a7",
	14,
	3,
	'cleanup line: 14');
INSERT INTO ACT_SEL
	VALUES ("96c76cb5-9104-47aa-b30b-17e724291c67",
	"1b3b055e-a468-4355-b8f9-45bce3538c61",
	1,
	'one',
	"87330412-a396-4a1f-85e8-17895f9f6ac0");
INSERT INTO ACT_SR
	VALUES ("96c76cb5-9104-47aa-b30b-17e724291c67");
INSERT INTO ACT_LNK
	VALUES ("de80aa93-aa13-4d38-95bc-562019391d11",
	'',
	"96c76cb5-9104-47aa-b30b-17e724291c67",
	"52e5a3de-5d5d-4eaf-a076-5b96609c9130",
	"00000000-0000-0000-0000-000000000000",
	2,
	"8a59e2de-6f5d-4937-ade5-f1ace45cc756",
	14,
	37,
	14,
	43,
	0,
	0);
INSERT INTO ACT_SMT
	VALUES ("de99071e-05f7-45f4-a13b-8917d49236a7",
	"597fe7c4-4b63-40c0-96b7-53e8dbab4507",
	"00000000-0000-0000-0000-000000000000",
	15,
	3,
	'cleanup line: 15');
INSERT INTO ACT_IF
	VALUES ("de99071e-05f7-45f4-a13b-8917d49236a7",
	"63484c0a-fe3a-4b66-a683-e9a1a125a009",
	"2f7cdf97-c52c-4636-85ce-7fbbf74b9ea9",
	"00000000-0000-0000-0000-000000000000",
	"00000000-0000-0000-0000-000000000000");
INSERT INTO V_VAL
	VALUES ("87330412-a396-4a1f-85e8-17895f9f6ac0",
	0,
	0,
	14,
	31,
	34,
	0,
	0,
	0,
	0,
	"1a2907d2-496f-482d-ba4d-df818f73d6fa",
	"597fe7c4-4b63-40c0-96b7-53e8dbab4507");
INSERT INTO V_IRF
	VALUES ("87330412-a396-4a1f-85e8-17895f9f6ac0",
	"d2820ee9-abed-4072-8fde-08b1575ca74c");
INSERT INTO V_VAL
	VALUES ("6a1bf093-d422-44f8-8e88-b09be4253eb2",
	0,
	0,
	15,
	18,
	22,
	0,
	0,
	0,
	0,
	"1a2907d2-496f-482d-ba4d-df818f73d6fa",
	"597fe7c4-4b63-40c0-96b7-53e8dbab4507");
INSERT INTO V_IRF
	VALUES ("6a1bf093-d422-44f8-8e88-b09be4253eb2",
	"1b3b055e-a468-4355-b8f9-45bce3538c61");
INSERT INTO V_VAL
	VALUES ("2f7cdf97-c52c-4636-85ce-7fbbf74b9ea9",
	0,
	0,
	-1,
	-1,
	-1,
	0,
	0,
	0,
	0,
	"4e005777-df64-4279-9c02-400e239872b9",
	"597fe7c4-4b63-40c0-96b7-53e8dbab4507");
INSERT INTO V_UNY
	VALUES ("2f7cdf97-c52c-4636-85ce-7fbbf74b9ea9",
	"6a1bf093-d422-44f8-8e88-b09be4253eb2",
	'not_empty');
INSERT INTO V_VAR
	VALUES ("1b3b055e-a468-4355-b8f9-45bce3538c61",
	"597fe7c4-4b63-40c0-96b7-53e8dbab4507",
	'digit',
	1,
	"1a2907d2-496f-482d-ba4d-df818f73d6fa");
INSERT INTO V_INT
	VALUES ("1b3b055e-a468-4355-b8f9-45bce3538c61",
	0,
	"8a59e2de-6f5d-4937-ade5-f1ace45cc756");
INSERT INTO V_LOC
	VALUES ("81ec08ca-8ab1-4cce-b9be-76d8b73d1633",
	14,
	14,
	18,
	"1b3b055e-a468-4355-b8f9-45bce3538c61");
INSERT INTO V_LOC
	VALUES ("686020a4-9e92-463b-b9a6-3cec4bae6df9",
	16,
	24,
	28,
	"1b3b055e-a468-4355-b8f9-45bce3538c61");
INSERT INTO ACT_BLK
	VALUES ("63484c0a-fe3a-4b66-a683-e9a1a125a009",
	0,
	0,
	0,
	'',
	'',
	'',
	16,
	5,
	0,
	0,
	0,
	0,
	16,
	37,
	0,
	0,
	0,
	0,
	0,
	"7cf515e1-0803-40dd-98b9-425200f1ce60",
	"00000000-0000-0000-0000-000000000000");
INSERT INTO ACT_SMT
	VALUES ("d7958826-6548-4974-9e4e-f9be8d5abf30",
	"63484c0a-fe3a-4b66-a683-e9a1a125a009",
	"00000000-0000-0000-0000-000000000000",
	16,
	5,
	'cleanup line: 16');
INSERT INTO ACT_UNR
	VALUES ("d7958826-6548-4974-9e4e-f9be8d5abf30",
	"d2820ee9-abed-4072-8fde-08b1575ca74c",
	"1b3b055e-a468-4355-b8f9-45bce3538c61",
	'',
	"52e5a3de-5d5d-4eaf-a076-5b96609c9130",
	16,
	37,
	0,
	0);
INSERT INTO ACT_BLK
	VALUES ("01ad9b62-6af5-44a2-974e-91df1bebf844",
	0,
	0,
	0,
	'',
	'',
	'',
	23,
	3,
	0,
	0,
	0,
	0,
	0,
	0,
	0,
	0,
	0,
	0,
	0,
	"7cf515e1-0803-40dd-98b9-425200f1ce60",
	"00000000-0000-0000-0000-000000000000");
INSERT INTO ACT_SMT
	VALUES ("f416fee5-8a33-437e-8408-0d6808e35582",
	"01ad9b62-6af5-44a2-974e-91df1bebf844",
	"00000000-0000-0000-0000-000000000000",
	23,
	3,
	'cleanup line: 23');
INSERT INTO ACT_DEL
	VALUES ("f416fee5-8a33-437e-8408-0d6808e35582",
	"3aa7570a-fb9d-491c-9533-ea669f2ac4a0");
INSERT INTO ACT_BLK
	VALUES ("051412ae-bc6b-428e-8ccc-ed030069f0f1",
	1,
	0,
	0,
	'',
	'',
	'',
	37,
	3,
	35,
	39,
	0,
	0,
	35,
	48,
	0,
	0,
	0,
	0,
	0,
	"7cf515e1-0803-40dd-98b9-425200f1ce60",
	"00000000-0000-0000-0000-000000000000");
INSERT INTO ACT_SMT
	VALUES ("0c91e301-6eb0-49c9-930a-4e16875ca0c8",
	"051412ae-bc6b-428e-8ccc-ed030069f0f1",
	"d2614915-a141-4d1a-953f-8b004dc87f6f",
	31,
	3,
	'cleanup line: 31');
INSERT INTO ACT_SEL
	VALUES ("0c91e301-6eb0-49c9-930a-4e16875ca0c8",
	"7d16ae01-8d45-4b98-bc0c-9e7cd1542367",
	0,
	'many',
	"a4bebcd8-db07-409e-8c8e-29f2c3fa1214");
INSERT INTO ACT_SR
	VALUES ("0c91e301-6eb0-49c9-930a-4e16875ca0c8");
INSERT INTO ACT_LNK
	VALUES ("de365aaf-64e8-4c45-8257-ae19bbd4a72e",
	'',
	"0c91e301-6eb0-49c9-930a-4e16875ca0c8",
	"c9931c97-9acb-4b55-af72-81add52c1825",
	"00000000-0000-0000-0000-000000000000",
	3,
	"e488047e-8d3e-455c-a7e9-29120bad505f",
	31,
	37,
	31,
	42,
	0,
	0);
INSERT INTO ACT_SMT
	VALUES ("d2614915-a141-4d1a-953f-8b004dc87f6f",
	"051412ae-bc6b-428e-8ccc-ed030069f0f1",
	"218e02a9-73cb-4344-b380-10551ffe928b",
	32,
	3,
	'cleanup line: 32');
INSERT INTO ACT_FOR
	VALUES ("d2614915-a141-4d1a-953f-8b004dc87f6f",
	"861136c5-72f7-4881-8d98-8372ed3c90dc",
	0,
	"d2820ee9-abed-4072-8fde-08b1575ca74c",
	"7d16ae01-8d45-4b98-bc0c-9e7cd1542367",
	"e488047e-8d3e-455c-a7e9-29120bad505f");
INSERT INTO ACT_SMT
	VALUES ("218e02a9-73cb-4344-b380-10551ffe928b",
	"051412ae-bc6b-428e-8ccc-ed030069f0f1",
	"8d5766f8-07a9-4758-b55e-4d283a2edf37",
	35,
	3,
	'cleanup line: 35');
INSERT INTO ACT_SEL
	VALUES ("218e02a9-73cb-4344-b380-10551ffe928b",
	"96b341f9-00f3-48fb-bee5-0b4193c14e1e",
	1,
	'one',
	"258f9334-abf8-4834-be27-373666431b05");
INSERT INTO ACT_SR
	VALUES ("218e02a9-73cb-4344-b380-10551ffe928b");
INSERT INTO ACT_LNK
	VALUES ("0a5b9b8a-2cdc-4cfa-be86-993b3b7d67bb",
	'',
	"218e02a9-73cb-4344-b380-10551ffe928b",
	"8894c5f7-bffa-4974-ac54-7678f0a478b0",
	"00000000-0000-0000-0000-000000000000",
	2,
	"03ac2337-ce3a-497f-a3de-92a1101b2208",
	35,
	39,
	35,
	48,
	0,
	0);
INSERT INTO ACT_SMT
	VALUES ("8d5766f8-07a9-4758-b55e-4d283a2edf37",
	"051412ae-bc6b-428e-8ccc-ed030069f0f1",
	"1f96cf63-6750-46cb-9420-54016e4a3783",
	36,
	3,
	'cleanup line: 36');
INSERT INTO ACT_DEL
	VALUES ("8d5766f8-07a9-4758-b55e-4d283a2edf37",
	"96b341f9-00f3-48fb-bee5-0b4193c14e1e");
INSERT INTO ACT_SMT
	VALUES ("1f96cf63-6750-46cb-9420-54016e4a3783",
	"051412ae-bc6b-428e-8ccc-ed030069f0f1",
	"00000000-0000-0000-0000-000000000000",
	37,
	3,
	'cleanup line: 37');
INSERT INTO ACT_DEL
	VALUES ("1f96cf63-6750-46cb-9420-54016e4a3783",
	"f8aeaa0d-4307-42e9-9ff6-896bc8ff46cc");
INSERT INTO V_VAL
	VALUES ("a4bebcd8-db07-409e-8c8e-29f2c3fa1214",
	0,
	0,
	31,
	32,
	34,
	0,
	0,
	0,
	0,
	"1a2907d2-496f-482d-ba4d-df818f73d6fa",
	"051412ae-bc6b-428e-8ccc-ed030069f0f1");
INSERT INTO V_IRF
	VALUES ("a4bebcd8-db07-409e-8c8e-29f2c3fa1214",
	"f8aeaa0d-4307-42e9-9ff6-896bc8ff46cc");
INSERT INTO V_VAL
	VALUES ("258f9334-abf8-4834-be27-373666431b05",
	0,
	0,
	35,
	34,
	36,
	0,
	0,
	0,
	0,
	"1a2907d2-496f-482d-ba4d-df818f73d6fa",
	"051412ae-bc6b-428e-8ccc-ed030069f0f1");
INSERT INTO V_IRF
	VALUES ("258f9334-abf8-4834-be27-373666431b05",
	"f8aeaa0d-4307-42e9-9ff6-896bc8ff46cc");
INSERT INTO V_VAR
	VALUES ("96b341f9-00f3-48fb-bee5-0b4193c14e1e",
	"051412ae-bc6b-428e-8ccc-ed030069f0f1",
	'sequence',
	1,
	"1a2907d2-496f-482d-ba4d-df818f73d6fa");
INSERT INTO V_INT
	VALUES ("96b341f9-00f3-48fb-bee5-0b4193c14e1e",
	0,
	"03ac2337-ce3a-497f-a3de-92a1101b2208");
INSERT INTO V_LOC
	VALUES ("cbc83cfe-1330-4f5b-9018-86c119d96d88",
	35,
	14,
	21,
	"96b341f9-00f3-48fb-bee5-0b4193c14e1e");
INSERT INTO V_LOC
	VALUES ("ecdcefdc-f3c8-4dd0-ac53-85224152a347",
	36,
	26,
	33,
	"96b341f9-00f3-48fb-bee5-0b4193c14e1e");
INSERT INTO ACT_BLK
	VALUES ("861136c5-72f7-4881-8d98-8372ed3c90dc",
	0,
	0,
	0,
	'',
	'',
	'',
	33,
	5,
	0,
	0,
	0,
	0,
	33,
	35,
	0,
	0,
	0,
	0,
	0,
	"7cf515e1-0803-40dd-98b9-425200f1ce60",
	"00000000-0000-0000-0000-000000000000");
INSERT INTO ACT_SMT
	VALUES ("04967ccd-08fa-49ae-82a3-165def892df9",
	"861136c5-72f7-4881-8d98-8372ed3c90dc",
	"00000000-0000-0000-0000-000000000000",
	33,
	5,
	'cleanup line: 33');
INSERT INTO ACT_UNR
	VALUES ("04967ccd-08fa-49ae-82a3-165def892df9",
	"f8aeaa0d-4307-42e9-9ff6-896bc8ff46cc",
	"d2820ee9-abed-4072-8fde-08b1575ca74c",
	'',
	"c9931c97-9acb-4b55-af72-81add52c1825",
	33,
	35,
	0,
	0);
INSERT INTO ACT_BLK
	VALUES ("823ca71f-516f-4f66-8966-246ad36852e9",
	1,
	0,
	0,
	'',
	'',
	'',
	47,
	3,
	45,
	42,
	0,
	0,
	45,
	51,
	0,
	0,
	0,
	0,
	0,
	"7cf515e1-0803-40dd-98b9-425200f1ce60",
	"00000000-0000-0000-0000-000000000000");
INSERT INTO ACT_SMT
	VALUES ("65bec362-592f-4130-a1fc-356d4dfa996d",
	"823ca71f-516f-4f66-8966-246ad36852e9",
	"9a9de6ef-47b5-4ea3-9465-e60389d433bc",
	41,
	3,
	'cleanup line: 41');
INSERT INTO ACT_SEL
	VALUES ("65bec362-592f-4130-a1fc-356d4dfa996d",
	"7d16ae01-8d45-4b98-bc0c-9e7cd1542367",
	0,
	'many',
	"3403f809-ed8c-4262-9974-df7eb32d84cd");
INSERT INTO ACT_SR
	VALUES ("65bec362-592f-4130-a1fc-356d4dfa996d");
INSERT INTO ACT_LNK
	VALUES ("6917c962-7c16-4efc-a666-0016b978de40",
	'',
	"65bec362-592f-4130-a1fc-356d4dfa996d",
	"750a2939-f0a1-475a-a387-d099bd4f6edb",
	"00000000-0000-0000-0000-000000000000",
	3,
	"e488047e-8d3e-455c-a7e9-29120bad505f",
	41,
	40,
	41,
	45,
	0,
	0);
INSERT INTO ACT_SMT
	VALUES ("9a9de6ef-47b5-4ea3-9465-e60389d433bc",
	"823ca71f-516f-4f66-8966-246ad36852e9",
	"2fb71a73-2af3-4c6c-9981-54e705e7dce7",
	42,
	3,
	'cleanup line: 42');
INSERT INTO ACT_FOR
	VALUES ("9a9de6ef-47b5-4ea3-9465-e60389d433bc",
	"2610ecdf-9201-4a6e-9d7d-655bfd16016f",
	0,
	"d2820ee9-abed-4072-8fde-08b1575ca74c",
	"7d16ae01-8d45-4b98-bc0c-9e7cd1542367",
	"e488047e-8d3e-455c-a7e9-29120bad505f");
INSERT INTO ACT_SMT
	VALUES ("2fb71a73-2af3-4c6c-9981-54e705e7dce7",
	"823ca71f-516f-4f66-8966-246ad36852e9",
	"6d275a9e-a705-4f77-9c9d-059a3774e665",
	45,
	3,
	'cleanup line: 45');
INSERT INTO ACT_SEL
	VALUES ("2fb71a73-2af3-4c6c-9981-54e705e7dce7",
	"42a10029-72dc-4bef-9f71-9880ff6e7497",
	1,
	'one',
	"d22fd7f6-b94e-4295-8b69-7f401380a3b0");
INSERT INTO ACT_SR
	VALUES ("2fb71a73-2af3-4c6c-9981-54e705e7dce7");
INSERT INTO ACT_LNK
	VALUES ("f5e82162-7452-40fe-a2d0-3edd01850f26",
	'',
	"2fb71a73-2af3-4c6c-9981-54e705e7dce7",
	"8894c5f7-bffa-4974-ac54-7678f0a478b0",
	"00000000-0000-0000-0000-000000000000",
	2,
	"03ac2337-ce3a-497f-a3de-92a1101b2208",
	45,
	42,
	45,
	51,
	0,
	0);
INSERT INTO ACT_SMT
	VALUES ("6d275a9e-a705-4f77-9c9d-059a3774e665",
	"823ca71f-516f-4f66-8966-246ad36852e9",
	"b1ba7b11-8f5b-4b1f-a2ea-09b640c19fd5",
	46,
	3,
	'cleanup line: 46');
INSERT INTO ACT_DEL
	VALUES ("6d275a9e-a705-4f77-9c9d-059a3774e665",
	"42a10029-72dc-4bef-9f71-9880ff6e7497");
INSERT INTO ACT_SMT
	VALUES ("b1ba7b11-8f5b-4b1f-a2ea-09b640c19fd5",
	"823ca71f-516f-4f66-8966-246ad36852e9",
	"00000000-0000-0000-0000-000000000000",
	47,
	3,
	'cleanup line: 47');
INSERT INTO ACT_DEL
	VALUES ("b1ba7b11-8f5b-4b1f-a2ea-09b640c19fd5",
	"ba9882e0-c1c8-4a8f-951c-48f084ef26ee");
INSERT INTO V_VAL
	VALUES ("3403f809-ed8c-4262-9974-df7eb32d84cd",
	0,
	0,
	41,
	32,
	37,
	0,
	0,
	0,
	0,
	"1a2907d2-496f-482d-ba4d-df818f73d6fa",
	"823ca71f-516f-4f66-8966-246ad36852e9");
INSERT INTO V_IRF
	VALUES ("3403f809-ed8c-4262-9974-df7eb32d84cd",
	"ba9882e0-c1c8-4a8f-951c-48f084ef26ee");
INSERT INTO V_VAL
	VALUES ("d22fd7f6-b94e-4295-8b69-7f401380a3b0",
	0,
	0,
	45,
	34,
	39,
	0,
	0,
	0,
	0,
	"1a2907d2-496f-482d-ba4d-df818f73d6fa",
	"823ca71f-516f-4f66-8966-246ad36852e9");
INSERT INTO V_IRF
	VALUES ("d22fd7f6-b94e-4295-8b69-7f401380a3b0",
	"ba9882e0-c1c8-4a8f-951c-48f084ef26ee");
INSERT INTO V_VAR
	VALUES ("42a10029-72dc-4bef-9f71-9880ff6e7497",
	"823ca71f-516f-4f66-8966-246ad36852e9",
	'sequence',
	1,
	"1a2907d2-496f-482d-ba4d-df818f73d6fa");
INSERT INTO V_INT
	VALUES ("42a10029-72dc-4bef-9f71-9880ff6e7497",
	0,
	"03ac2337-ce3a-497f-a3de-92a1101b2208");
INSERT INTO V_LOC
	VALUES ("bdf69757-9e99-49d9-b48d-eab314b786c4",
	45,
	14,
	21,
	"42a10029-72dc-4bef-9f71-9880ff6e7497");
INSERT INTO V_LOC
	VALUES ("5946a2ed-8ba0-4bb8-8bf8-fe3949556cfc",
	46,
	26,
	33,
	"42a10029-72dc-4bef-9f71-9880ff6e7497");
INSERT INTO ACT_BLK
	VALUES ("2610ecdf-9201-4a6e-9d7d-655bfd16016f",
	0,
	0,
	0,
	'',
	'',
	'',
	43,
	5,
	0,
	0,
	0,
	0,
	43,
	38,
	0,
	0,
	0,
	0,
	0,
	"7cf515e1-0803-40dd-98b9-425200f1ce60",
	"00000000-0000-0000-0000-000000000000");
INSERT INTO ACT_SMT
	VALUES ("b6eba410-7c05-4157-880b-c4ee9059be7e",
	"2610ecdf-9201-4a6e-9d7d-655bfd16016f",
	"00000000-0000-0000-0000-000000000000",
	43,
	5,
	'cleanup line: 43');
INSERT INTO ACT_UNR
	VALUES ("b6eba410-7c05-4157-880b-c4ee9059be7e",
	"ba9882e0-c1c8-4a8f-951c-48f084ef26ee",
	"d2820ee9-abed-4072-8fde-08b1575ca74c",
	'',
	"750a2939-f0a1-475a-a387-d099bd4f6edb",
	43,
	38,
	0,
	0);
INSERT INTO ACT_BLK
	VALUES ("e101d972-5c67-4d16-83ac-e6d417f0d7c5",
	1,
	0,
	0,
	'',
	'',
	'',
	58,
	3,
	56,
	39,
	0,
	0,
	56,
	48,
	0,
	0,
	0,
	0,
	0,
	"7cf515e1-0803-40dd-98b9-425200f1ce60",
	"00000000-0000-0000-0000-000000000000");
INSERT INTO ACT_SMT
	VALUES ("28ecd6f9-0c80-4f08-9ddd-3f2d2044a29f",
	"e101d972-5c67-4d16-83ac-e6d417f0d7c5",
	"9ba4d71c-42e7-41b1-9d17-f7cae5213a6f",
	51,
	3,
	'cleanup line: 51');
INSERT INTO ACT_SEL
	VALUES ("28ecd6f9-0c80-4f08-9ddd-3f2d2044a29f",
	"7d16ae01-8d45-4b98-bc0c-9e7cd1542367",
	0,
	'many',
	"567ac72d-98a7-4b26-b4de-e273548f4e3f");
INSERT INTO ACT_SR
	VALUES ("28ecd6f9-0c80-4f08-9ddd-3f2d2044a29f");
INSERT INTO ACT_LNK
	VALUES ("846b9d5e-560f-478f-ab88-b603e32d0f1e",
	'',
	"28ecd6f9-0c80-4f08-9ddd-3f2d2044a29f",
	"e6cf2b93-d27e-4c83-a459-4307f3d2ce43",
	"00000000-0000-0000-0000-000000000000",
	3,
	"e488047e-8d3e-455c-a7e9-29120bad505f",
	51,
	37,
	51,
	42,
	0,
	0);
INSERT INTO ACT_SMT
	VALUES ("9ba4d71c-42e7-41b1-9d17-f7cae5213a6f",
	"e101d972-5c67-4d16-83ac-e6d417f0d7c5",
	"3d2d3429-cb9f-4b09-8fdd-bc215aedc684",
	52,
	3,
	'cleanup line: 52');
INSERT INTO ACT_FOR
	VALUES ("9ba4d71c-42e7-41b1-9d17-f7cae5213a6f",
	"eca241cc-5206-4aa5-9782-7ce66d449315",
	0,
	"d2820ee9-abed-4072-8fde-08b1575ca74c",
	"7d16ae01-8d45-4b98-bc0c-9e7cd1542367",
	"e488047e-8d3e-455c-a7e9-29120bad505f");
INSERT INTO ACT_SMT
	VALUES ("3d2d3429-cb9f-4b09-8fdd-bc215aedc684",
	"e101d972-5c67-4d16-83ac-e6d417f0d7c5",
	"ab4c9bc3-c470-4711-86dc-9172e9fe5ceb",
	56,
	3,
	'cleanup line: 56');
INSERT INTO ACT_SEL
	VALUES ("3d2d3429-cb9f-4b09-8fdd-bc215aedc684",
	"57bfef6a-aae7-4577-a8b7-34b32596d0be",
	1,
	'one',
	"c5738962-8e9d-48d4-aee0-7ff1996a8c64");
INSERT INTO ACT_SR
	VALUES ("3d2d3429-cb9f-4b09-8fdd-bc215aedc684");
INSERT INTO ACT_LNK
	VALUES ("34733db0-e3b4-4de2-a29b-cfa2efb1fca5",
	'',
	"3d2d3429-cb9f-4b09-8fdd-bc215aedc684",
	"8894c5f7-bffa-4974-ac54-7678f0a478b0",
	"00000000-0000-0000-0000-000000000000",
	2,
	"03ac2337-ce3a-497f-a3de-92a1101b2208",
	56,
	39,
	56,
	48,
	0,
	0);
INSERT INTO ACT_SMT
	VALUES ("ab4c9bc3-c470-4711-86dc-9172e9fe5ceb",
	"e101d972-5c67-4d16-83ac-e6d417f0d7c5",
	"fcf73954-8622-4a06-8bf9-ea9b125af361",
	57,
	3,
	'cleanup line: 57');
INSERT INTO ACT_DEL
	VALUES ("ab4c9bc3-c470-4711-86dc-9172e9fe5ceb",
	"57bfef6a-aae7-4577-a8b7-34b32596d0be");
INSERT INTO ACT_SMT
	VALUES ("fcf73954-8622-4a06-8bf9-ea9b125af361",
	"e101d972-5c67-4d16-83ac-e6d417f0d7c5",
	"00000000-0000-0000-0000-000000000000",
	58,
	3,
	'cleanup line: 58');
INSERT INTO ACT_DEL
	VALUES ("fcf73954-8622-4a06-8bf9-ea9b125af361",
	"694ae2c8-1cd8-487e-85f4-9c614eb878b9");
INSERT INTO V_VAL
	VALUES ("567ac72d-98a7-4b26-b4de-e273548f4e3f",
	0,
	0,
	51,
	32,
	34,
	0,
	0,
	0,
	0,
	"1a2907d2-496f-482d-ba4d-df818f73d6fa",
	"e101d972-5c67-4d16-83ac-e6d417f0d7c5");
INSERT INTO V_IRF
	VALUES ("567ac72d-98a7-4b26-b4de-e273548f4e3f",
	"694ae2c8-1cd8-487e-85f4-9c614eb878b9");
INSERT INTO V_VAL
	VALUES ("c5738962-8e9d-48d4-aee0-7ff1996a8c64",
	0,
	0,
	56,
	34,
	36,
	0,
	0,
	0,
	0,
	"1a2907d2-496f-482d-ba4d-df818f73d6fa",
	"e101d972-5c67-4d16-83ac-e6d417f0d7c5");
INSERT INTO V_IRF
	VALUES ("c5738962-8e9d-48d4-aee0-7ff1996a8c64",
	"694ae2c8-1cd8-487e-85f4-9c614eb878b9");
INSERT INTO V_VAR
	VALUES ("57bfef6a-aae7-4577-a8b7-34b32596d0be",
	"e101d972-5c67-4d16-83ac-e6d417f0d7c5",
	'sequence',
	1,
	"1a2907d2-496f-482d-ba4d-df818f73d6fa");
INSERT INTO V_INT
	VALUES ("57bfef6a-aae7-4577-a8b7-34b32596d0be",
	0,
	"03ac2337-ce3a-497f-a3de-92a1101b2208");
INSERT INTO V_LOC
	VALUES ("277feb30-4a4b-464d-9a1e-126df6076c05",
	56,
	14,
	21,
	"57bfef6a-aae7-4577-a8b7-34b32596d0be");
INSERT INTO V_LOC
	VALUES ("9471f0d9-1413-4875-9730-2ee508e0108b",
	57,
	26,
	33,
	"57bfef6a-aae7-4577-a8b7-34b32596d0be");
INSERT INTO ACT_BLK
	VALUES ("eca241cc-5206-4aa5-9782-7ce66d449315",
	0,
	0,
	0,
	'',
	'',
	'',
	54,
	5,
	0,
	0,
	0,
	0,
	53,
	35,
	0,
	0,
	0,
	0,
	0,
	"7cf515e1-0803-40dd-98b9-425200f1ce60",
	"00000000-0000-0000-0000-000000000000");
INSERT INTO ACT_SMT
	VALUES ("1e128db8-cb4e-4abd-92e8-1663dc4c4fb3",
	"eca241cc-5206-4aa5-9782-7ce66d449315",
	"eddb3f47-9e32-44b4-b0dc-c3918e57910f",
	53,
	5,
	'cleanup line: 53');
INSERT INTO ACT_UNR
	VALUES ("1e128db8-cb4e-4abd-92e8-1663dc4c4fb3",
	"694ae2c8-1cd8-487e-85f4-9c614eb878b9",
	"d2820ee9-abed-4072-8fde-08b1575ca74c",
	'',
	"e6cf2b93-d27e-4c83-a459-4307f3d2ce43",
	53,
	35,
	0,
	0);
INSERT INTO ACT_SMT
	VALUES ("eddb3f47-9e32-44b4-b0dc-c3918e57910f",
	"eca241cc-5206-4aa5-9782-7ce66d449315",
	"00000000-0000-0000-0000-000000000000",
	54,
	5,
	'cleanup line: 54');
INSERT INTO ACT_DEL
	VALUES ("eddb3f47-9e32-44b4-b0dc-c3918e57910f",
	"d2820ee9-abed-4072-8fde-08b1575ca74c");
INSERT INTO S_FIP
	VALUES ("902fee5d-2cc1-44d8-a018-7d4ab96f184d",
	"9d06c026-8e4f-4638-96fd-a161e2589df3");
INSERT INTO S_SYNC
	VALUES ("9d06c026-8e4f-4638-96fd-a161e2589df3",
	"0eb5e6c3-13b6-4550-b154-5d6824e51255",
	'xit',
	'',
	'::cleanup();
ARCH::shutdown();',
	"606ca061-c661-4bbf-bb1a-bb2345f5239e",
	1,
	'');
INSERT INTO ACT_FNB
	VALUES ("d231f882-9bfd-4959-87ca-e17ace494b4c",
	"9d06c026-8e4f-4638-96fd-a161e2589df3");
INSERT INTO ACT_ACT
	VALUES ("d231f882-9bfd-4959-87ca-e17ace494b4c",
	'function',
	0,
	"a498b184-0223-4949-835b-604b502f9e5f",
	"00000000-0000-0000-0000-000000000000",
	0,
	'xit',
	"00000000-0000-0000-0000-000000000000");
INSERT INTO ACT_BLK
	VALUES ("a498b184-0223-4949-835b-604b502f9e5f",
	0,
	0,
	0,
	'ARCH',
	'',
	'',
	2,
	1,
	2,
	1,
	0,
	0,
	0,
	0,
	0,
	0,
	0,
	0,
	0,
	"d231f882-9bfd-4959-87ca-e17ace494b4c",
	"00000000-0000-0000-0000-000000000000");
INSERT INTO ACT_SMT
	VALUES ("2357fbb1-93c8-45a2-a428-f83890fde3c6",
	"a498b184-0223-4949-835b-604b502f9e5f",
	"f03f90ad-d56c-49ac-9d22-caadf62963e9",
	1,
	1,
	'xit line: 1');
INSERT INTO ACT_FNC
	VALUES ("2357fbb1-93c8-45a2-a428-f83890fde3c6",
	"e267a797-d4ba-4fcd-8895-7508fac2ead0",
	1,
	3);
INSERT INTO ACT_SMT
	VALUES ("f03f90ad-d56c-49ac-9d22-caadf62963e9",
	"a498b184-0223-4949-835b-604b502f9e5f",
	"00000000-0000-0000-0000-000000000000",
	2,
	1,
	'xit line: 2');
INSERT INTO ACT_BRG
	VALUES ("f03f90ad-d56c-49ac-9d22-caadf62963e9",
	"7f8d2590-a4fd-4b10-9b14-e1df75f77ae0",
	2,
	7,
	2,
	1);
INSERT INTO S_FIP
	VALUES ("902fee5d-2cc1-44d8-a018-7d4ab96f184d",
	"3483e234-6a32-47b8-a45c-ff2fd22193a8");
INSERT INTO S_SYNC
	VALUES ("3483e234-6a32-47b8-a45c-ff2fd22193a8",
	"0eb5e6c3-13b6-4550-b154-5d6824e51255",
	'cort',
	'',
	'',
	"606ca061-c661-4bbf-bb1a-bb2345f5239e",
	1,
	'');
INSERT INTO ACT_FNB
	VALUES ("48fc991c-7061-4f23-aded-5b0f2973faba",
	"3483e234-6a32-47b8-a45c-ff2fd22193a8");
INSERT INTO ACT_ACT
	VALUES ("48fc991c-7061-4f23-aded-5b0f2973faba",
	'function',
	0,
	"01a446cc-ff74-4210-aaaf-29c40505956a",
	"00000000-0000-0000-0000-000000000000",
	0,
	'cort',
	"00000000-0000-0000-0000-000000000000");
INSERT INTO ACT_BLK
	VALUES ("01a446cc-ff74-4210-aaaf-29c40505956a",
	0,
	0,
	0,
	'',
	'',
	'',
	0,
	0,
	0,
	0,
	0,
	0,
	0,
	0,
	0,
	0,
	0,
	0,
	0,
	"48fc991c-7061-4f23-aded-5b0f2973faba",
	"00000000-0000-0000-0000-000000000000");
INSERT INTO S_FIP
	VALUES ("902fee5d-2cc1-44d8-a018-7d4ab96f184d",
	"601ee25f-c1d5-4cef-a1f0-e93f220df055");
INSERT INTO S_SYNC
	VALUES ("601ee25f-c1d5-4cef-a1f0-e93f220df055",
	"0eb5e6c3-13b6-4550-b154-5d6824e51255",
	'solve_concurrently',
	'',
	'score = CELL::score();
::display();

select any row from instances of ROW;
generate ROW1:update() to row;',
	"606ca061-c661-4bbf-bb1a-bb2345f5239e",
	1,
	'');
INSERT INTO ACT_FNB
	VALUES ("fdbb6eb7-8052-42fe-adeb-3d4b08a3233f",
	"601ee25f-c1d5-4cef-a1f0-e93f220df055");
INSERT INTO ACT_ACT
	VALUES ("fdbb6eb7-8052-42fe-adeb-3d4b08a3233f",
	'function',
	0,
	"2af3817a-a91d-4e9c-adb4-8132cce869a9",
	"00000000-0000-0000-0000-000000000000",
	0,
	'solve_concurrently',
	"00000000-0000-0000-0000-000000000000");
INSERT INTO ACT_BLK
	VALUES ("2af3817a-a91d-4e9c-adb4-8132cce869a9",
	1,
	0,
	0,
	'V_VAR.Var_ID',
	'',
	'',
	5,
	1,
	4,
	34,
	0,
	0,
	0,
	0,
	0,
	0,
	0,
	0,
	0,
	"fdbb6eb7-8052-42fe-adeb-3d4b08a3233f",
	"00000000-0000-0000-0000-000000000000");
INSERT INTO ACT_SMT
	VALUES ("a1582ed4-783a-43f9-9a60-7f7bcaa3cb79",
	"2af3817a-a91d-4e9c-adb4-8132cce869a9",
	"8d90f4a8-395e-4e1d-a6a7-910869d2e939",
	1,
	1,
	'solve_concurrently line: 1');
INSERT INTO ACT_AI
	VALUES ("a1582ed4-783a-43f9-9a60-7f7bcaa3cb79",
	"ab02853c-fc24-4bb8-9f29-ce541897f30c",
	"1b282714-cf76-4ad6-b18f-e67697aab352",
	0,
	0);
INSERT INTO ACT_SMT
	VALUES ("8d90f4a8-395e-4e1d-a6a7-910869d2e939",
	"2af3817a-a91d-4e9c-adb4-8132cce869a9",
	"c597f563-9204-4aed-83a6-a04d4002dc35",
	2,
	1,
	'solve_concurrently line: 2');
INSERT INTO ACT_FNC
	VALUES ("8d90f4a8-395e-4e1d-a6a7-910869d2e939",
	"ea7999d4-ad63-4a57-abe3-4a8224d30de0",
	2,
	3);
INSERT INTO ACT_SMT
	VALUES ("c597f563-9204-4aed-83a6-a04d4002dc35",
	"2af3817a-a91d-4e9c-adb4-8132cce869a9",
	"c3fd203f-bae3-4f3b-a620-c37a50e3863a",
	4,
	1,
	'solve_concurrently line: 4');
INSERT INTO ACT_FIO
	VALUES ("c597f563-9204-4aed-83a6-a04d4002dc35",
	"93e13952-b5d8-436a-a4ac-ad12ecd4ac33",
	1,
	'any',
	"56c54c26-d9b7-409a-83b7-4c701cc02c0e",
	4,
	34);
INSERT INTO ACT_SMT
	VALUES ("c3fd203f-bae3-4f3b-a620-c37a50e3863a",
	"2af3817a-a91d-4e9c-adb4-8132cce869a9",
	"00000000-0000-0000-0000-000000000000",
	5,
	1,
	'solve_concurrently line: 5');
INSERT INTO E_ESS
	VALUES ("c3fd203f-bae3-4f3b-a620-c37a50e3863a",
	1,
	0,
	5,
	10,
	5,
	15,
	4,
	34,
	0,
	0,
	0,
	0);
INSERT INTO E_GES
	VALUES ("c3fd203f-bae3-4f3b-a620-c37a50e3863a");
INSERT INTO E_GSME
	VALUES ("c3fd203f-bae3-4f3b-a620-c37a50e3863a",
	"3c0abb69-5aa0-487e-996b-7909858726cf",
	"07fc627f-b641-41fe-a1af-748fb116451e");
INSERT INTO E_GEN
	VALUES ("c3fd203f-bae3-4f3b-a620-c37a50e3863a",
	"93e13952-b5d8-436a-a4ac-ad12ecd4ac33");
INSERT INTO V_VAL
	VALUES ("1b282714-cf76-4ad6-b18f-e67697aab352",
	1,
	1,
	1,
	1,
	5,
	0,
	0,
	0,
	0,
	"811f1dd7-74f0-407e-b449-939d0de5ee8d",
	"2af3817a-a91d-4e9c-adb4-8132cce869a9");
INSERT INTO V_TVL
	VALUES ("1b282714-cf76-4ad6-b18f-e67697aab352",
	"c1b04d12-14cb-4dd4-a248-489c8ab0c826");
INSERT INTO V_VAL
	VALUES ("ab02853c-fc24-4bb8-9f29-ce541897f30c",
	0,
	0,
	1,
	15,
	-1,
	0,
	0,
	0,
	0,
	"811f1dd7-74f0-407e-b449-939d0de5ee8d",
	"2af3817a-a91d-4e9c-adb4-8132cce869a9");
INSERT INTO V_TRV
	VALUES ("ab02853c-fc24-4bb8-9f29-ce541897f30c",
	"e7682414-c9d4-490e-84ef-68b46fb9a8f1",
	"00000000-0000-0000-0000-000000000000",
	1,
	1,
	9);
INSERT INTO V_VAR
	VALUES ("c1b04d12-14cb-4dd4-a248-489c8ab0c826",
	"2af3817a-a91d-4e9c-adb4-8132cce869a9",
	'score',
	1,
	"811f1dd7-74f0-407e-b449-939d0de5ee8d");
INSERT INTO V_TRN
	VALUES ("c1b04d12-14cb-4dd4-a248-489c8ab0c826",
	"00000000-0000-0000-0000-000000000000",
	'');
INSERT INTO V_LOC
	VALUES ("36c05cde-bdc3-44cc-89e2-3b9defd55d2c",
	1,
	1,
	5,
	"c1b04d12-14cb-4dd4-a248-489c8ab0c826");
INSERT INTO V_VAR
	VALUES ("93e13952-b5d8-436a-a4ac-ad12ecd4ac33",
	"2af3817a-a91d-4e9c-adb4-8132cce869a9",
	'row',
	1,
	"1a2907d2-496f-482d-ba4d-df818f73d6fa");
INSERT INTO V_INT
	VALUES ("93e13952-b5d8-436a-a4ac-ad12ecd4ac33",
	0,
	"56c54c26-d9b7-409a-83b7-4c701cc02c0e");
INSERT INTO V_LOC
	VALUES ("b34b22bc-0f93-43f2-98df-f3dd69760aa7",
	4,
	12,
	14,
	"93e13952-b5d8-436a-a4ac-ad12ecd4ac33");
INSERT INTO V_LOC
	VALUES ("b3def38c-8aa4-445e-9e14-db3fb307f432",
	5,
	27,
	29,
	"93e13952-b5d8-436a-a4ac-ad12ecd4ac33");
INSERT INTO S_FIP
	VALUES ("902fee5d-2cc1-44d8-a018-7d4ab96f184d",
	"84284394-5fac-4f2f-a0ed-ad21ca330f28");
INSERT INTO S_SYNC
	VALUES ("84284394-5fac-4f2f-a0ed-ad21ca330f28",
	"0eb5e6c3-13b6-4550-b154-5d6824e51255",
	'check',
	'',
	'score = CELL::score();
if ( 81 == score )
  LOG::LogSuccess( message:"solved the puzzle" );
else
  LOG::LogFailure( message:"failed to solved the puzzle" );
end if;
::display();',
	"606ca061-c661-4bbf-bb1a-bb2345f5239e",
	1,
	'');
INSERT INTO ACT_FNB
	VALUES ("8c97ab07-a861-4e28-9eb6-c8dbccf86df6",
	"84284394-5fac-4f2f-a0ed-ad21ca330f28");
INSERT INTO ACT_ACT
	VALUES ("8c97ab07-a861-4e28-9eb6-c8dbccf86df6",
	'function',
	0,
	"ed568523-a578-498f-8422-9d782a637b32",
	"00000000-0000-0000-0000-000000000000",
	0,
	'check',
	"00000000-0000-0000-0000-000000000000");
INSERT INTO ACT_BLK
	VALUES ("ed568523-a578-498f-8422-9d782a637b32",
	0,
	0,
	0,
	'CELL',
	'',
	'',
	7,
	1,
	1,
	9,
	0,
	0,
	0,
	0,
	0,
	0,
	0,
	0,
	0,
	"8c97ab07-a861-4e28-9eb6-c8dbccf86df6",
	"00000000-0000-0000-0000-000000000000");
INSERT INTO ACT_SMT
	VALUES ("c8adbe92-16b6-4fb8-ae20-bc69482cb116",
	"ed568523-a578-498f-8422-9d782a637b32",
	"401719b9-496d-4886-ab8c-52adeb167c6d",
	1,
	1,
	'check line: 1');
INSERT INTO ACT_AI
	VALUES ("c8adbe92-16b6-4fb8-ae20-bc69482cb116",
	"b65aed54-d203-49dd-87fc-65e9c7ab72a8",
	"937c530b-d981-4649-ab3d-e1023fa211d6",
	0,
	0);
INSERT INTO ACT_SMT
	VALUES ("401719b9-496d-4886-ab8c-52adeb167c6d",
	"ed568523-a578-498f-8422-9d782a637b32",
	"613610d3-ca77-4ddd-bc99-6753fa0f4307",
	2,
	1,
	'check line: 2');
INSERT INTO ACT_IF
	VALUES ("401719b9-496d-4886-ab8c-52adeb167c6d",
	"1e9d9160-b8e8-41b8-bafc-eef4243aab28",
	"26ca4823-f69f-41f0-b7dc-d79fc1229465",
	"00000000-0000-0000-0000-000000000000",
	"00000000-0000-0000-0000-000000000000");
INSERT INTO ACT_SMT
	VALUES ("934bb39e-e434-4ed4-b493-5bd856f5fbc3",
	"ed568523-a578-498f-8422-9d782a637b32",
	"00000000-0000-0000-0000-000000000000",
	4,
	1,
	'check line: 4');
INSERT INTO ACT_E
	VALUES ("934bb39e-e434-4ed4-b493-5bd856f5fbc3",
	"45bd10ed-d6f9-461a-be8b-da88e1297bec",
	"401719b9-496d-4886-ab8c-52adeb167c6d");
INSERT INTO ACT_SMT
	VALUES ("613610d3-ca77-4ddd-bc99-6753fa0f4307",
	"ed568523-a578-498f-8422-9d782a637b32",
	"00000000-0000-0000-0000-000000000000",
	7,
	1,
	'check line: 7');
INSERT INTO ACT_FNC
	VALUES ("613610d3-ca77-4ddd-bc99-6753fa0f4307",
	"ea7999d4-ad63-4a57-abe3-4a8224d30de0",
	7,
	3);
INSERT INTO V_VAL
	VALUES ("937c530b-d981-4649-ab3d-e1023fa211d6",
	1,
	1,
	1,
	1,
	5,
	0,
	0,
	0,
	0,
	"811f1dd7-74f0-407e-b449-939d0de5ee8d",
	"ed568523-a578-498f-8422-9d782a637b32");
INSERT INTO V_TVL
	VALUES ("937c530b-d981-4649-ab3d-e1023fa211d6",
	"d7348464-4a6d-4be6-a4f2-04e5190ac83c");
INSERT INTO V_VAL
	VALUES ("b65aed54-d203-49dd-87fc-65e9c7ab72a8",
	0,
	0,
	1,
	15,
	-1,
	0,
	0,
	0,
	0,
	"811f1dd7-74f0-407e-b449-939d0de5ee8d",
	"ed568523-a578-498f-8422-9d782a637b32");
INSERT INTO V_TRV
	VALUES ("b65aed54-d203-49dd-87fc-65e9c7ab72a8",
	"e7682414-c9d4-490e-84ef-68b46fb9a8f1",
	"00000000-0000-0000-0000-000000000000",
	1,
	1,
	9);
INSERT INTO V_VAL
	VALUES ("b5cff581-e2bd-444f-a790-f46e703ea44c",
	0,
	0,
	2,
	6,
	7,
	0,
	0,
	0,
	0,
	"811f1dd7-74f0-407e-b449-939d0de5ee8d",
	"ed568523-a578-498f-8422-9d782a637b32");
INSERT INTO V_LIN
	VALUES ("b5cff581-e2bd-444f-a790-f46e703ea44c",
	'81');
INSERT INTO V_VAL
	VALUES ("26ca4823-f69f-41f0-b7dc-d79fc1229465",
	0,
	0,
	-1,
	-1,
	-1,
	0,
	0,
	0,
	0,
	"4e005777-df64-4279-9c02-400e239872b9",
	"ed568523-a578-498f-8422-9d782a637b32");
INSERT INTO V_BIN
	VALUES ("26ca4823-f69f-41f0-b7dc-d79fc1229465",
	"d6c55f62-830d-4eae-8e30-50e4b48f2161",
	"b5cff581-e2bd-444f-a790-f46e703ea44c",
	'==');
INSERT INTO V_VAL
	VALUES ("d6c55f62-830d-4eae-8e30-50e4b48f2161",
	0,
	0,
	2,
	12,
	16,
	0,
	0,
	0,
	0,
	"811f1dd7-74f0-407e-b449-939d0de5ee8d",
	"ed568523-a578-498f-8422-9d782a637b32");
INSERT INTO V_TVL
	VALUES ("d6c55f62-830d-4eae-8e30-50e4b48f2161",
	"d7348464-4a6d-4be6-a4f2-04e5190ac83c");
INSERT INTO V_VAR
	VALUES ("d7348464-4a6d-4be6-a4f2-04e5190ac83c",
	"ed568523-a578-498f-8422-9d782a637b32",
	'score',
	1,
	"811f1dd7-74f0-407e-b449-939d0de5ee8d");
INSERT INTO V_TRN
	VALUES ("d7348464-4a6d-4be6-a4f2-04e5190ac83c",
	"00000000-0000-0000-0000-000000000000",
	'');
INSERT INTO V_LOC
	VALUES ("440eef6c-26c5-41a2-ad23-8fb5b15f975e",
	1,
	1,
	5,
	"d7348464-4a6d-4be6-a4f2-04e5190ac83c");
INSERT INTO V_LOC
	VALUES ("2632852b-7d75-4e6e-a566-0e0f8ecfdbce",
	2,
	12,
	16,
	"d7348464-4a6d-4be6-a4f2-04e5190ac83c");
INSERT INTO ACT_BLK
	VALUES ("1e9d9160-b8e8-41b8-bafc-eef4243aab28",
	0,
	0,
	0,
	'LOG',
	'',
	'',
	3,
	3,
	3,
	3,
	0,
	0,
	0,
	0,
	0,
	0,
	0,
	0,
	0,
	"8c97ab07-a861-4e28-9eb6-c8dbccf86df6",
	"00000000-0000-0000-0000-000000000000");
INSERT INTO ACT_SMT
	VALUES ("1175f6e5-7220-4383-9554-a24b4725f5b3",
	"1e9d9160-b8e8-41b8-bafc-eef4243aab28",
	"00000000-0000-0000-0000-000000000000",
	3,
	3,
	'check line: 3');
INSERT INTO ACT_BRG
	VALUES ("1175f6e5-7220-4383-9554-a24b4725f5b3",
	"c1b48c1e-b947-4620-bd45-5dfde8d96e53",
	3,
	8,
	3,
	3);
INSERT INTO V_VAL
	VALUES ("b2ff3cd7-64b6-4bab-8e0b-57284f062555",
	0,
	0,
	3,
	28,
	45,
	0,
	0,
	0,
	0,
	"e27a3af8-1f28-4ba6-a876-f718ce67db3c",
	"1e9d9160-b8e8-41b8-bafc-eef4243aab28");
INSERT INTO V_LST
	VALUES ("b2ff3cd7-64b6-4bab-8e0b-57284f062555",
	'solved the puzzle');
INSERT INTO V_PAR
	VALUES ("b2ff3cd7-64b6-4bab-8e0b-57284f062555",
	"1175f6e5-7220-4383-9554-a24b4725f5b3",
	"00000000-0000-0000-0000-000000000000",
	'message',
	"00000000-0000-0000-0000-000000000000",
	3,
	20);
INSERT INTO ACT_BLK
	VALUES ("45bd10ed-d6f9-461a-be8b-da88e1297bec",
	0,
	0,
	0,
	'LOG',
	'',
	'',
	5,
	3,
	5,
	3,
	0,
	0,
	0,
	0,
	0,
	0,
	0,
	0,
	0,
	"8c97ab07-a861-4e28-9eb6-c8dbccf86df6",
	"00000000-0000-0000-0000-000000000000");
INSERT INTO ACT_SMT
	VALUES ("1a957a14-ad50-455b-80c9-e615b10a84b8",
	"45bd10ed-d6f9-461a-be8b-da88e1297bec",
	"00000000-0000-0000-0000-000000000000",
	5,
	3,
	'check line: 5');
INSERT INTO ACT_BRG
	VALUES ("1a957a14-ad50-455b-80c9-e615b10a84b8",
	"ea25943b-c6c2-4423-922c-947a3cd960ad",
	5,
	8,
	5,
	3);
INSERT INTO V_VAL
	VALUES ("8522fa39-ef43-44fd-91d8-9e7db5d08395",
	0,
	0,
	5,
	28,
	55,
	0,
	0,
	0,
	0,
	"e27a3af8-1f28-4ba6-a876-f718ce67db3c",
	"45bd10ed-d6f9-461a-be8b-da88e1297bec");
INSERT INTO V_LST
	VALUES ("8522fa39-ef43-44fd-91d8-9e7db5d08395",
	'failed to solved the puzzle');
INSERT INTO V_PAR
	VALUES ("8522fa39-ef43-44fd-91d8-9e7db5d08395",
	"1a957a14-ad50-455b-80c9-e615b10a84b8",
	"00000000-0000-0000-0000-000000000000",
	'message',
	"00000000-0000-0000-0000-000000000000",
	5,
	20);
INSERT INTO S_SID
	VALUES ("0eb5e6c3-13b6-4550-b154-5d6824e51255",
	"3d0162a5-1c20-4ddf-8686-ff9d4c06e6a1");
INSERT INTO S_SS
	VALUES ("3d0162a5-1c20-4ddf-8686-ff9d4c06e6a1",
	'sudoku',
	'',
	'',
	0,
	"0eb5e6c3-13b6-4550-b154-5d6824e51255",
	"00000000-0000-0000-0000-000000000000");
INSERT INTO O_OBJ
	VALUES ("83fd5a00-5820-4fb5-ade7-97f8217b945f",
	'box',
	4,
	'BOX',
	'',
	"3d0162a5-1c20-4ddf-8686-ff9d4c06e6a1");
INSERT INTO O_TFR
	VALUES ("30f7d1fd-f731-455f-93b4-963d0aa6e745",
	"83fd5a00-5820-4fb5-ade7-97f8217b945f",
	'prune',
	'',
	"811f1dd7-74f0-407e-b449-939d0de5ee8d",
	1,
	'// Cut off eligible digits that match any answer digit for this sequence.

temperature = 0;
select many answerdigits related by self->CELL[R4]->DIGIT[R9] where ( selected.value != 0 );
select many eligibles related by self->CELL[R4]->ELIGIBLE[R8];
for each eligible in eligibles
  for each answerdigit in answerdigits
    if ( eligible.digit_value == answerdigit.value )
      select one opencell related by eligible->CELL[R8];
      if ( opencell.answer_value != eligible.digit_value )
        unrelate answerdigit from opencell across R8 using eligible;
        delete object instance eligible;
        //generate CELL1:eliminate( digit:answerdigit.value ) to opencell;
      end if;
      temperature = 1;
      break;
    end if;
  end for;
end for;
  
select many opencells related by self->CELL[R4]
  where ( selected.answer_value == 0 );
if ( empty opencells )
  temperature = 100;
end if;
for each opencell in opencells
  // Notice if we have the answer now.
  select many eligibles related by opencell->ELIGIBLE[R8];
  c = cardinality eligibles;
  if ( 1 == c )
    select any answer related by opencell->ELIGIBLE[R8];
    opencell.answer( answer_digit:answer.digit_value );
    //generate CELL2:answer( digit:answer.digit_value ) to opencell;
    temperature = 1;
  end if;
end for;

return temperature;
',
	1,
	'',
	"95951fd8-2a86-4a4a-b9aa-8e2e2e1bbd9b");
INSERT INTO ACT_OPB
	VALUES ("bbbe889c-54de-4091-a162-49dae0344373",
	"30f7d1fd-f731-455f-93b4-963d0aa6e745");
INSERT INTO ACT_ACT
	VALUES ("bbbe889c-54de-4091-a162-49dae0344373",
	'operation',
	0,
	"eb4a302d-28e0-46ba-b7f3-c566465c1668",
	"00000000-0000-0000-0000-000000000000",
	0,
	'box::prune',
	"00000000-0000-0000-0000-000000000000");
INSERT INTO ACT_BLK
	VALUES ("eb4a302d-28e0-46ba-b7f3-c566465c1668",
	1,
	0,
	1,
	'',
	'',
	'',
	38,
	1,
	21,
	40,
	0,
	0,
	21,
	45,
	0,
	0,
	0,
	0,
	0,
	"bbbe889c-54de-4091-a162-49dae0344373",
	"00000000-0000-0000-0000-000000000000");
INSERT INTO ACT_SMT
	VALUES ("1c43db68-062e-4160-a473-9b8409d05762",
	"eb4a302d-28e0-46ba-b7f3-c566465c1668",
	"f54d51f8-4387-426f-b1a1-8071caeca904",
	3,
	1,
	'box::prune line: 3');
INSERT INTO ACT_AI
	VALUES ("1c43db68-062e-4160-a473-9b8409d05762",
	"ddfbb64a-236a-4f4c-a10a-38205e2d37d7",
	"77155da4-7b3b-40f1-910e-7426d6f73b7e",
	0,
	0);
INSERT INTO ACT_SMT
	VALUES ("f54d51f8-4387-426f-b1a1-8071caeca904",
	"eb4a302d-28e0-46ba-b7f3-c566465c1668",
	"88a1d98b-c653-43a1-bced-d59002268038",
	4,
	1,
	'box::prune line: 4');
INSERT INTO ACT_SEL
	VALUES ("f54d51f8-4387-426f-b1a1-8071caeca904",
	"f60382f9-0475-45f5-b23c-9bcb4e90419f",
	1,
	'many',
	"f861a1c5-245c-4358-b753-805d281b058a");
INSERT INTO ACT_SRW
	VALUES ("f54d51f8-4387-426f-b1a1-8071caeca904",
	"b04a90fe-c4be-411e-88ad-899ac28d212f");
INSERT INTO ACT_LNK
	VALUES ("84a5120f-10ed-43c1-b095-0833a75e482f",
	'',
	"f54d51f8-4387-426f-b1a1-8071caeca904",
	"e6cf2b93-d27e-4c83-a459-4307f3d2ce43",
	"716b2032-7719-413b-843a-73eea5d14fda",
	3,
	"e488047e-8d3e-455c-a7e9-29120bad505f",
	4,
	43,
	4,
	48,
	0,
	0);
INSERT INTO ACT_LNK
	VALUES ("716b2032-7719-413b-843a-73eea5d14fda",
	'',
	"00000000-0000-0000-0000-000000000000",
	"52e5a3de-5d5d-4eaf-a076-5b96609c9130",
	"00000000-0000-0000-0000-000000000000",
	2,
	"8a59e2de-6f5d-4937-ade5-f1ace45cc756",
	4,
	53,
	4,
	59,
	0,
	0);
INSERT INTO ACT_SMT
	VALUES ("88a1d98b-c653-43a1-bced-d59002268038",
	"eb4a302d-28e0-46ba-b7f3-c566465c1668",
	"1f67e984-c582-4c6d-a22b-7e80cbab0fd1",
	5,
	1,
	'box::prune line: 5');
INSERT INTO ACT_SEL
	VALUES ("88a1d98b-c653-43a1-bced-d59002268038",
	"49bd93c6-c33a-4581-9667-9c2903f96df4",
	1,
	'many',
	"e3ae8840-e08b-4e0f-9eba-1788df1816ae");
INSERT INTO ACT_SR
	VALUES ("88a1d98b-c653-43a1-bced-d59002268038");
INSERT INTO ACT_LNK
	VALUES ("0462a485-2dbc-4a02-a9eb-fe5d9518460d",
	'',
	"88a1d98b-c653-43a1-bced-d59002268038",
	"e6cf2b93-d27e-4c83-a459-4307f3d2ce43",
	"a7d1f69f-c1ad-44ce-988a-8df222ae1cf6",
	3,
	"e488047e-8d3e-455c-a7e9-29120bad505f",
	5,
	40,
	5,
	45,
	0,
	0);
INSERT INTO ACT_LNK
	VALUES ("a7d1f69f-c1ad-44ce-988a-8df222ae1cf6",
	'',
	"00000000-0000-0000-0000-000000000000",
	"62a93566-2203-4db8-ba18-f7c15ca2072a",
	"00000000-0000-0000-0000-000000000000",
	3,
	"7dfbb9fe-d109-4356-a43c-8a02617ad46a",
	5,
	50,
	5,
	59,
	0,
	0);
INSERT INTO ACT_SMT
	VALUES ("1f67e984-c582-4c6d-a22b-7e80cbab0fd1",
	"eb4a302d-28e0-46ba-b7f3-c566465c1668",
	"a63500d3-8c55-47f0-a467-7ae2fb656479",
	6,
	1,
	'box::prune line: 6');
INSERT INTO ACT_FOR
	VALUES ("1f67e984-c582-4c6d-a22b-7e80cbab0fd1",
	"01d43c8b-e707-44cb-85c5-7b0dd33d14c3",
	1,
	"52c6b22e-1caf-4e1a-9554-ed084814fad8",
	"49bd93c6-c33a-4581-9667-9c2903f96df4",
	"7dfbb9fe-d109-4356-a43c-8a02617ad46a");
INSERT INTO ACT_SMT
	VALUES ("a63500d3-8c55-47f0-a467-7ae2fb656479",
	"eb4a302d-28e0-46ba-b7f3-c566465c1668",
	"db486ab3-d821-4b49-a5dc-ba1eac7bff6a",
	21,
	1,
	'box::prune line: 21');
INSERT INTO ACT_SEL
	VALUES ("a63500d3-8c55-47f0-a467-7ae2fb656479",
	"b6f9fa2e-6d89-4599-b55d-64e948301c0a",
	1,
	'many',
	"1b0c8300-f307-4074-b443-11a716ffc176");
INSERT INTO ACT_SRW
	VALUES ("a63500d3-8c55-47f0-a467-7ae2fb656479",
	"b3d9b43f-3e66-4dd6-89b5-0b580e7f4594");
INSERT INTO ACT_LNK
	VALUES ("f630b5e0-244c-4128-966f-91cf16ee9943",
	'',
	"a63500d3-8c55-47f0-a467-7ae2fb656479",
	"e6cf2b93-d27e-4c83-a459-4307f3d2ce43",
	"00000000-0000-0000-0000-000000000000",
	3,
	"e488047e-8d3e-455c-a7e9-29120bad505f",
	21,
	40,
	21,
	45,
	0,
	0);
INSERT INTO ACT_SMT
	VALUES ("db486ab3-d821-4b49-a5dc-ba1eac7bff6a",
	"eb4a302d-28e0-46ba-b7f3-c566465c1668",
	"8941a62a-9cc8-4ae3-9424-a09ccad14e79",
	23,
	1,
	'box::prune line: 23');
INSERT INTO ACT_IF
	VALUES ("db486ab3-d821-4b49-a5dc-ba1eac7bff6a",
	"bcb84336-ec38-4078-bc9f-7941c786b487",
	"68982369-f5c7-48cd-a038-6fa3c1038179",
	"00000000-0000-0000-0000-000000000000",
	"00000000-0000-0000-0000-000000000000");
INSERT INTO ACT_SMT
	VALUES ("8941a62a-9cc8-4ae3-9424-a09ccad14e79",
	"eb4a302d-28e0-46ba-b7f3-c566465c1668",
	"c10f4c23-757a-4673-be48-144a58305d7a",
	26,
	1,
	'box::prune line: 26');
INSERT INTO ACT_FOR
	VALUES ("8941a62a-9cc8-4ae3-9424-a09ccad14e79",
	"3bf33ed8-19b7-4b0a-8728-3ac649239424",
	1,
	"8a5b8959-d62a-45c1-8d95-fb864fd86de1",
	"b6f9fa2e-6d89-4599-b55d-64e948301c0a",
	"e488047e-8d3e-455c-a7e9-29120bad505f");
INSERT INTO ACT_SMT
	VALUES ("c10f4c23-757a-4673-be48-144a58305d7a",
	"eb4a302d-28e0-46ba-b7f3-c566465c1668",
	"00000000-0000-0000-0000-000000000000",
	38,
	1,
	'box::prune line: 38');
INSERT INTO ACT_RET
	VALUES ("c10f4c23-757a-4673-be48-144a58305d7a",
	"6a13adb7-48bb-4a2c-a432-5863e4a9f8d7");
INSERT INTO V_VAL
	VALUES ("77155da4-7b3b-40f1-910e-7426d6f73b7e",
	1,
	1,
	3,
	1,
	11,
	0,
	0,
	0,
	0,
	"811f1dd7-74f0-407e-b449-939d0de5ee8d",
	"eb4a302d-28e0-46ba-b7f3-c566465c1668");
INSERT INTO V_TVL
	VALUES ("77155da4-7b3b-40f1-910e-7426d6f73b7e",
	"2fc9ec9b-7a63-482c-a199-4df5945a09bf");
INSERT INTO V_VAL
	VALUES ("ddfbb64a-236a-4f4c-a10a-38205e2d37d7",
	0,
	0,
	3,
	15,
	15,
	0,
	0,
	0,
	0,
	"811f1dd7-74f0-407e-b449-939d0de5ee8d",
	"eb4a302d-28e0-46ba-b7f3-c566465c1668");
INSERT INTO V_LIN
	VALUES ("ddfbb64a-236a-4f4c-a10a-38205e2d37d7",
	'0');
INSERT INTO V_VAL
	VALUES ("f861a1c5-245c-4358-b753-805d281b058a",
	0,
	0,
	4,
	37,
	40,
	0,
	0,
	0,
	0,
	"1a2907d2-496f-482d-ba4d-df818f73d6fa",
	"eb4a302d-28e0-46ba-b7f3-c566465c1668");
INSERT INTO V_IRF
	VALUES ("f861a1c5-245c-4358-b753-805d281b058a",
	"0ac6d43c-feb3-456e-aea5-e07daddf265d");
INSERT INTO V_VAL
	VALUES ("568085f0-6b5d-4eb0-a2cd-a9564303c493",
	0,
	0,
	4,
	71,
	-1,
	0,
	0,
	0,
	0,
	"1a2907d2-496f-482d-ba4d-df818f73d6fa",
	"eb4a302d-28e0-46ba-b7f3-c566465c1668");
INSERT INTO V_SLR
	VALUES ("568085f0-6b5d-4eb0-a2cd-a9564303c493",
	"00000000-0000-0000-0000-000000000000",
	"00000000-0000-0000-0000-000000000000",
	"00000000-0000-0000-0000-000000000000");
INSERT INTO V_VAL
	VALUES ("f28556e6-07b3-49cd-84ee-74a40c97ce64",
	0,
	0,
	4,
	80,
	84,
	0,
	0,
	0,
	0,
	"811f1dd7-74f0-407e-b449-939d0de5ee8d",
	"eb4a302d-28e0-46ba-b7f3-c566465c1668");
INSERT INTO V_AVL
	VALUES ("f28556e6-07b3-49cd-84ee-74a40c97ce64",
	"568085f0-6b5d-4eb0-a2cd-a9564303c493",
	"8a59e2de-6f5d-4937-ade5-f1ace45cc756",
	"53e80efe-cb6c-4332-b046-1ba6f6005b30");
INSERT INTO V_VAL
	VALUES ("b04a90fe-c4be-411e-88ad-899ac28d212f",
	0,
	0,
	-1,
	-1,
	-1,
	0,
	0,
	0,
	0,
	"4e005777-df64-4279-9c02-400e239872b9",
	"eb4a302d-28e0-46ba-b7f3-c566465c1668");
INSERT INTO V_BIN
	VALUES ("b04a90fe-c4be-411e-88ad-899ac28d212f",
	"9b7ebaf9-7df1-4ed0-8566-5c201285b4ed",
	"f28556e6-07b3-49cd-84ee-74a40c97ce64",
	'!=');
INSERT INTO V_VAL
	VALUES ("9b7ebaf9-7df1-4ed0-8566-5c201285b4ed",
	0,
	0,
	4,
	89,
	89,
	0,
	0,
	0,
	0,
	"811f1dd7-74f0-407e-b449-939d0de5ee8d",
	"eb4a302d-28e0-46ba-b7f3-c566465c1668");
INSERT INTO V_LIN
	VALUES ("9b7ebaf9-7df1-4ed0-8566-5c201285b4ed",
	'0');
INSERT INTO V_VAL
	VALUES ("e3ae8840-e08b-4e0f-9eba-1788df1816ae",
	0,
	0,
	5,
	34,
	37,
	0,
	0,
	0,
	0,
	"1a2907d2-496f-482d-ba4d-df818f73d6fa",
	"eb4a302d-28e0-46ba-b7f3-c566465c1668");
INSERT INTO V_IRF
	VALUES ("e3ae8840-e08b-4e0f-9eba-1788df1816ae",
	"0ac6d43c-feb3-456e-aea5-e07daddf265d");
INSERT INTO V_VAL
	VALUES ("1b0c8300-f307-4074-b443-11a716ffc176",
	0,
	0,
	21,
	34,
	37,
	0,
	0,
	0,
	0,
	"1a2907d2-496f-482d-ba4d-df818f73d6fa",
	"eb4a302d-28e0-46ba-b7f3-c566465c1668");
INSERT INTO V_IRF
	VALUES ("1b0c8300-f307-4074-b443-11a716ffc176",
	"0ac6d43c-feb3-456e-aea5-e07daddf265d");
INSERT INTO V_VAL
	VALUES ("83c69bd8-d6c3-4120-baa3-39e52d68884c",
	0,
	0,
	22,
	11,
	-1,
	0,
	0,
	0,
	0,
	"1a2907d2-496f-482d-ba4d-df818f73d6fa",
	"eb4a302d-28e0-46ba-b7f3-c566465c1668");
INSERT INTO V_SLR
	VALUES ("83c69bd8-d6c3-4120-baa3-39e52d68884c",
	"00000000-0000-0000-0000-000000000000",
	"00000000-0000-0000-0000-000000000000",
	"00000000-0000-0000-0000-000000000000");
INSERT INTO V_VAL
	VALUES ("ca6d21a5-b4a4-4b0d-a51e-6aee1d0e98e0",
	0,
	0,
	22,
	20,
	31,
	0,
	0,
	0,
	0,
	"811f1dd7-74f0-407e-b449-939d0de5ee8d",
	"eb4a302d-28e0-46ba-b7f3-c566465c1668");
INSERT INTO V_AVL
	VALUES ("ca6d21a5-b4a4-4b0d-a51e-6aee1d0e98e0",
	"83c69bd8-d6c3-4120-baa3-39e52d68884c",
	"e488047e-8d3e-455c-a7e9-29120bad505f",
	"009f5557-7ee7-4e44-9444-4d92eb448359");
INSERT INTO V_VAL
	VALUES ("b3d9b43f-3e66-4dd6-89b5-0b580e7f4594",
	0,
	0,
	-1,
	-1,
	-1,
	0,
	0,
	0,
	0,
	"4e005777-df64-4279-9c02-400e239872b9",
	"eb4a302d-28e0-46ba-b7f3-c566465c1668");
INSERT INTO V_BIN
	VALUES ("b3d9b43f-3e66-4dd6-89b5-0b580e7f4594",
	"b432613d-9db5-4042-b3a7-1b7f83ea4e7a",
	"ca6d21a5-b4a4-4b0d-a51e-6aee1d0e98e0",
	'==');
INSERT INTO V_VAL
	VALUES ("b432613d-9db5-4042-b3a7-1b7f83ea4e7a",
	0,
	0,
	22,
	36,
	36,
	0,
	0,
	0,
	0,
	"811f1dd7-74f0-407e-b449-939d0de5ee8d",
	"eb4a302d-28e0-46ba-b7f3-c566465c1668");
INSERT INTO V_LIN
	VALUES ("b432613d-9db5-4042-b3a7-1b7f83ea4e7a",
	'0');
INSERT INTO V_VAL
	VALUES ("5fd1d361-b461-46ee-83ca-66bd475c7c29",
	0,
	0,
	23,
	12,
	20,
	0,
	0,
	0,
	0,
	"bd7c827f-c0a0-4115-8268-33db6654fef9",
	"eb4a302d-28e0-46ba-b7f3-c566465c1668");
INSERT INTO V_ISR
	VALUES ("5fd1d361-b461-46ee-83ca-66bd475c7c29",
	"b6f9fa2e-6d89-4599-b55d-64e948301c0a");
INSERT INTO V_VAL
	VALUES ("68982369-f5c7-48cd-a038-6fa3c1038179",
	0,
	0,
	-1,
	-1,
	-1,
	0,
	0,
	0,
	0,
	"4e005777-df64-4279-9c02-400e239872b9",
	"eb4a302d-28e0-46ba-b7f3-c566465c1668");
INSERT INTO V_UNY
	VALUES ("68982369-f5c7-48cd-a038-6fa3c1038179",
	"5fd1d361-b461-46ee-83ca-66bd475c7c29",
	'empty');
INSERT INTO V_VAL
	VALUES ("6a13adb7-48bb-4a2c-a432-5863e4a9f8d7",
	0,
	0,
	38,
	8,
	18,
	0,
	0,
	0,
	0,
	"811f1dd7-74f0-407e-b449-939d0de5ee8d",
	"eb4a302d-28e0-46ba-b7f3-c566465c1668");
INSERT INTO V_TVL
	VALUES ("6a13adb7-48bb-4a2c-a432-5863e4a9f8d7",
	"2fc9ec9b-7a63-482c-a199-4df5945a09bf");
INSERT INTO V_VAR
	VALUES ("2fc9ec9b-7a63-482c-a199-4df5945a09bf",
	"eb4a302d-28e0-46ba-b7f3-c566465c1668",
	'temperature',
	1,
	"811f1dd7-74f0-407e-b449-939d0de5ee8d");
INSERT INTO V_TRN
	VALUES ("2fc9ec9b-7a63-482c-a199-4df5945a09bf",
	"00000000-0000-0000-0000-000000000000",
	'');
INSERT INTO V_LOC
	VALUES ("ca8fac1b-2e2b-46d0-8a4f-5487a564f7d9",
	3,
	1,
	11,
	"2fc9ec9b-7a63-482c-a199-4df5945a09bf");
INSERT INTO V_LOC
	VALUES ("419ed3cd-0c8a-45f8-bda4-923417305bf6",
	15,
	7,
	17,
	"2fc9ec9b-7a63-482c-a199-4df5945a09bf");
INSERT INTO V_LOC
	VALUES ("0931e5c7-fd10-4a4a-b4be-06de9646b7c7",
	24,
	3,
	13,
	"2fc9ec9b-7a63-482c-a199-4df5945a09bf");
INSERT INTO V_LOC
	VALUES ("7747d116-8e3f-4bce-ac3a-38e0ff861462",
	34,
	5,
	15,
	"2fc9ec9b-7a63-482c-a199-4df5945a09bf");
INSERT INTO V_LOC
	VALUES ("e894cd1e-f7fe-4864-9507-d293c38728c0",
	38,
	8,
	18,
	"2fc9ec9b-7a63-482c-a199-4df5945a09bf");
INSERT INTO V_VAR
	VALUES ("f60382f9-0475-45f5-b23c-9bcb4e90419f",
	"eb4a302d-28e0-46ba-b7f3-c566465c1668",
	'answerdigits',
	1,
	"bd7c827f-c0a0-4115-8268-33db6654fef9");
INSERT INTO V_INS
	VALUES ("f60382f9-0475-45f5-b23c-9bcb4e90419f",
	"8a59e2de-6f5d-4937-ade5-f1ace45cc756");
INSERT INTO V_LOC
	VALUES ("6d413475-cc0c-443f-95ad-17cc6f10b636",
	4,
	13,
	24,
	"f60382f9-0475-45f5-b23c-9bcb4e90419f");
INSERT INTO V_LOC
	VALUES ("abdd4afc-5d23-455e-81be-43991c84cb5f",
	7,
	27,
	38,
	"f60382f9-0475-45f5-b23c-9bcb4e90419f");
INSERT INTO V_VAR
	VALUES ("0ac6d43c-feb3-456e-aea5-e07daddf265d",
	"eb4a302d-28e0-46ba-b7f3-c566465c1668",
	'self',
	1,
	"1a2907d2-496f-482d-ba4d-df818f73d6fa");
INSERT INTO V_INT
	VALUES ("0ac6d43c-feb3-456e-aea5-e07daddf265d",
	0,
	"83fd5a00-5820-4fb5-ade7-97f8217b945f");
INSERT INTO V_VAR
	VALUES ("49bd93c6-c33a-4581-9667-9c2903f96df4",
	"eb4a302d-28e0-46ba-b7f3-c566465c1668",
	'eligibles',
	1,
	"bd7c827f-c0a0-4115-8268-33db6654fef9");
INSERT INTO V_INS
	VALUES ("49bd93c6-c33a-4581-9667-9c2903f96df4",
	"7dfbb9fe-d109-4356-a43c-8a02617ad46a");
INSERT INTO V_LOC
	VALUES ("c5239501-f089-416a-a946-2b75924cacfd",
	5,
	13,
	21,
	"49bd93c6-c33a-4581-9667-9c2903f96df4");
INSERT INTO V_LOC
	VALUES ("6933d964-4e46-4db0-a930-8a0eb4d08e8b",
	6,
	22,
	30,
	"49bd93c6-c33a-4581-9667-9c2903f96df4");
INSERT INTO V_LOC
	VALUES ("a1f82879-7531-4115-bfa9-11a79525a927",
	28,
	15,
	23,
	"49bd93c6-c33a-4581-9667-9c2903f96df4");
INSERT INTO V_VAR
	VALUES ("52c6b22e-1caf-4e1a-9554-ed084814fad8",
	"eb4a302d-28e0-46ba-b7f3-c566465c1668",
	'eligible',
	1,
	"1a2907d2-496f-482d-ba4d-df818f73d6fa");
INSERT INTO V_INT
	VALUES ("52c6b22e-1caf-4e1a-9554-ed084814fad8",
	1,
	"7dfbb9fe-d109-4356-a43c-8a02617ad46a");
INSERT INTO V_LOC
	VALUES ("c3871a0d-fe32-4ba9-b2e4-baffcab4c596",
	6,
	10,
	17,
	"52c6b22e-1caf-4e1a-9554-ed084814fad8");
INSERT INTO V_LOC
	VALUES ("78a1bdd0-82b1-4cbd-9b45-d3b1ef4aaf7d",
	8,
	10,
	17,
	"52c6b22e-1caf-4e1a-9554-ed084814fad8");
INSERT INTO V_LOC
	VALUES ("6f97cb4b-d1ae-4c30-aa83-7f9ad504a9f6",
	10,
	37,
	44,
	"52c6b22e-1caf-4e1a-9554-ed084814fad8");
INSERT INTO V_LOC
	VALUES ("e944b8e9-368d-4d76-9e74-c2c6a5779487",
	11,
	60,
	67,
	"52c6b22e-1caf-4e1a-9554-ed084814fad8");
INSERT INTO V_LOC
	VALUES ("402ec0c9-071b-4e9a-90b8-d268f8365a9b",
	12,
	32,
	39,
	"52c6b22e-1caf-4e1a-9554-ed084814fad8");
INSERT INTO V_VAR
	VALUES ("b6f9fa2e-6d89-4599-b55d-64e948301c0a",
	"eb4a302d-28e0-46ba-b7f3-c566465c1668",
	'opencells',
	1,
	"bd7c827f-c0a0-4115-8268-33db6654fef9");
INSERT INTO V_INS
	VALUES ("b6f9fa2e-6d89-4599-b55d-64e948301c0a",
	"e488047e-8d3e-455c-a7e9-29120bad505f");
INSERT INTO V_LOC
	VALUES ("244f3d48-6163-466a-939b-aed57d46559d",
	21,
	13,
	21,
	"b6f9fa2e-6d89-4599-b55d-64e948301c0a");
INSERT INTO V_LOC
	VALUES ("f23287b3-1459-4bb8-b85d-44a108a2b4e8",
	26,
	22,
	30,
	"b6f9fa2e-6d89-4599-b55d-64e948301c0a");
INSERT INTO V_VAR
	VALUES ("8a5b8959-d62a-45c1-8d95-fb864fd86de1",
	"eb4a302d-28e0-46ba-b7f3-c566465c1668",
	'opencell',
	1,
	"1a2907d2-496f-482d-ba4d-df818f73d6fa");
INSERT INTO V_INT
	VALUES ("8a5b8959-d62a-45c1-8d95-fb864fd86de1",
	1,
	"e488047e-8d3e-455c-a7e9-29120bad505f");
INSERT INTO V_LOC
	VALUES ("b4499c0a-1c25-4e3e-916e-395437857c2c",
	26,
	10,
	17,
	"8a5b8959-d62a-45c1-8d95-fb864fd86de1");
INSERT INTO V_LOC
	VALUES ("9086aefd-15e6-4973-b7b0-61683aed6ace",
	32,
	5,
	12,
	"8a5b8959-d62a-45c1-8d95-fb864fd86de1");
INSERT INTO ACT_BLK
	VALUES ("01d43c8b-e707-44cb-85c5-7b0dd33d14c3",
	0,
	0,
	0,
	'',
	'',
	'',
	7,
	3,
	0,
	0,
	0,
	0,
	0,
	0,
	0,
	0,
	0,
	0,
	0,
	"bbbe889c-54de-4091-a162-49dae0344373",
	"00000000-0000-0000-0000-000000000000");
INSERT INTO ACT_SMT
	VALUES ("51a086cd-36e1-4672-8f76-b4763c983ea0",
	"01d43c8b-e707-44cb-85c5-7b0dd33d14c3",
	"00000000-0000-0000-0000-000000000000",
	7,
	3,
	'box::prune line: 7');
INSERT INTO ACT_FOR
	VALUES ("51a086cd-36e1-4672-8f76-b4763c983ea0",
	"fffab16f-5f0b-4732-9fd6-754ce8e32b9a",
	1,
	"76edcd3f-05ee-424b-95da-ece3e1cdf519",
	"f60382f9-0475-45f5-b23c-9bcb4e90419f",
	"8a59e2de-6f5d-4937-ade5-f1ace45cc756");
INSERT INTO V_VAR
	VALUES ("76edcd3f-05ee-424b-95da-ece3e1cdf519",
	"01d43c8b-e707-44cb-85c5-7b0dd33d14c3",
	'answerdigit',
	1,
	"1a2907d2-496f-482d-ba4d-df818f73d6fa");
INSERT INTO V_INT
	VALUES ("76edcd3f-05ee-424b-95da-ece3e1cdf519",
	1,
	"8a59e2de-6f5d-4937-ade5-f1ace45cc756");
INSERT INTO V_LOC
	VALUES ("4bb4aa6c-22ac-4ab4-882f-e965a2052a0f",
	7,
	12,
	22,
	"76edcd3f-05ee-424b-95da-ece3e1cdf519");
INSERT INTO V_LOC
	VALUES ("09049349-1888-4095-afd7-5bcb368b3938",
	8,
	34,
	44,
	"76edcd3f-05ee-424b-95da-ece3e1cdf519");
INSERT INTO V_LOC
	VALUES ("61612c6a-53e0-466c-b0e8-4b4221310d8e",
	11,
	18,
	28,
	"76edcd3f-05ee-424b-95da-ece3e1cdf519");
INSERT INTO ACT_BLK
	VALUES ("fffab16f-5f0b-4732-9fd6-754ce8e32b9a",
	0,
	0,
	0,
	'',
	'',
	'',
	8,
	5,
	0,
	0,
	0,
	0,
	0,
	0,
	0,
	0,
	0,
	0,
	0,
	"bbbe889c-54de-4091-a162-49dae0344373",
	"00000000-0000-0000-0000-000000000000");
INSERT INTO ACT_SMT
	VALUES ("f7653312-df67-4162-8ccf-07dcc846dd28",
	"fffab16f-5f0b-4732-9fd6-754ce8e32b9a",
	"00000000-0000-0000-0000-000000000000",
	8,
	5,
	'box::prune line: 8');
INSERT INTO ACT_IF
	VALUES ("f7653312-df67-4162-8ccf-07dcc846dd28",
	"8ce4521f-9df1-46eb-9ab1-80303b4911a4",
	"c2f92c99-46af-4c2f-8b93-3da8ea233943",
	"00000000-0000-0000-0000-000000000000",
	"00000000-0000-0000-0000-000000000000");
INSERT INTO V_VAL
	VALUES ("2197bef6-faf5-41bd-abd3-742e9832b842",
	0,
	0,
	8,
	10,
	17,
	0,
	0,
	0,
	0,
	"1a2907d2-496f-482d-ba4d-df818f73d6fa",
	"fffab16f-5f0b-4732-9fd6-754ce8e32b9a");
INSERT INTO V_IRF
	VALUES ("2197bef6-faf5-41bd-abd3-742e9832b842",
	"52c6b22e-1caf-4e1a-9554-ed084814fad8");
INSERT INTO V_VAL
	VALUES ("e552a807-1346-4fc8-bcc2-726b7749e400",
	0,
	0,
	8,
	19,
	29,
	0,
	0,
	0,
	0,
	"811f1dd7-74f0-407e-b449-939d0de5ee8d",
	"fffab16f-5f0b-4732-9fd6-754ce8e32b9a");
INSERT INTO V_AVL
	VALUES ("e552a807-1346-4fc8-bcc2-726b7749e400",
	"2197bef6-faf5-41bd-abd3-742e9832b842",
	"7dfbb9fe-d109-4356-a43c-8a02617ad46a",
	"a460f509-7c57-4f06-af25-d200aed49293");
INSERT INTO V_VAL
	VALUES ("c2f92c99-46af-4c2f-8b93-3da8ea233943",
	0,
	0,
	-1,
	-1,
	-1,
	0,
	0,
	0,
	0,
	"4e005777-df64-4279-9c02-400e239872b9",
	"fffab16f-5f0b-4732-9fd6-754ce8e32b9a");
INSERT INTO V_BIN
	VALUES ("c2f92c99-46af-4c2f-8b93-3da8ea233943",
	"4541f880-d9ec-4caa-ba8e-aa7bd3aee801",
	"e552a807-1346-4fc8-bcc2-726b7749e400",
	'==');
INSERT INTO V_VAL
	VALUES ("e7300708-ae00-49a3-a75f-2d151df08702",
	0,
	0,
	8,
	34,
	44,
	0,
	0,
	0,
	0,
	"1a2907d2-496f-482d-ba4d-df818f73d6fa",
	"fffab16f-5f0b-4732-9fd6-754ce8e32b9a");
INSERT INTO V_IRF
	VALUES ("e7300708-ae00-49a3-a75f-2d151df08702",
	"76edcd3f-05ee-424b-95da-ece3e1cdf519");
INSERT INTO V_VAL
	VALUES ("4541f880-d9ec-4caa-ba8e-aa7bd3aee801",
	0,
	0,
	8,
	46,
	50,
	0,
	0,
	0,
	0,
	"811f1dd7-74f0-407e-b449-939d0de5ee8d",
	"fffab16f-5f0b-4732-9fd6-754ce8e32b9a");
INSERT INTO V_AVL
	VALUES ("4541f880-d9ec-4caa-ba8e-aa7bd3aee801",
	"e7300708-ae00-49a3-a75f-2d151df08702",
	"8a59e2de-6f5d-4937-ade5-f1ace45cc756",
	"53e80efe-cb6c-4332-b046-1ba6f6005b30");
INSERT INTO ACT_BLK
	VALUES ("8ce4521f-9df1-46eb-9ab1-80303b4911a4",
	1,
	0,
	0,
	'',
	'',
	'',
	16,
	7,
	9,
	48,
	0,
	0,
	9,
	53,
	0,
	0,
	0,
	0,
	0,
	"bbbe889c-54de-4091-a162-49dae0344373",
	"00000000-0000-0000-0000-000000000000");
INSERT INTO ACT_SMT
	VALUES ("21d19725-0f34-453e-9610-647adbe18fad",
	"8ce4521f-9df1-46eb-9ab1-80303b4911a4",
	"530029e6-c28b-482c-8d4a-723090ae4bad",
	9,
	7,
	'box::prune line: 9');
INSERT INTO ACT_SEL
	VALUES ("21d19725-0f34-453e-9610-647adbe18fad",
	"4b01e83c-19bd-4f39-90cd-d7b5441e2b5b",
	1,
	'one',
	"d26aea29-56d2-4746-9e72-981ee2a7853c");
INSERT INTO ACT_SR
	VALUES ("21d19725-0f34-453e-9610-647adbe18fad");
INSERT INTO ACT_LNK
	VALUES ("b17e3c58-588a-4b72-81b9-779c76a52b6d",
	'',
	"21d19725-0f34-453e-9610-647adbe18fad",
	"62a93566-2203-4db8-ba18-f7c15ca2072a",
	"00000000-0000-0000-0000-000000000000",
	2,
	"e488047e-8d3e-455c-a7e9-29120bad505f",
	9,
	48,
	9,
	53,
	0,
	0);
INSERT INTO ACT_SMT
	VALUES ("530029e6-c28b-482c-8d4a-723090ae4bad",
	"8ce4521f-9df1-46eb-9ab1-80303b4911a4",
	"7e33da42-c9e7-4e68-8ddc-ed4d9cb16b83",
	10,
	7,
	'box::prune line: 10');
INSERT INTO ACT_IF
	VALUES ("530029e6-c28b-482c-8d4a-723090ae4bad",
	"d57625eb-83cb-4a21-9907-c52694e58989",
	"c804a08b-031b-41a2-9533-f85ba3566ce2",
	"00000000-0000-0000-0000-000000000000",
	"00000000-0000-0000-0000-000000000000");
INSERT INTO ACT_SMT
	VALUES ("7e33da42-c9e7-4e68-8ddc-ed4d9cb16b83",
	"8ce4521f-9df1-46eb-9ab1-80303b4911a4",
	"9a45cf59-7bf2-4f12-8df9-4b7b59650097",
	15,
	7,
	'box::prune line: 15');
INSERT INTO ACT_AI
	VALUES ("7e33da42-c9e7-4e68-8ddc-ed4d9cb16b83",
	"00c5a4e7-a04a-45ef-976a-e6f4487c1e75",
	"96ce7cd7-4cf0-44d3-b9de-6e2cee0c77ac",
	0,
	0);
INSERT INTO ACT_SMT
	VALUES ("9a45cf59-7bf2-4f12-8df9-4b7b59650097",
	"8ce4521f-9df1-46eb-9ab1-80303b4911a4",
	"00000000-0000-0000-0000-000000000000",
	16,
	7,
	'box::prune line: 16');
INSERT INTO ACT_BRK
	VALUES ("9a45cf59-7bf2-4f12-8df9-4b7b59650097");
INSERT INTO V_VAL
	VALUES ("d26aea29-56d2-4746-9e72-981ee2a7853c",
	0,
	0,
	9,
	38,
	45,
	0,
	0,
	0,
	0,
	"1a2907d2-496f-482d-ba4d-df818f73d6fa",
	"8ce4521f-9df1-46eb-9ab1-80303b4911a4");
INSERT INTO V_IRF
	VALUES ("d26aea29-56d2-4746-9e72-981ee2a7853c",
	"52c6b22e-1caf-4e1a-9554-ed084814fad8");
INSERT INTO V_VAL
	VALUES ("39b94163-80e4-4021-9fa3-9bf10f071ce6",
	0,
	0,
	10,
	12,
	19,
	0,
	0,
	0,
	0,
	"1a2907d2-496f-482d-ba4d-df818f73d6fa",
	"8ce4521f-9df1-46eb-9ab1-80303b4911a4");
INSERT INTO V_IRF
	VALUES ("39b94163-80e4-4021-9fa3-9bf10f071ce6",
	"4b01e83c-19bd-4f39-90cd-d7b5441e2b5b");
INSERT INTO V_VAL
	VALUES ("37090028-b682-4613-9eb2-8e05ab3d5df7",
	0,
	0,
	10,
	21,
	32,
	0,
	0,
	0,
	0,
	"811f1dd7-74f0-407e-b449-939d0de5ee8d",
	"8ce4521f-9df1-46eb-9ab1-80303b4911a4");
INSERT INTO V_AVL
	VALUES ("37090028-b682-4613-9eb2-8e05ab3d5df7",
	"39b94163-80e4-4021-9fa3-9bf10f071ce6",
	"e488047e-8d3e-455c-a7e9-29120bad505f",
	"009f5557-7ee7-4e44-9444-4d92eb448359");
INSERT INTO V_VAL
	VALUES ("c804a08b-031b-41a2-9533-f85ba3566ce2",
	0,
	0,
	-1,
	-1,
	-1,
	0,
	0,
	0,
	0,
	"4e005777-df64-4279-9c02-400e239872b9",
	"8ce4521f-9df1-46eb-9ab1-80303b4911a4");
INSERT INTO V_BIN
	VALUES ("c804a08b-031b-41a2-9533-f85ba3566ce2",
	"bc12a083-c27f-47f7-9f4b-b7a5a07cc919",
	"37090028-b682-4613-9eb2-8e05ab3d5df7",
	'!=');
INSERT INTO V_VAL
	VALUES ("a5d14a48-2e28-4f03-b99d-32150678068f",
	0,
	0,
	10,
	37,
	44,
	0,
	0,
	0,
	0,
	"1a2907d2-496f-482d-ba4d-df818f73d6fa",
	"8ce4521f-9df1-46eb-9ab1-80303b4911a4");
INSERT INTO V_IRF
	VALUES ("a5d14a48-2e28-4f03-b99d-32150678068f",
	"52c6b22e-1caf-4e1a-9554-ed084814fad8");
INSERT INTO V_VAL
	VALUES ("bc12a083-c27f-47f7-9f4b-b7a5a07cc919",
	0,
	0,
	10,
	46,
	56,
	0,
	0,
	0,
	0,
	"811f1dd7-74f0-407e-b449-939d0de5ee8d",
	"8ce4521f-9df1-46eb-9ab1-80303b4911a4");
INSERT INTO V_AVL
	VALUES ("bc12a083-c27f-47f7-9f4b-b7a5a07cc919",
	"a5d14a48-2e28-4f03-b99d-32150678068f",
	"7dfbb9fe-d109-4356-a43c-8a02617ad46a",
	"a460f509-7c57-4f06-af25-d200aed49293");
INSERT INTO V_VAL
	VALUES ("96ce7cd7-4cf0-44d3-b9de-6e2cee0c77ac",
	1,
	0,
	15,
	7,
	17,
	0,
	0,
	0,
	0,
	"811f1dd7-74f0-407e-b449-939d0de5ee8d",
	"8ce4521f-9df1-46eb-9ab1-80303b4911a4");
INSERT INTO V_TVL
	VALUES ("96ce7cd7-4cf0-44d3-b9de-6e2cee0c77ac",
	"2fc9ec9b-7a63-482c-a199-4df5945a09bf");
INSERT INTO V_VAL
	VALUES ("00c5a4e7-a04a-45ef-976a-e6f4487c1e75",
	0,
	0,
	15,
	21,
	21,
	0,
	0,
	0,
	0,
	"811f1dd7-74f0-407e-b449-939d0de5ee8d",
	"8ce4521f-9df1-46eb-9ab1-80303b4911a4");
INSERT INTO V_LIN
	VALUES ("00c5a4e7-a04a-45ef-976a-e6f4487c1e75",
	'1');
INSERT INTO V_VAR
	VALUES ("4b01e83c-19bd-4f39-90cd-d7b5441e2b5b",
	"8ce4521f-9df1-46eb-9ab1-80303b4911a4",
	'opencell',
	1,
	"1a2907d2-496f-482d-ba4d-df818f73d6fa");
INSERT INTO V_INT
	VALUES ("4b01e83c-19bd-4f39-90cd-d7b5441e2b5b",
	0,
	"e488047e-8d3e-455c-a7e9-29120bad505f");
INSERT INTO V_LOC
	VALUES ("a307e9b4-71b8-422c-9abc-03fc1c6d5a69",
	9,
	18,
	25,
	"4b01e83c-19bd-4f39-90cd-d7b5441e2b5b");
INSERT INTO V_LOC
	VALUES ("9a822d1d-2355-4e09-8599-3dd0b3133fad",
	10,
	12,
	19,
	"4b01e83c-19bd-4f39-90cd-d7b5441e2b5b");
INSERT INTO V_LOC
	VALUES ("ba2f1b55-4857-477f-97cd-5be3b03ae8b6",
	11,
	35,
	42,
	"4b01e83c-19bd-4f39-90cd-d7b5441e2b5b");
INSERT INTO ACT_BLK
	VALUES ("d57625eb-83cb-4a21-9907-c52694e58989",
	0,
	0,
	0,
	'',
	'',
	'',
	12,
	9,
	0,
	0,
	0,
	0,
	11,
	51,
	0,
	0,
	0,
	0,
	0,
	"bbbe889c-54de-4091-a162-49dae0344373",
	"00000000-0000-0000-0000-000000000000");
INSERT INTO ACT_SMT
	VALUES ("0e7d72d6-0f6a-4bb2-b137-033ff7a65179",
	"d57625eb-83cb-4a21-9907-c52694e58989",
	"e9abf50a-610e-4351-9dea-ab2d2c2a0a70",
	11,
	9,
	'box::prune line: 11');
INSERT INTO ACT_URU
	VALUES ("0e7d72d6-0f6a-4bb2-b137-033ff7a65179",
	"76edcd3f-05ee-424b-95da-ece3e1cdf519",
	"4b01e83c-19bd-4f39-90cd-d7b5441e2b5b",
	"52c6b22e-1caf-4e1a-9554-ed084814fad8",
	'',
	"62a93566-2203-4db8-ba18-f7c15ca2072a",
	11,
	51,
	0,
	0);
INSERT INTO ACT_SMT
	VALUES ("e9abf50a-610e-4351-9dea-ab2d2c2a0a70",
	"d57625eb-83cb-4a21-9907-c52694e58989",
	"00000000-0000-0000-0000-000000000000",
	12,
	9,
	'box::prune line: 12');
INSERT INTO ACT_DEL
	VALUES ("e9abf50a-610e-4351-9dea-ab2d2c2a0a70",
	"52c6b22e-1caf-4e1a-9554-ed084814fad8");
INSERT INTO ACT_BLK
	VALUES ("bcb84336-ec38-4078-bc9f-7941c786b487",
	0,
	0,
	0,
	'',
	'',
	'',
	24,
	3,
	0,
	0,
	0,
	0,
	0,
	0,
	0,
	0,
	0,
	0,
	0,
	"bbbe889c-54de-4091-a162-49dae0344373",
	"00000000-0000-0000-0000-000000000000");
INSERT INTO ACT_SMT
	VALUES ("b747aa35-b426-442f-af3d-7fdbf8c727d1",
	"bcb84336-ec38-4078-bc9f-7941c786b487",
	"00000000-0000-0000-0000-000000000000",
	24,
	3,
	'box::prune line: 24');
INSERT INTO ACT_AI
	VALUES ("b747aa35-b426-442f-af3d-7fdbf8c727d1",
	"9d4153fe-4aae-40cf-8bbd-c0fda9b84140",
	"6352de34-963a-4c9d-8129-2fff560ac3f6",
	0,
	0);
INSERT INTO V_VAL
	VALUES ("6352de34-963a-4c9d-8129-2fff560ac3f6",
	1,
	0,
	24,
	3,
	13,
	0,
	0,
	0,
	0,
	"811f1dd7-74f0-407e-b449-939d0de5ee8d",
	"bcb84336-ec38-4078-bc9f-7941c786b487");
INSERT INTO V_TVL
	VALUES ("6352de34-963a-4c9d-8129-2fff560ac3f6",
	"2fc9ec9b-7a63-482c-a199-4df5945a09bf");
INSERT INTO V_VAL
	VALUES ("9d4153fe-4aae-40cf-8bbd-c0fda9b84140",
	0,
	0,
	24,
	17,
	19,
	0,
	0,
	0,
	0,
	"811f1dd7-74f0-407e-b449-939d0de5ee8d",
	"bcb84336-ec38-4078-bc9f-7941c786b487");
INSERT INTO V_LIN
	VALUES ("9d4153fe-4aae-40cf-8bbd-c0fda9b84140",
	'100');
INSERT INTO ACT_BLK
	VALUES ("3bf33ed8-19b7-4b0a-8728-3ac649239424",
	1,
	0,
	0,
	'',
	'',
	'',
	30,
	3,
	28,
	46,
	0,
	0,
	28,
	55,
	0,
	0,
	0,
	0,
	0,
	"bbbe889c-54de-4091-a162-49dae0344373",
	"00000000-0000-0000-0000-000000000000");
INSERT INTO ACT_SMT
	VALUES ("1c3e6a09-3011-4899-ae3a-ca7547d511bb",
	"3bf33ed8-19b7-4b0a-8728-3ac649239424",
	"87ad54b0-68b0-4fb4-a671-8fb2d83e240d",
	28,
	3,
	'box::prune line: 28');
INSERT INTO ACT_SEL
	VALUES ("1c3e6a09-3011-4899-ae3a-ca7547d511bb",
	"49bd93c6-c33a-4581-9667-9c2903f96df4",
	0,
	'many',
	"d1c876e2-eedc-43a6-ad46-c8a2ec96bcb1");
INSERT INTO ACT_SR
	VALUES ("1c3e6a09-3011-4899-ae3a-ca7547d511bb");
INSERT INTO ACT_LNK
	VALUES ("c8832bc7-3f38-4159-b1a2-ce934f5debeb",
	'',
	"1c3e6a09-3011-4899-ae3a-ca7547d511bb",
	"62a93566-2203-4db8-ba18-f7c15ca2072a",
	"00000000-0000-0000-0000-000000000000",
	3,
	"7dfbb9fe-d109-4356-a43c-8a02617ad46a",
	28,
	46,
	28,
	55,
	0,
	0);
INSERT INTO ACT_SMT
	VALUES ("87ad54b0-68b0-4fb4-a671-8fb2d83e240d",
	"3bf33ed8-19b7-4b0a-8728-3ac649239424",
	"9f271a2a-76a7-4940-b198-d0cb08c6d71a",
	29,
	3,
	'box::prune line: 29');
INSERT INTO ACT_AI
	VALUES ("87ad54b0-68b0-4fb4-a671-8fb2d83e240d",
	"c907ceb7-d6b6-4c07-914e-b46c4470cc89",
	"9e28c7e3-f944-42c1-8d7f-5be755b16122",
	0,
	0);
INSERT INTO ACT_SMT
	VALUES ("9f271a2a-76a7-4940-b198-d0cb08c6d71a",
	"3bf33ed8-19b7-4b0a-8728-3ac649239424",
	"00000000-0000-0000-0000-000000000000",
	30,
	3,
	'box::prune line: 30');
INSERT INTO ACT_IF
	VALUES ("9f271a2a-76a7-4940-b198-d0cb08c6d71a",
	"8318c08d-4d0e-4c78-9f18-56d50255cc22",
	"fa7ef40e-931f-41b3-879e-2ebc8c47907e",
	"00000000-0000-0000-0000-000000000000",
	"00000000-0000-0000-0000-000000000000");
INSERT INTO V_VAL
	VALUES ("d1c876e2-eedc-43a6-ad46-c8a2ec96bcb1",
	0,
	0,
	28,
	36,
	43,
	0,
	0,
	0,
	0,
	"1a2907d2-496f-482d-ba4d-df818f73d6fa",
	"3bf33ed8-19b7-4b0a-8728-3ac649239424");
INSERT INTO V_IRF
	VALUES ("d1c876e2-eedc-43a6-ad46-c8a2ec96bcb1",
	"8a5b8959-d62a-45c1-8d95-fb864fd86de1");
INSERT INTO V_VAL
	VALUES ("9e28c7e3-f944-42c1-8d7f-5be755b16122",
	1,
	1,
	29,
	3,
	3,
	0,
	0,
	0,
	0,
	"811f1dd7-74f0-407e-b449-939d0de5ee8d",
	"3bf33ed8-19b7-4b0a-8728-3ac649239424");
INSERT INTO V_TVL
	VALUES ("9e28c7e3-f944-42c1-8d7f-5be755b16122",
	"2b0bae30-c86a-4808-a392-787d9ae1f0ac");
INSERT INTO V_VAL
	VALUES ("69c50f87-ee4d-4c76-aa80-f1276454eb36",
	0,
	0,
	29,
	19,
	27,
	0,
	0,
	0,
	0,
	"bd7c827f-c0a0-4115-8268-33db6654fef9",
	"3bf33ed8-19b7-4b0a-8728-3ac649239424");
INSERT INTO V_ISR
	VALUES ("69c50f87-ee4d-4c76-aa80-f1276454eb36",
	"49bd93c6-c33a-4581-9667-9c2903f96df4");
INSERT INTO V_VAL
	VALUES ("c907ceb7-d6b6-4c07-914e-b46c4470cc89",
	0,
	0,
	-1,
	-1,
	-1,
	0,
	0,
	0,
	0,
	"811f1dd7-74f0-407e-b449-939d0de5ee8d",
	"3bf33ed8-19b7-4b0a-8728-3ac649239424");
INSERT INTO V_UNY
	VALUES ("c907ceb7-d6b6-4c07-914e-b46c4470cc89",
	"69c50f87-ee4d-4c76-aa80-f1276454eb36",
	'cardinality');
INSERT INTO V_VAL
	VALUES ("9888a75f-bc72-4978-991f-86653d748480",
	0,
	0,
	30,
	8,
	8,
	0,
	0,
	0,
	0,
	"811f1dd7-74f0-407e-b449-939d0de5ee8d",
	"3bf33ed8-19b7-4b0a-8728-3ac649239424");
INSERT INTO V_LIN
	VALUES ("9888a75f-bc72-4978-991f-86653d748480",
	'1');
INSERT INTO V_VAL
	VALUES ("fa7ef40e-931f-41b3-879e-2ebc8c47907e",
	0,
	0,
	-1,
	-1,
	-1,
	0,
	0,
	0,
	0,
	"4e005777-df64-4279-9c02-400e239872b9",
	"3bf33ed8-19b7-4b0a-8728-3ac649239424");
INSERT INTO V_BIN
	VALUES ("fa7ef40e-931f-41b3-879e-2ebc8c47907e",
	"6f55087d-4be3-4288-a001-4409c3dfbf6b",
	"9888a75f-bc72-4978-991f-86653d748480",
	'==');
INSERT INTO V_VAL
	VALUES ("6f55087d-4be3-4288-a001-4409c3dfbf6b",
	0,
	0,
	30,
	13,
	13,
	0,
	0,
	0,
	0,
	"811f1dd7-74f0-407e-b449-939d0de5ee8d",
	"3bf33ed8-19b7-4b0a-8728-3ac649239424");
INSERT INTO V_TVL
	VALUES ("6f55087d-4be3-4288-a001-4409c3dfbf6b",
	"2b0bae30-c86a-4808-a392-787d9ae1f0ac");
INSERT INTO V_VAR
	VALUES ("2b0bae30-c86a-4808-a392-787d9ae1f0ac",
	"3bf33ed8-19b7-4b0a-8728-3ac649239424",
	'c',
	1,
	"811f1dd7-74f0-407e-b449-939d0de5ee8d");
INSERT INTO V_TRN
	VALUES ("2b0bae30-c86a-4808-a392-787d9ae1f0ac",
	"00000000-0000-0000-0000-000000000000",
	'');
INSERT INTO V_LOC
	VALUES ("d3c2777d-f768-4ee4-b4b9-d474f167a19a",
	29,
	3,
	3,
	"2b0bae30-c86a-4808-a392-787d9ae1f0ac");
INSERT INTO V_LOC
	VALUES ("0cc9f607-b106-4dce-995a-c33cb5a9104c",
	30,
	13,
	13,
	"2b0bae30-c86a-4808-a392-787d9ae1f0ac");
INSERT INTO ACT_BLK
	VALUES ("8318c08d-4d0e-4c78-9f18-56d50255cc22",
	1,
	0,
	0,
	'',
	'',
	'',
	34,
	5,
	31,
	44,
	0,
	0,
	31,
	53,
	0,
	0,
	0,
	0,
	0,
	"bbbe889c-54de-4091-a162-49dae0344373",
	"00000000-0000-0000-0000-000000000000");
INSERT INTO ACT_SMT
	VALUES ("486b17c8-b237-4eb2-b9e4-e2395a43c0e4",
	"8318c08d-4d0e-4c78-9f18-56d50255cc22",
	"4ac0ec46-20e5-43a9-a1a0-3fa617cd5946",
	31,
	5,
	'box::prune line: 31');
INSERT INTO ACT_SEL
	VALUES ("486b17c8-b237-4eb2-b9e4-e2395a43c0e4",
	"305b8195-8f68-49b1-b114-f0c65dd891b4",
	1,
	'any',
	"d183ac32-3508-4a1e-baf3-0139919c3536");
INSERT INTO ACT_SR
	VALUES ("486b17c8-b237-4eb2-b9e4-e2395a43c0e4");
INSERT INTO ACT_LNK
	VALUES ("8f886278-fa09-4700-b553-b1daf81048ab",
	'',
	"486b17c8-b237-4eb2-b9e4-e2395a43c0e4",
	"62a93566-2203-4db8-ba18-f7c15ca2072a",
	"00000000-0000-0000-0000-000000000000",
	3,
	"7dfbb9fe-d109-4356-a43c-8a02617ad46a",
	31,
	44,
	31,
	53,
	0,
	0);
INSERT INTO ACT_SMT
	VALUES ("4ac0ec46-20e5-43a9-a1a0-3fa617cd5946",
	"8318c08d-4d0e-4c78-9f18-56d50255cc22",
	"8d23adfd-1e4a-4957-b5f4-00d16beb42c5",
	32,
	5,
	'box::prune line: 32');
INSERT INTO ACT_TFM
	VALUES ("4ac0ec46-20e5-43a9-a1a0-3fa617cd5946",
	"a3632caa-a4af-4c7b-8e5d-212826ddcf99",
	"8a5b8959-d62a-45c1-8d95-fb864fd86de1",
	32,
	14,
	0,
	0);
INSERT INTO ACT_SMT
	VALUES ("8d23adfd-1e4a-4957-b5f4-00d16beb42c5",
	"8318c08d-4d0e-4c78-9f18-56d50255cc22",
	"00000000-0000-0000-0000-000000000000",
	34,
	5,
	'box::prune line: 34');
INSERT INTO ACT_AI
	VALUES ("8d23adfd-1e4a-4957-b5f4-00d16beb42c5",
	"c0a849c1-c25b-470c-be52-7030e343bf05",
	"f476e3d2-c9e4-4aa3-8d18-6fe59f39bcb8",
	0,
	0);
INSERT INTO V_VAL
	VALUES ("d183ac32-3508-4a1e-baf3-0139919c3536",
	0,
	0,
	31,
	34,
	41,
	0,
	0,
	0,
	0,
	"1a2907d2-496f-482d-ba4d-df818f73d6fa",
	"8318c08d-4d0e-4c78-9f18-56d50255cc22");
INSERT INTO V_IRF
	VALUES ("d183ac32-3508-4a1e-baf3-0139919c3536",
	"8a5b8959-d62a-45c1-8d95-fb864fd86de1");
INSERT INTO V_VAL
	VALUES ("9545802e-1763-4d3c-adf1-9daa3ec71742",
	0,
	0,
	32,
	35,
	40,
	0,
	0,
	0,
	0,
	"1a2907d2-496f-482d-ba4d-df818f73d6fa",
	"8318c08d-4d0e-4c78-9f18-56d50255cc22");
INSERT INTO V_IRF
	VALUES ("9545802e-1763-4d3c-adf1-9daa3ec71742",
	"305b8195-8f68-49b1-b114-f0c65dd891b4");
INSERT INTO V_VAL
	VALUES ("a7e1d8de-1de6-48c1-8eac-961cb5ae6eff",
	0,
	0,
	32,
	42,
	52,
	0,
	0,
	0,
	0,
	"811f1dd7-74f0-407e-b449-939d0de5ee8d",
	"8318c08d-4d0e-4c78-9f18-56d50255cc22");
INSERT INTO V_AVL
	VALUES ("a7e1d8de-1de6-48c1-8eac-961cb5ae6eff",
	"9545802e-1763-4d3c-adf1-9daa3ec71742",
	"7dfbb9fe-d109-4356-a43c-8a02617ad46a",
	"a460f509-7c57-4f06-af25-d200aed49293");
INSERT INTO V_PAR
	VALUES ("a7e1d8de-1de6-48c1-8eac-961cb5ae6eff",
	"4ac0ec46-20e5-43a9-a1a0-3fa617cd5946",
	"00000000-0000-0000-0000-000000000000",
	'answer_digit',
	"00000000-0000-0000-0000-000000000000",
	32,
	22);
INSERT INTO V_VAL
	VALUES ("f476e3d2-c9e4-4aa3-8d18-6fe59f39bcb8",
	1,
	0,
	34,
	5,
	15,
	0,
	0,
	0,
	0,
	"811f1dd7-74f0-407e-b449-939d0de5ee8d",
	"8318c08d-4d0e-4c78-9f18-56d50255cc22");
INSERT INTO V_TVL
	VALUES ("f476e3d2-c9e4-4aa3-8d18-6fe59f39bcb8",
	"2fc9ec9b-7a63-482c-a199-4df5945a09bf");
INSERT INTO V_VAL
	VALUES ("c0a849c1-c25b-470c-be52-7030e343bf05",
	0,
	0,
	34,
	19,
	19,
	0,
	0,
	0,
	0,
	"811f1dd7-74f0-407e-b449-939d0de5ee8d",
	"8318c08d-4d0e-4c78-9f18-56d50255cc22");
INSERT INTO V_LIN
	VALUES ("c0a849c1-c25b-470c-be52-7030e343bf05",
	'1');
INSERT INTO V_VAR
	VALUES ("305b8195-8f68-49b1-b114-f0c65dd891b4",
	"8318c08d-4d0e-4c78-9f18-56d50255cc22",
	'answer',
	1,
	"1a2907d2-496f-482d-ba4d-df818f73d6fa");
INSERT INTO V_INT
	VALUES ("305b8195-8f68-49b1-b114-f0c65dd891b4",
	0,
	"7dfbb9fe-d109-4356-a43c-8a02617ad46a");
INSERT INTO V_LOC
	VALUES ("63e601be-3a13-441c-a1ff-f4fb4b91b236",
	31,
	16,
	21,
	"305b8195-8f68-49b1-b114-f0c65dd891b4");
INSERT INTO V_LOC
	VALUES ("cac8a451-690a-4b1b-867f-600f39d64b6a",
	32,
	35,
	40,
	"305b8195-8f68-49b1-b114-f0c65dd891b4");
INSERT INTO O_TFR
	VALUES ("95951fd8-2a86-4a4a-b9aa-8e2e2e1bbd9b",
	"83fd5a00-5820-4fb5-ade7-97f8217b945f",
	'eliminate',
	'',
	"811f1dd7-74f0-407e-b449-939d0de5ee8d",
	1,
	'// Solve by selecting eligible digits.
// Notice if any eligible digit appears only once.

temperature = 0;
select many eligibles related by self->CELL[R4]->ELIGIBLE[R8];
c = cardinality eligibles;
if ( 9 == c )
  temperature = 100;
else
for each eligible in eligibles
  select many loners related by self->CELL[R4]->ELIGIBLE[R8]
    where ( selected.digit_value == eligible.digit_value );
  c = cardinality loners;
  if ( 1 == c )
    // This is an answer!
    select one cell related by eligible->CELL[R8];
    cell.answer( answer_digit:eligible.digit_value );
    //generate CELL2:answer( digit:eligible.digit_value ) to cell;
    temperature = 1;
    break;
  end if;
end for;
end if;
return temperature;',
	1,
	'',
	"00000000-0000-0000-0000-000000000000");
INSERT INTO ACT_OPB
	VALUES ("48bcbc2e-39d5-482c-87eb-23a2ee73ef82",
	"95951fd8-2a86-4a4a-b9aa-8e2e2e1bbd9b");
INSERT INTO ACT_ACT
	VALUES ("48bcbc2e-39d5-482c-87eb-23a2ee73ef82",
	'operation',
	0,
	"5fbd099f-aa3c-43cb-a74b-eb35c2bc071e",
	"00000000-0000-0000-0000-000000000000",
	0,
	'box::eliminate',
	"00000000-0000-0000-0000-000000000000");
INSERT INTO ACT_BLK
	VALUES ("5fbd099f-aa3c-43cb-a74b-eb35c2bc071e",
	1,
	0,
	0,
	'',
	'',
	'',
	24,
	1,
	5,
	50,
	0,
	0,
	5,
	59,
	0,
	0,
	0,
	0,
	0,
	"48bcbc2e-39d5-482c-87eb-23a2ee73ef82",
	"00000000-0000-0000-0000-000000000000");
INSERT INTO ACT_SMT
	VALUES ("79de17d2-7389-4fe8-9ab4-6ea89138a15c",
	"5fbd099f-aa3c-43cb-a74b-eb35c2bc071e",
	"4841aba2-bf16-4462-8e42-f30359dcbd3f",
	4,
	1,
	'box::eliminate line: 4');
INSERT INTO ACT_AI
	VALUES ("79de17d2-7389-4fe8-9ab4-6ea89138a15c",
	"1b863999-b60c-49f6-bf0e-b233dd6f3f27",
	"38cb36e1-3fbd-4433-91fc-990585f63348",
	0,
	0);
INSERT INTO ACT_SMT
	VALUES ("4841aba2-bf16-4462-8e42-f30359dcbd3f",
	"5fbd099f-aa3c-43cb-a74b-eb35c2bc071e",
	"b254f571-656e-40e0-b6fe-869aff242962",
	5,
	1,
	'box::eliminate line: 5');
INSERT INTO ACT_SEL
	VALUES ("4841aba2-bf16-4462-8e42-f30359dcbd3f",
	"28173285-b452-48da-bfd0-0afefb81f599",
	1,
	'many',
	"ea8fd279-a961-4a72-a62d-da27cbbde08b");
INSERT INTO ACT_SR
	VALUES ("4841aba2-bf16-4462-8e42-f30359dcbd3f");
INSERT INTO ACT_LNK
	VALUES ("fa7f51a6-2109-4c86-b47a-f40d5b1b24a8",
	'',
	"4841aba2-bf16-4462-8e42-f30359dcbd3f",
	"e6cf2b93-d27e-4c83-a459-4307f3d2ce43",
	"67699c59-a7bf-4813-a38d-070c6c434022",
	3,
	"e488047e-8d3e-455c-a7e9-29120bad505f",
	5,
	40,
	5,
	45,
	0,
	0);
INSERT INTO ACT_LNK
	VALUES ("67699c59-a7bf-4813-a38d-070c6c434022",
	'',
	"00000000-0000-0000-0000-000000000000",
	"62a93566-2203-4db8-ba18-f7c15ca2072a",
	"00000000-0000-0000-0000-000000000000",
	3,
	"7dfbb9fe-d109-4356-a43c-8a02617ad46a",
	5,
	50,
	5,
	59,
	0,
	0);
INSERT INTO ACT_SMT
	VALUES ("b254f571-656e-40e0-b6fe-869aff242962",
	"5fbd099f-aa3c-43cb-a74b-eb35c2bc071e",
	"7a11286f-42d9-4b7a-a50f-52d6c27795fd",
	6,
	1,
	'box::eliminate line: 6');
INSERT INTO ACT_AI
	VALUES ("b254f571-656e-40e0-b6fe-869aff242962",
	"e42acbb7-e1fb-4b71-8490-b6e6b80a6fd4",
	"96d30031-15ec-403f-842b-9ae8106735dd",
	0,
	0);
INSERT INTO ACT_SMT
	VALUES ("7a11286f-42d9-4b7a-a50f-52d6c27795fd",
	"5fbd099f-aa3c-43cb-a74b-eb35c2bc071e",
	"7e517d88-62dd-4d2e-97c5-92a3f2d665bf",
	7,
	1,
	'box::eliminate line: 7');
INSERT INTO ACT_IF
	VALUES ("7a11286f-42d9-4b7a-a50f-52d6c27795fd",
	"dc44263a-4c3d-411e-9533-c9c41bf66184",
	"1eddb528-2a37-41d6-9ff2-637466a84d40",
	"00000000-0000-0000-0000-000000000000",
	"00000000-0000-0000-0000-000000000000");
INSERT INTO ACT_SMT
	VALUES ("280f1eaa-c431-4bce-9053-fb9fa721ad8d",
	"5fbd099f-aa3c-43cb-a74b-eb35c2bc071e",
	"00000000-0000-0000-0000-000000000000",
	9,
	1,
	'box::eliminate line: 9');
INSERT INTO ACT_E
	VALUES ("280f1eaa-c431-4bce-9053-fb9fa721ad8d",
	"42bcfe54-3ad6-40c6-8c75-310cd3c7e0ff",
	"7a11286f-42d9-4b7a-a50f-52d6c27795fd");
INSERT INTO ACT_SMT
	VALUES ("7e517d88-62dd-4d2e-97c5-92a3f2d665bf",
	"5fbd099f-aa3c-43cb-a74b-eb35c2bc071e",
	"00000000-0000-0000-0000-000000000000",
	24,
	1,
	'box::eliminate line: 24');
INSERT INTO ACT_RET
	VALUES ("7e517d88-62dd-4d2e-97c5-92a3f2d665bf",
	"09b836a9-f25d-4c97-93bb-5eac05f4193f");
INSERT INTO V_VAL
	VALUES ("38cb36e1-3fbd-4433-91fc-990585f63348",
	1,
	1,
	4,
	1,
	11,
	0,
	0,
	0,
	0,
	"811f1dd7-74f0-407e-b449-939d0de5ee8d",
	"5fbd099f-aa3c-43cb-a74b-eb35c2bc071e");
INSERT INTO V_TVL
	VALUES ("38cb36e1-3fbd-4433-91fc-990585f63348",
	"0dfd8009-fe48-486c-861e-b65d3e9c94ef");
INSERT INTO V_VAL
	VALUES ("1b863999-b60c-49f6-bf0e-b233dd6f3f27",
	0,
	0,
	4,
	15,
	15,
	0,
	0,
	0,
	0,
	"811f1dd7-74f0-407e-b449-939d0de5ee8d",
	"5fbd099f-aa3c-43cb-a74b-eb35c2bc071e");
INSERT INTO V_LIN
	VALUES ("1b863999-b60c-49f6-bf0e-b233dd6f3f27",
	'0');
INSERT INTO V_VAL
	VALUES ("ea8fd279-a961-4a72-a62d-da27cbbde08b",
	0,
	0,
	5,
	34,
	37,
	0,
	0,
	0,
	0,
	"1a2907d2-496f-482d-ba4d-df818f73d6fa",
	"5fbd099f-aa3c-43cb-a74b-eb35c2bc071e");
INSERT INTO V_IRF
	VALUES ("ea8fd279-a961-4a72-a62d-da27cbbde08b",
	"b73d7594-12c7-434f-8ce8-7c2be635f59f");
INSERT INTO V_VAL
	VALUES ("96d30031-15ec-403f-842b-9ae8106735dd",
	1,
	1,
	6,
	1,
	1,
	0,
	0,
	0,
	0,
	"811f1dd7-74f0-407e-b449-939d0de5ee8d",
	"5fbd099f-aa3c-43cb-a74b-eb35c2bc071e");
INSERT INTO V_TVL
	VALUES ("96d30031-15ec-403f-842b-9ae8106735dd",
	"0aa5d81e-2c3b-4046-84a8-e9790a64927f");
INSERT INTO V_VAL
	VALUES ("44d36312-3f9f-4e59-904a-93e000ebe165",
	0,
	0,
	6,
	17,
	25,
	0,
	0,
	0,
	0,
	"bd7c827f-c0a0-4115-8268-33db6654fef9",
	"5fbd099f-aa3c-43cb-a74b-eb35c2bc071e");
INSERT INTO V_ISR
	VALUES ("44d36312-3f9f-4e59-904a-93e000ebe165",
	"28173285-b452-48da-bfd0-0afefb81f599");
INSERT INTO V_VAL
	VALUES ("e42acbb7-e1fb-4b71-8490-b6e6b80a6fd4",
	0,
	0,
	-1,
	-1,
	-1,
	0,
	0,
	0,
	0,
	"811f1dd7-74f0-407e-b449-939d0de5ee8d",
	"5fbd099f-aa3c-43cb-a74b-eb35c2bc071e");
INSERT INTO V_UNY
	VALUES ("e42acbb7-e1fb-4b71-8490-b6e6b80a6fd4",
	"44d36312-3f9f-4e59-904a-93e000ebe165",
	'cardinality');
INSERT INTO V_VAL
	VALUES ("90ebb8c1-072e-4886-95e7-817343fef77c",
	0,
	0,
	7,
	6,
	6,
	0,
	0,
	0,
	0,
	"811f1dd7-74f0-407e-b449-939d0de5ee8d",
	"5fbd099f-aa3c-43cb-a74b-eb35c2bc071e");
INSERT INTO V_LIN
	VALUES ("90ebb8c1-072e-4886-95e7-817343fef77c",
	'9');
INSERT INTO V_VAL
	VALUES ("1eddb528-2a37-41d6-9ff2-637466a84d40",
	0,
	0,
	-1,
	-1,
	-1,
	0,
	0,
	0,
	0,
	"4e005777-df64-4279-9c02-400e239872b9",
	"5fbd099f-aa3c-43cb-a74b-eb35c2bc071e");
INSERT INTO V_BIN
	VALUES ("1eddb528-2a37-41d6-9ff2-637466a84d40",
	"7b4db3d5-9cd1-4af4-9449-c883ac900574",
	"90ebb8c1-072e-4886-95e7-817343fef77c",
	'==');
INSERT INTO V_VAL
	VALUES ("7b4db3d5-9cd1-4af4-9449-c883ac900574",
	0,
	0,
	7,
	11,
	11,
	0,
	0,
	0,
	0,
	"811f1dd7-74f0-407e-b449-939d0de5ee8d",
	"5fbd099f-aa3c-43cb-a74b-eb35c2bc071e");
INSERT INTO V_TVL
	VALUES ("7b4db3d5-9cd1-4af4-9449-c883ac900574",
	"0aa5d81e-2c3b-4046-84a8-e9790a64927f");
INSERT INTO V_VAL
	VALUES ("09b836a9-f25d-4c97-93bb-5eac05f4193f",
	0,
	0,
	24,
	8,
	18,
	0,
	0,
	0,
	0,
	"811f1dd7-74f0-407e-b449-939d0de5ee8d",
	"5fbd099f-aa3c-43cb-a74b-eb35c2bc071e");
INSERT INTO V_TVL
	VALUES ("09b836a9-f25d-4c97-93bb-5eac05f4193f",
	"0dfd8009-fe48-486c-861e-b65d3e9c94ef");
INSERT INTO V_VAR
	VALUES ("0dfd8009-fe48-486c-861e-b65d3e9c94ef",
	"5fbd099f-aa3c-43cb-a74b-eb35c2bc071e",
	'temperature',
	1,
	"811f1dd7-74f0-407e-b449-939d0de5ee8d");
INSERT INTO V_TRN
	VALUES ("0dfd8009-fe48-486c-861e-b65d3e9c94ef",
	"00000000-0000-0000-0000-000000000000",
	'');
INSERT INTO V_LOC
	VALUES ("888111b6-8303-4867-9535-851ec8e250d7",
	4,
	1,
	11,
	"0dfd8009-fe48-486c-861e-b65d3e9c94ef");
INSERT INTO V_LOC
	VALUES ("7b92cb8f-968e-460e-aa0f-2ef864f2f385",
	8,
	3,
	13,
	"0dfd8009-fe48-486c-861e-b65d3e9c94ef");
INSERT INTO V_LOC
	VALUES ("c60aae73-d9a4-4798-83a4-bde6fa32d111",
	19,
	5,
	15,
	"0dfd8009-fe48-486c-861e-b65d3e9c94ef");
INSERT INTO V_LOC
	VALUES ("10ef86c0-5fac-4e6a-baa2-6fd4787d5810",
	24,
	8,
	18,
	"0dfd8009-fe48-486c-861e-b65d3e9c94ef");
INSERT INTO V_VAR
	VALUES ("28173285-b452-48da-bfd0-0afefb81f599",
	"5fbd099f-aa3c-43cb-a74b-eb35c2bc071e",
	'eligibles',
	1,
	"bd7c827f-c0a0-4115-8268-33db6654fef9");
INSERT INTO V_INS
	VALUES ("28173285-b452-48da-bfd0-0afefb81f599",
	"7dfbb9fe-d109-4356-a43c-8a02617ad46a");
INSERT INTO V_LOC
	VALUES ("3dc50af0-03fa-4ace-b8af-8d618846ccc2",
	5,
	13,
	21,
	"28173285-b452-48da-bfd0-0afefb81f599");
INSERT INTO V_LOC
	VALUES ("af5f2d85-b888-4ca1-ad3f-1f87342932fc",
	10,
	22,
	30,
	"28173285-b452-48da-bfd0-0afefb81f599");
INSERT INTO V_VAR
	VALUES ("b73d7594-12c7-434f-8ce8-7c2be635f59f",
	"5fbd099f-aa3c-43cb-a74b-eb35c2bc071e",
	'self',
	1,
	"1a2907d2-496f-482d-ba4d-df818f73d6fa");
INSERT INTO V_INT
	VALUES ("b73d7594-12c7-434f-8ce8-7c2be635f59f",
	0,
	"83fd5a00-5820-4fb5-ade7-97f8217b945f");
INSERT INTO V_VAR
	VALUES ("0aa5d81e-2c3b-4046-84a8-e9790a64927f",
	"5fbd099f-aa3c-43cb-a74b-eb35c2bc071e",
	'c',
	1,
	"811f1dd7-74f0-407e-b449-939d0de5ee8d");
INSERT INTO V_TRN
	VALUES ("0aa5d81e-2c3b-4046-84a8-e9790a64927f",
	"00000000-0000-0000-0000-000000000000",
	'');
INSERT INTO V_LOC
	VALUES ("5ff70f1c-460c-4d02-84f3-b12d2b3cd17e",
	6,
	1,
	1,
	"0aa5d81e-2c3b-4046-84a8-e9790a64927f");
INSERT INTO V_LOC
	VALUES ("a0d840e9-b833-4347-84ce-5d1c56015adc",
	7,
	11,
	11,
	"0aa5d81e-2c3b-4046-84a8-e9790a64927f");
INSERT INTO V_LOC
	VALUES ("4a75d18a-d913-46f6-b68c-4874630357cf",
	13,
	3,
	3,
	"0aa5d81e-2c3b-4046-84a8-e9790a64927f");
INSERT INTO V_LOC
	VALUES ("5273a65f-8637-4efc-bca0-abe98a42719e",
	14,
	13,
	13,
	"0aa5d81e-2c3b-4046-84a8-e9790a64927f");
INSERT INTO ACT_BLK
	VALUES ("dc44263a-4c3d-411e-9533-c9c41bf66184",
	0,
	0,
	0,
	'',
	'',
	'',
	8,
	3,
	0,
	0,
	0,
	0,
	0,
	0,
	0,
	0,
	0,
	0,
	0,
	"48bcbc2e-39d5-482c-87eb-23a2ee73ef82",
	"00000000-0000-0000-0000-000000000000");
INSERT INTO ACT_SMT
	VALUES ("cf76d45b-ec78-4b0b-ac93-cbb3aa00409a",
	"dc44263a-4c3d-411e-9533-c9c41bf66184",
	"00000000-0000-0000-0000-000000000000",
	8,
	3,
	'box::eliminate line: 8');
INSERT INTO ACT_AI
	VALUES ("cf76d45b-ec78-4b0b-ac93-cbb3aa00409a",
	"bdcae788-c930-4142-b988-f5389c7a7c5e",
	"abba45b7-c33c-48b3-9336-ca58d8838d6e",
	0,
	0);
INSERT INTO V_VAL
	VALUES ("abba45b7-c33c-48b3-9336-ca58d8838d6e",
	1,
	0,
	8,
	3,
	13,
	0,
	0,
	0,
	0,
	"811f1dd7-74f0-407e-b449-939d0de5ee8d",
	"dc44263a-4c3d-411e-9533-c9c41bf66184");
INSERT INTO V_TVL
	VALUES ("abba45b7-c33c-48b3-9336-ca58d8838d6e",
	"0dfd8009-fe48-486c-861e-b65d3e9c94ef");
INSERT INTO V_VAL
	VALUES ("bdcae788-c930-4142-b988-f5389c7a7c5e",
	0,
	0,
	8,
	17,
	19,
	0,
	0,
	0,
	0,
	"811f1dd7-74f0-407e-b449-939d0de5ee8d",
	"dc44263a-4c3d-411e-9533-c9c41bf66184");
INSERT INTO V_LIN
	VALUES ("bdcae788-c930-4142-b988-f5389c7a7c5e",
	'100');
INSERT INTO ACT_BLK
	VALUES ("42bcfe54-3ad6-40c6-8c75-310cd3c7e0ff",
	0,
	0,
	0,
	'',
	'',
	'',
	10,
	1,
	0,
	0,
	0,
	0,
	0,
	0,
	0,
	0,
	0,
	0,
	0,
	"48bcbc2e-39d5-482c-87eb-23a2ee73ef82",
	"00000000-0000-0000-0000-000000000000");
INSERT INTO ACT_SMT
	VALUES ("06e9f601-632c-439c-87df-e4d664607b75",
	"42bcfe54-3ad6-40c6-8c75-310cd3c7e0ff",
	"00000000-0000-0000-0000-000000000000",
	10,
	1,
	'box::eliminate line: 10');
INSERT INTO ACT_FOR
	VALUES ("06e9f601-632c-439c-87df-e4d664607b75",
	"939bc4bd-bebb-4d98-b318-a4a56e695ae0",
	1,
	"de2a819d-6a43-4f1f-820b-071df2665880",
	"28173285-b452-48da-bfd0-0afefb81f599",
	"7dfbb9fe-d109-4356-a43c-8a02617ad46a");
INSERT INTO V_VAR
	VALUES ("de2a819d-6a43-4f1f-820b-071df2665880",
	"42bcfe54-3ad6-40c6-8c75-310cd3c7e0ff",
	'eligible',
	1,
	"1a2907d2-496f-482d-ba4d-df818f73d6fa");
INSERT INTO V_INT
	VALUES ("de2a819d-6a43-4f1f-820b-071df2665880",
	1,
	"7dfbb9fe-d109-4356-a43c-8a02617ad46a");
INSERT INTO V_LOC
	VALUES ("f65b9203-2ba9-4878-a19f-6e61578bb250",
	10,
	10,
	17,
	"de2a819d-6a43-4f1f-820b-071df2665880");
INSERT INTO V_LOC
	VALUES ("5c240708-4513-4684-a104-ccac577c6f71",
	12,
	37,
	44,
	"de2a819d-6a43-4f1f-820b-071df2665880");
INSERT INTO V_LOC
	VALUES ("698a0e90-91bd-4431-a5df-ede191721719",
	17,
	31,
	38,
	"de2a819d-6a43-4f1f-820b-071df2665880");
INSERT INTO ACT_BLK
	VALUES ("939bc4bd-bebb-4d98-b318-a4a56e695ae0",
	1,
	0,
	1,
	'',
	'',
	'',
	14,
	3,
	11,
	49,
	0,
	0,
	11,
	58,
	0,
	0,
	0,
	0,
	0,
	"48bcbc2e-39d5-482c-87eb-23a2ee73ef82",
	"00000000-0000-0000-0000-000000000000");
INSERT INTO ACT_SMT
	VALUES ("40786ace-54a7-4d0e-a6e1-8d704ac2b8c4",
	"939bc4bd-bebb-4d98-b318-a4a56e695ae0",
	"ebc04041-a286-4236-971c-c937c40cce88",
	11,
	3,
	'box::eliminate line: 11');
INSERT INTO ACT_SEL
	VALUES ("40786ace-54a7-4d0e-a6e1-8d704ac2b8c4",
	"a634747f-a426-4b6a-a098-3981dadf3534",
	1,
	'many',
	"924a77b6-715d-41ea-95c8-4121a6406919");
INSERT INTO ACT_SRW
	VALUES ("40786ace-54a7-4d0e-a6e1-8d704ac2b8c4",
	"dc25c1d4-5179-464a-8227-b25aca3dc281");
INSERT INTO ACT_LNK
	VALUES ("16780946-3d29-4998-affe-a45869e182e3",
	'',
	"40786ace-54a7-4d0e-a6e1-8d704ac2b8c4",
	"e6cf2b93-d27e-4c83-a459-4307f3d2ce43",
	"d379526a-e7e0-4638-974a-874cc2b74613",
	3,
	"e488047e-8d3e-455c-a7e9-29120bad505f",
	11,
	39,
	11,
	44,
	0,
	0);
INSERT INTO ACT_LNK
	VALUES ("d379526a-e7e0-4638-974a-874cc2b74613",
	'',
	"00000000-0000-0000-0000-000000000000",
	"62a93566-2203-4db8-ba18-f7c15ca2072a",
	"00000000-0000-0000-0000-000000000000",
	3,
	"7dfbb9fe-d109-4356-a43c-8a02617ad46a",
	11,
	49,
	11,
	58,
	0,
	0);
INSERT INTO ACT_SMT
	VALUES ("ebc04041-a286-4236-971c-c937c40cce88",
	"939bc4bd-bebb-4d98-b318-a4a56e695ae0",
	"ad13eb53-60cb-4cdc-8f74-41707b2ff57e",
	13,
	3,
	'box::eliminate line: 13');
INSERT INTO ACT_AI
	VALUES ("ebc04041-a286-4236-971c-c937c40cce88",
	"8db97ace-4d6b-41bc-afb5-5e8c6bd53bc8",
	"a07454f3-38d6-4ea9-be64-1e51919407d6",
	0,
	0);
INSERT INTO ACT_SMT
	VALUES ("ad13eb53-60cb-4cdc-8f74-41707b2ff57e",
	"939bc4bd-bebb-4d98-b318-a4a56e695ae0",
	"00000000-0000-0000-0000-000000000000",
	14,
	3,
	'box::eliminate line: 14');
INSERT INTO ACT_IF
	VALUES ("ad13eb53-60cb-4cdc-8f74-41707b2ff57e",
	"4b313af4-cb12-426f-b6c6-7b5e956b1941",
	"01a44f43-3a55-410d-8eae-23572b00dd10",
	"00000000-0000-0000-0000-000000000000",
	"00000000-0000-0000-0000-000000000000");
INSERT INTO V_VAL
	VALUES ("924a77b6-715d-41ea-95c8-4121a6406919",
	0,
	0,
	11,
	33,
	36,
	0,
	0,
	0,
	0,
	"1a2907d2-496f-482d-ba4d-df818f73d6fa",
	"939bc4bd-bebb-4d98-b318-a4a56e695ae0");
INSERT INTO V_IRF
	VALUES ("924a77b6-715d-41ea-95c8-4121a6406919",
	"b73d7594-12c7-434f-8ce8-7c2be635f59f");
INSERT INTO V_VAL
	VALUES ("c4eb3169-e4e0-4771-8b46-51fc2b7ad0c9",
	0,
	0,
	12,
	13,
	-1,
	0,
	0,
	0,
	0,
	"1a2907d2-496f-482d-ba4d-df818f73d6fa",
	"939bc4bd-bebb-4d98-b318-a4a56e695ae0");
INSERT INTO V_SLR
	VALUES ("c4eb3169-e4e0-4771-8b46-51fc2b7ad0c9",
	"00000000-0000-0000-0000-000000000000",
	"00000000-0000-0000-0000-000000000000",
	"00000000-0000-0000-0000-000000000000");
INSERT INTO V_VAL
	VALUES ("59a497cf-f08d-48a8-8044-606256dbf849",
	0,
	0,
	12,
	22,
	32,
	0,
	0,
	0,
	0,
	"811f1dd7-74f0-407e-b449-939d0de5ee8d",
	"939bc4bd-bebb-4d98-b318-a4a56e695ae0");
INSERT INTO V_AVL
	VALUES ("59a497cf-f08d-48a8-8044-606256dbf849",
	"c4eb3169-e4e0-4771-8b46-51fc2b7ad0c9",
	"7dfbb9fe-d109-4356-a43c-8a02617ad46a",
	"a460f509-7c57-4f06-af25-d200aed49293");
INSERT INTO V_VAL
	VALUES ("dc25c1d4-5179-464a-8227-b25aca3dc281",
	0,
	0,
	-1,
	-1,
	-1,
	0,
	0,
	0,
	0,
	"4e005777-df64-4279-9c02-400e239872b9",
	"939bc4bd-bebb-4d98-b318-a4a56e695ae0");
INSERT INTO V_BIN
	VALUES ("dc25c1d4-5179-464a-8227-b25aca3dc281",
	"e050a885-0a46-4c0b-856f-1d39063ca1ea",
	"59a497cf-f08d-48a8-8044-606256dbf849",
	'==');
INSERT INTO V_VAL
	VALUES ("8c983caf-becc-49d9-b765-c677a2fc8a1f",
	0,
	0,
	12,
	37,
	44,
	0,
	0,
	0,
	0,
	"1a2907d2-496f-482d-ba4d-df818f73d6fa",
	"939bc4bd-bebb-4d98-b318-a4a56e695ae0");
INSERT INTO V_IRF
	VALUES ("8c983caf-becc-49d9-b765-c677a2fc8a1f",
	"de2a819d-6a43-4f1f-820b-071df2665880");
INSERT INTO V_VAL
	VALUES ("e050a885-0a46-4c0b-856f-1d39063ca1ea",
	0,
	0,
	12,
	46,
	56,
	0,
	0,
	0,
	0,
	"811f1dd7-74f0-407e-b449-939d0de5ee8d",
	"939bc4bd-bebb-4d98-b318-a4a56e695ae0");
INSERT INTO V_AVL
	VALUES ("e050a885-0a46-4c0b-856f-1d39063ca1ea",
	"8c983caf-becc-49d9-b765-c677a2fc8a1f",
	"7dfbb9fe-d109-4356-a43c-8a02617ad46a",
	"a460f509-7c57-4f06-af25-d200aed49293");
INSERT INTO V_VAL
	VALUES ("a07454f3-38d6-4ea9-be64-1e51919407d6",
	1,
	0,
	13,
	3,
	3,
	0,
	0,
	0,
	0,
	"811f1dd7-74f0-407e-b449-939d0de5ee8d",
	"939bc4bd-bebb-4d98-b318-a4a56e695ae0");
INSERT INTO V_TVL
	VALUES ("a07454f3-38d6-4ea9-be64-1e51919407d6",
	"0aa5d81e-2c3b-4046-84a8-e9790a64927f");
INSERT INTO V_VAL
	VALUES ("b9ea6f97-9321-4906-991a-30d32e28978c",
	0,
	0,
	13,
	19,
	24,
	0,
	0,
	0,
	0,
	"bd7c827f-c0a0-4115-8268-33db6654fef9",
	"939bc4bd-bebb-4d98-b318-a4a56e695ae0");
INSERT INTO V_ISR
	VALUES ("b9ea6f97-9321-4906-991a-30d32e28978c",
	"a634747f-a426-4b6a-a098-3981dadf3534");
INSERT INTO V_VAL
	VALUES ("8db97ace-4d6b-41bc-afb5-5e8c6bd53bc8",
	0,
	0,
	-1,
	-1,
	-1,
	0,
	0,
	0,
	0,
	"811f1dd7-74f0-407e-b449-939d0de5ee8d",
	"939bc4bd-bebb-4d98-b318-a4a56e695ae0");
INSERT INTO V_UNY
	VALUES ("8db97ace-4d6b-41bc-afb5-5e8c6bd53bc8",
	"b9ea6f97-9321-4906-991a-30d32e28978c",
	'cardinality');
INSERT INTO V_VAL
	VALUES ("887899c7-e883-4b47-9d1b-b29a0162d511",
	0,
	0,
	14,
	8,
	8,
	0,
	0,
	0,
	0,
	"811f1dd7-74f0-407e-b449-939d0de5ee8d",
	"939bc4bd-bebb-4d98-b318-a4a56e695ae0");
INSERT INTO V_LIN
	VALUES ("887899c7-e883-4b47-9d1b-b29a0162d511",
	'1');
INSERT INTO V_VAL
	VALUES ("01a44f43-3a55-410d-8eae-23572b00dd10",
	0,
	0,
	-1,
	-1,
	-1,
	0,
	0,
	0,
	0,
	"4e005777-df64-4279-9c02-400e239872b9",
	"939bc4bd-bebb-4d98-b318-a4a56e695ae0");
INSERT INTO V_BIN
	VALUES ("01a44f43-3a55-410d-8eae-23572b00dd10",
	"eefadb77-a7c5-495f-9d64-10d6c34b21cc",
	"887899c7-e883-4b47-9d1b-b29a0162d511",
	'==');
INSERT INTO V_VAL
	VALUES ("eefadb77-a7c5-495f-9d64-10d6c34b21cc",
	0,
	0,
	14,
	13,
	13,
	0,
	0,
	0,
	0,
	"811f1dd7-74f0-407e-b449-939d0de5ee8d",
	"939bc4bd-bebb-4d98-b318-a4a56e695ae0");
INSERT INTO V_TVL
	VALUES ("eefadb77-a7c5-495f-9d64-10d6c34b21cc",
	"0aa5d81e-2c3b-4046-84a8-e9790a64927f");
INSERT INTO V_VAR
	VALUES ("a634747f-a426-4b6a-a098-3981dadf3534",
	"939bc4bd-bebb-4d98-b318-a4a56e695ae0",
	'loners',
	1,
	"bd7c827f-c0a0-4115-8268-33db6654fef9");
INSERT INTO V_INS
	VALUES ("a634747f-a426-4b6a-a098-3981dadf3534",
	"7dfbb9fe-d109-4356-a43c-8a02617ad46a");
INSERT INTO V_LOC
	VALUES ("cc3bc6b7-55d9-4df9-a44d-68aae291e3fe",
	11,
	15,
	20,
	"a634747f-a426-4b6a-a098-3981dadf3534");
INSERT INTO ACT_BLK
	VALUES ("4b313af4-cb12-426f-b6c6-7b5e956b1941",
	1,
	0,
	0,
	'',
	'',
	'',
	20,
	5,
	16,
	42,
	0,
	0,
	16,
	47,
	0,
	0,
	0,
	0,
	0,
	"48bcbc2e-39d5-482c-87eb-23a2ee73ef82",
	"00000000-0000-0000-0000-000000000000");
INSERT INTO ACT_SMT
	VALUES ("cbb3b089-3c36-4e2b-991e-dca91ff33335",
	"4b313af4-cb12-426f-b6c6-7b5e956b1941",
	"a1ad003c-b176-4b53-a8ac-8d79df605705",
	16,
	5,
	'box::eliminate line: 16');
INSERT INTO ACT_SEL
	VALUES ("cbb3b089-3c36-4e2b-991e-dca91ff33335",
	"1558a39f-975f-46f2-a44d-53672ddef8c2",
	1,
	'one',
	"b2ef0a3e-acd0-49f9-af0c-966694207a2d");
INSERT INTO ACT_SR
	VALUES ("cbb3b089-3c36-4e2b-991e-dca91ff33335");
INSERT INTO ACT_LNK
	VALUES ("e14cf259-921d-49f4-9e64-b7c388a58059",
	'',
	"cbb3b089-3c36-4e2b-991e-dca91ff33335",
	"62a93566-2203-4db8-ba18-f7c15ca2072a",
	"00000000-0000-0000-0000-000000000000",
	2,
	"e488047e-8d3e-455c-a7e9-29120bad505f",
	16,
	42,
	16,
	47,
	0,
	0);
INSERT INTO ACT_SMT
	VALUES ("a1ad003c-b176-4b53-a8ac-8d79df605705",
	"4b313af4-cb12-426f-b6c6-7b5e956b1941",
	"fc7a4075-bc45-4ac1-8556-502d6b203034",
	17,
	5,
	'box::eliminate line: 17');
INSERT INTO ACT_TFM
	VALUES ("a1ad003c-b176-4b53-a8ac-8d79df605705",
	"a3632caa-a4af-4c7b-8e5d-212826ddcf99",
	"1558a39f-975f-46f2-a44d-53672ddef8c2",
	17,
	10,
	0,
	0);
INSERT INTO ACT_SMT
	VALUES ("fc7a4075-bc45-4ac1-8556-502d6b203034",
	"4b313af4-cb12-426f-b6c6-7b5e956b1941",
	"86a775c6-60bf-4444-baa1-3eed65d78c42",
	19,
	5,
	'box::eliminate line: 19');
INSERT INTO ACT_AI
	VALUES ("fc7a4075-bc45-4ac1-8556-502d6b203034",
	"a1eaae3b-1574-42c9-bfcb-2441667d2c79",
	"bd1d4de7-b8f6-42dc-9f41-90393cd5d212",
	0,
	0);
INSERT INTO ACT_SMT
	VALUES ("86a775c6-60bf-4444-baa1-3eed65d78c42",
	"4b313af4-cb12-426f-b6c6-7b5e956b1941",
	"00000000-0000-0000-0000-000000000000",
	20,
	5,
	'box::eliminate line: 20');
INSERT INTO ACT_BRK
	VALUES ("86a775c6-60bf-4444-baa1-3eed65d78c42");
INSERT INTO V_VAL
	VALUES ("b2ef0a3e-acd0-49f9-af0c-966694207a2d",
	0,
	0,
	16,
	32,
	39,
	0,
	0,
	0,
	0,
	"1a2907d2-496f-482d-ba4d-df818f73d6fa",
	"4b313af4-cb12-426f-b6c6-7b5e956b1941");
INSERT INTO V_IRF
	VALUES ("b2ef0a3e-acd0-49f9-af0c-966694207a2d",
	"de2a819d-6a43-4f1f-820b-071df2665880");
INSERT INTO V_VAL
	VALUES ("873f2dc6-5ffb-40ba-9fb8-7f7202323ec6",
	0,
	0,
	17,
	31,
	38,
	0,
	0,
	0,
	0,
	"1a2907d2-496f-482d-ba4d-df818f73d6fa",
	"4b313af4-cb12-426f-b6c6-7b5e956b1941");
INSERT INTO V_IRF
	VALUES ("873f2dc6-5ffb-40ba-9fb8-7f7202323ec6",
	"de2a819d-6a43-4f1f-820b-071df2665880");
INSERT INTO V_VAL
	VALUES ("d631613f-7ce0-46b7-9e23-973785139403",
	0,
	0,
	17,
	40,
	50,
	0,
	0,
	0,
	0,
	"811f1dd7-74f0-407e-b449-939d0de5ee8d",
	"4b313af4-cb12-426f-b6c6-7b5e956b1941");
INSERT INTO V_AVL
	VALUES ("d631613f-7ce0-46b7-9e23-973785139403",
	"873f2dc6-5ffb-40ba-9fb8-7f7202323ec6",
	"7dfbb9fe-d109-4356-a43c-8a02617ad46a",
	"a460f509-7c57-4f06-af25-d200aed49293");
INSERT INTO V_PAR
	VALUES ("d631613f-7ce0-46b7-9e23-973785139403",
	"a1ad003c-b176-4b53-a8ac-8d79df605705",
	"00000000-0000-0000-0000-000000000000",
	'answer_digit',
	"00000000-0000-0000-0000-000000000000",
	17,
	18);
INSERT INTO V_VAL
	VALUES ("bd1d4de7-b8f6-42dc-9f41-90393cd5d212",
	1,
	0,
	19,
	5,
	15,
	0,
	0,
	0,
	0,
	"811f1dd7-74f0-407e-b449-939d0de5ee8d",
	"4b313af4-cb12-426f-b6c6-7b5e956b1941");
INSERT INTO V_TVL
	VALUES ("bd1d4de7-b8f6-42dc-9f41-90393cd5d212",
	"0dfd8009-fe48-486c-861e-b65d3e9c94ef");
INSERT INTO V_VAL
	VALUES ("a1eaae3b-1574-42c9-bfcb-2441667d2c79",
	0,
	0,
	19,
	19,
	19,
	0,
	0,
	0,
	0,
	"811f1dd7-74f0-407e-b449-939d0de5ee8d",
	"4b313af4-cb12-426f-b6c6-7b5e956b1941");
INSERT INTO V_LIN
	VALUES ("a1eaae3b-1574-42c9-bfcb-2441667d2c79",
	'1');
INSERT INTO V_VAR
	VALUES ("1558a39f-975f-46f2-a44d-53672ddef8c2",
	"4b313af4-cb12-426f-b6c6-7b5e956b1941",
	'cell',
	1,
	"1a2907d2-496f-482d-ba4d-df818f73d6fa");
INSERT INTO V_INT
	VALUES ("1558a39f-975f-46f2-a44d-53672ddef8c2",
	0,
	"e488047e-8d3e-455c-a7e9-29120bad505f");
INSERT INTO V_LOC
	VALUES ("798b6869-712f-4f4c-8b0a-a758f61f648a",
	16,
	16,
	19,
	"1558a39f-975f-46f2-a44d-53672ddef8c2");
INSERT INTO V_LOC
	VALUES ("b4635cd7-6053-44ca-9c48-94df74eeec0e",
	17,
	5,
	8,
	"1558a39f-975f-46f2-a44d-53672ddef8c2");
INSERT INTO O_NBATTR
	VALUES ("f53a8993-9b73-4be5-b107-ad96fb5601d1",
	"83fd5a00-5820-4fb5-ade7-97f8217b945f");
INSERT INTO O_BATTR
	VALUES ("f53a8993-9b73-4be5-b107-ad96fb5601d1",
	"83fd5a00-5820-4fb5-ade7-97f8217b945f");
INSERT INTO O_ATTR
	VALUES ("f53a8993-9b73-4be5-b107-ad96fb5601d1",
	"83fd5a00-5820-4fb5-ade7-97f8217b945f",
	"00000000-0000-0000-0000-000000000000",
	'number',
	'',
	'',
	'number',
	0,
	"811f1dd7-74f0-407e-b449-939d0de5ee8d",
	'',
	'');
INSERT INTO O_NBATTR
	VALUES ("9d8a6960-f06f-46cf-a79e-35c0b8667eac",
	"83fd5a00-5820-4fb5-ade7-97f8217b945f");
INSERT INTO O_BATTR
	VALUES ("9d8a6960-f06f-46cf-a79e-35c0b8667eac",
	"83fd5a00-5820-4fb5-ade7-97f8217b945f");
INSERT INTO O_ATTR
	VALUES ("9d8a6960-f06f-46cf-a79e-35c0b8667eac",
	"83fd5a00-5820-4fb5-ade7-97f8217b945f",
	"f53a8993-9b73-4be5-b107-ad96fb5601d1",
	'current_state',
	'',
	'',
	'current_state',
	0,
	"ea4f2014-da78-4798-8130-991e8750cff6",
	'',
	'');
INSERT INTO O_ID
	VALUES (0,
	"83fd5a00-5820-4fb5-ade7-97f8217b945f");
INSERT INTO O_ID
	VALUES (1,
	"83fd5a00-5820-4fb5-ade7-97f8217b945f");
INSERT INTO O_ID
	VALUES (2,
	"83fd5a00-5820-4fb5-ade7-97f8217b945f");
INSERT INTO SM_ISM
	VALUES ("415f7ffb-d246-4025-9868-5f83c77ba291",
	"83fd5a00-5820-4fb5-ade7-97f8217b945f");
INSERT INTO SM_SM
	VALUES ("415f7ffb-d246-4025-9868-5f83c77ba291",
	'',
	0);
INSERT INTO SM_MOORE
	VALUES ("415f7ffb-d246-4025-9868-5f83c77ba291");
INSERT INTO SM_LEVT
	VALUES ("4a74f6cd-a33f-407c-abac-8419734741c7",
	"415f7ffb-d246-4025-9868-5f83c77ba291",
	"00000000-0000-0000-0000-000000000000");
INSERT INTO SM_SEVT
	VALUES ("4a74f6cd-a33f-407c-abac-8419734741c7",
	"415f7ffb-d246-4025-9868-5f83c77ba291",
	"00000000-0000-0000-0000-000000000000");
INSERT INTO SM_EVT
	VALUES ("4a74f6cd-a33f-407c-abac-8419734741c7",
	"415f7ffb-d246-4025-9868-5f83c77ba291",
	"00000000-0000-0000-0000-000000000000",
	1,
	'update',
	0,
	'',
	'BOX1',
	'');
INSERT INTO SM_LEVT
	VALUES ("4c7c35ce-32c1-44e1-946b-9be559269144",
	"415f7ffb-d246-4025-9868-5f83c77ba291",
	"00000000-0000-0000-0000-000000000000");
INSERT INTO SM_SEVT
	VALUES ("4c7c35ce-32c1-44e1-946b-9be559269144",
	"415f7ffb-d246-4025-9868-5f83c77ba291",
	"00000000-0000-0000-0000-000000000000");
INSERT INTO SM_EVT
	VALUES ("4c7c35ce-32c1-44e1-946b-9be559269144",
	"415f7ffb-d246-4025-9868-5f83c77ba291",
	"00000000-0000-0000-0000-000000000000",
	2,
	'solved',
	0,
	'',
	'BOX2',
	'');
INSERT INTO SM_STATE
	VALUES ("60db9085-cfae-4bd3-b6bd-f821bcf14d50",
	"415f7ffb-d246-4025-9868-5f83c77ba291",
	"00000000-0000-0000-0000-000000000000",
	'solving',
	1,
	0);
INSERT INTO SM_SEME
	VALUES ("60db9085-cfae-4bd3-b6bd-f821bcf14d50",
	"4a74f6cd-a33f-407c-abac-8419734741c7",
	"415f7ffb-d246-4025-9868-5f83c77ba291",
	"00000000-0000-0000-0000-000000000000");
INSERT INTO SM_SEME
	VALUES ("60db9085-cfae-4bd3-b6bd-f821bcf14d50",
	"4c7c35ce-32c1-44e1-946b-9be559269144",
	"415f7ffb-d246-4025-9868-5f83c77ba291",
	"00000000-0000-0000-0000-000000000000");
INSERT INTO SM_MOAH
	VALUES ("1f66d8b9-0cb0-4e4c-8d59-d4ecb821f5a3",
	"415f7ffb-d246-4025-9868-5f83c77ba291",
	"60db9085-cfae-4bd3-b6bd-f821bcf14d50");
INSERT INTO SM_AH
	VALUES ("1f66d8b9-0cb0-4e4c-8d59-d4ecb821f5a3",
	"415f7ffb-d246-4025-9868-5f83c77ba291");
INSERT INTO SM_ACT
	VALUES ("1f66d8b9-0cb0-4e4c-8d59-d4ecb821f5a3",
	"415f7ffb-d246-4025-9868-5f83c77ba291",
	1,
	'if ( 100 == self.prune() )
  generate BOX2:solved() to self;
elif ( 100 == self.eliminate() )
  generate BOX2:solved() to self;
else
  select one sequence related by self->SEQUENCE[R1];
  if ( sequence.requests >= 1 )
    sequence.requests = 1;
    b = self;
    generate BOX1:update() to b;
  else
    sequence.requests = 0;
  end if;
end if;
',
	'');
INSERT INTO ACT_SAB
	VALUES ("107f8ec7-878d-458d-9fa9-bfc3fbe1506c",
	"415f7ffb-d246-4025-9868-5f83c77ba291",
	"1f66d8b9-0cb0-4e4c-8d59-d4ecb821f5a3");
INSERT INTO ACT_ACT
	VALUES ("107f8ec7-878d-458d-9fa9-bfc3fbe1506c",
	'state',
	0,
	"80423f07-4582-49d7-b046-84e4684a4364",
	"00000000-0000-0000-0000-000000000000",
	0,
	'box::solving',
	"00000000-0000-0000-0000-000000000000");
INSERT INTO ACT_BLK
	VALUES ("80423f07-4582-49d7-b046-84e4684a4364",
	0,
	0,
	0,
	'',
	'',
	'',
	5,
	1,
	0,
	0,
	0,
	0,
	0,
	0,
	0,
	0,
	0,
	0,
	0,
	"107f8ec7-878d-458d-9fa9-bfc3fbe1506c",
	"00000000-0000-0000-0000-000000000000");
INSERT INTO ACT_SMT
	VALUES ("9d7f04f2-988e-4356-be3e-ad8c1e7e6924",
	"80423f07-4582-49d7-b046-84e4684a4364",
	"00000000-0000-0000-0000-000000000000",
	1,
	1,
	'box::solving line: 1');
INSERT INTO ACT_IF
	VALUES ("9d7f04f2-988e-4356-be3e-ad8c1e7e6924",
	"45a03dc7-862c-4350-89f1-9e567b07645f",
	"f850245e-3508-4e43-a5e2-6b9779334059",
	"00000000-0000-0000-0000-000000000000",
	"00000000-0000-0000-0000-000000000000");
INSERT INTO ACT_SMT
	VALUES ("94bcfe31-f9a7-4747-a108-2f5a4529023a",
	"80423f07-4582-49d7-b046-84e4684a4364",
	"00000000-0000-0000-0000-000000000000",
	3,
	1,
	'box::solving line: 3');
INSERT INTO ACT_EL
	VALUES ("94bcfe31-f9a7-4747-a108-2f5a4529023a",
	"6c2e3476-66e1-4bea-a292-a251ca808150",
	"37d13bb2-e09a-4dad-a300-eabe1299ddd9",
	"9d7f04f2-988e-4356-be3e-ad8c1e7e6924");
INSERT INTO ACT_SMT
	VALUES ("b85012ec-be09-4f56-9a4f-59e9c79b85d8",
	"80423f07-4582-49d7-b046-84e4684a4364",
	"00000000-0000-0000-0000-000000000000",
	5,
	1,
	'box::solving line: 5');
INSERT INTO ACT_E
	VALUES ("b85012ec-be09-4f56-9a4f-59e9c79b85d8",
	"503046c1-5b5b-4f6d-9d10-28d0feb24c63",
	"9d7f04f2-988e-4356-be3e-ad8c1e7e6924");
INSERT INTO V_VAL
	VALUES ("238dc325-89dd-45f9-a74b-90a3587cdd79",
	0,
	0,
	1,
	6,
	8,
	0,
	0,
	0,
	0,
	"811f1dd7-74f0-407e-b449-939d0de5ee8d",
	"80423f07-4582-49d7-b046-84e4684a4364");
INSERT INTO V_LIN
	VALUES ("238dc325-89dd-45f9-a74b-90a3587cdd79",
	'100');
INSERT INTO V_VAL
	VALUES ("f850245e-3508-4e43-a5e2-6b9779334059",
	0,
	0,
	-1,
	-1,
	-1,
	0,
	0,
	0,
	0,
	"4e005777-df64-4279-9c02-400e239872b9",
	"80423f07-4582-49d7-b046-84e4684a4364");
INSERT INTO V_BIN
	VALUES ("f850245e-3508-4e43-a5e2-6b9779334059",
	"2413aa72-eaf4-4620-8fbd-eff34c422ce6",
	"238dc325-89dd-45f9-a74b-90a3587cdd79",
	'==');
INSERT INTO V_VAL
	VALUES ("2413aa72-eaf4-4620-8fbd-eff34c422ce6",
	0,
	0,
	1,
	18,
	-1,
	0,
	0,
	0,
	0,
	"811f1dd7-74f0-407e-b449-939d0de5ee8d",
	"80423f07-4582-49d7-b046-84e4684a4364");
INSERT INTO V_TRV
	VALUES ("2413aa72-eaf4-4620-8fbd-eff34c422ce6",
	"30f7d1fd-f731-455f-93b4-963d0aa6e745",
	"6dca3346-61e8-4114-b19f-7f9864e7663d",
	1,
	0,
	0);
INSERT INTO V_VAL
	VALUES ("a97527b0-419a-4216-9de7-9eba582924ed",
	0,
	0,
	3,
	8,
	10,
	0,
	0,
	0,
	0,
	"811f1dd7-74f0-407e-b449-939d0de5ee8d",
	"80423f07-4582-49d7-b046-84e4684a4364");
INSERT INTO V_LIN
	VALUES ("a97527b0-419a-4216-9de7-9eba582924ed",
	'100');
INSERT INTO V_VAL
	VALUES ("37d13bb2-e09a-4dad-a300-eabe1299ddd9",
	0,
	0,
	-1,
	-1,
	-1,
	0,
	0,
	0,
	0,
	"4e005777-df64-4279-9c02-400e239872b9",
	"80423f07-4582-49d7-b046-84e4684a4364");
INSERT INTO V_BIN
	VALUES ("37d13bb2-e09a-4dad-a300-eabe1299ddd9",
	"0be80e32-b550-47c9-a993-93c812a46308",
	"a97527b0-419a-4216-9de7-9eba582924ed",
	'==');
INSERT INTO V_VAL
	VALUES ("0be80e32-b550-47c9-a993-93c812a46308",
	0,
	0,
	3,
	20,
	-1,
	0,
	0,
	0,
	0,
	"811f1dd7-74f0-407e-b449-939d0de5ee8d",
	"80423f07-4582-49d7-b046-84e4684a4364");
INSERT INTO V_TRV
	VALUES ("0be80e32-b550-47c9-a993-93c812a46308",
	"95951fd8-2a86-4a4a-b9aa-8e2e2e1bbd9b",
	"6dca3346-61e8-4114-b19f-7f9864e7663d",
	1,
	0,
	0);
INSERT INTO V_VAR
	VALUES ("6dca3346-61e8-4114-b19f-7f9864e7663d",
	"80423f07-4582-49d7-b046-84e4684a4364",
	'self',
	1,
	"1a2907d2-496f-482d-ba4d-df818f73d6fa");
INSERT INTO V_INT
	VALUES ("6dca3346-61e8-4114-b19f-7f9864e7663d",
	0,
	"83fd5a00-5820-4fb5-ade7-97f8217b945f");
INSERT INTO V_LOC
	VALUES ("8fbcb6af-16b0-4f3a-8c99-ba1b915402c4",
	1,
	13,
	16,
	"6dca3346-61e8-4114-b19f-7f9864e7663d");
INSERT INTO V_LOC
	VALUES ("a466b863-0651-422d-ab1f-46dc07bf7600",
	2,
	29,
	32,
	"6dca3346-61e8-4114-b19f-7f9864e7663d");
INSERT INTO V_LOC
	VALUES ("f2b61b39-4e9e-4a44-94a2-ab294badb359",
	3,
	15,
	18,
	"6dca3346-61e8-4114-b19f-7f9864e7663d");
INSERT INTO V_LOC
	VALUES ("9b3a6840-2eee-4385-85ee-de092ca6be61",
	4,
	29,
	32,
	"6dca3346-61e8-4114-b19f-7f9864e7663d");
INSERT INTO V_LOC
	VALUES ("967065c0-06a8-4b7e-a19c-d459d7b0b2f7",
	9,
	9,
	12,
	"6dca3346-61e8-4114-b19f-7f9864e7663d");
INSERT INTO ACT_BLK
	VALUES ("45a03dc7-862c-4350-89f1-9e567b07645f",
	0,
	0,
	0,
	'V_VAR.Var_ID',
	'',
	'',
	2,
	3,
	0,
	0,
	0,
	0,
	0,
	0,
	0,
	0,
	0,
	0,
	0,
	"107f8ec7-878d-458d-9fa9-bfc3fbe1506c",
	"00000000-0000-0000-0000-000000000000");
INSERT INTO ACT_SMT
	VALUES ("0b36b0d2-8666-4b7f-b005-42aa564e64f1",
	"45a03dc7-862c-4350-89f1-9e567b07645f",
	"00000000-0000-0000-0000-000000000000",
	2,
	3,
	'box::solving line: 2');
INSERT INTO E_ESS
	VALUES ("0b36b0d2-8666-4b7f-b005-42aa564e64f1",
	1,
	0,
	2,
	12,
	2,
	17,
	0,
	0,
	0,
	0,
	0,
	0);
INSERT INTO E_GES
	VALUES ("0b36b0d2-8666-4b7f-b005-42aa564e64f1");
INSERT INTO E_GSME
	VALUES ("0b36b0d2-8666-4b7f-b005-42aa564e64f1",
	"4c7c35ce-32c1-44e1-946b-9be559269144",
	"415f7ffb-d246-4025-9868-5f83c77ba291");
INSERT INTO E_GEN
	VALUES ("0b36b0d2-8666-4b7f-b005-42aa564e64f1",
	"6dca3346-61e8-4114-b19f-7f9864e7663d");
INSERT INTO ACT_BLK
	VALUES ("6c2e3476-66e1-4bea-a292-a251ca808150",
	0,
	0,
	0,
	'V_VAR.Var_ID',
	'',
	'',
	4,
	3,
	0,
	0,
	0,
	0,
	0,
	0,
	0,
	0,
	0,
	0,
	0,
	"107f8ec7-878d-458d-9fa9-bfc3fbe1506c",
	"00000000-0000-0000-0000-000000000000");
INSERT INTO ACT_SMT
	VALUES ("f3ead832-f16a-4192-9948-38371629ed3a",
	"6c2e3476-66e1-4bea-a292-a251ca808150",
	"00000000-0000-0000-0000-000000000000",
	4,
	3,
	'box::solving line: 4');
INSERT INTO E_ESS
	VALUES ("f3ead832-f16a-4192-9948-38371629ed3a",
	1,
	0,
	4,
	12,
	4,
	17,
	0,
	0,
	0,
	0,
	0,
	0);
INSERT INTO E_GES
	VALUES ("f3ead832-f16a-4192-9948-38371629ed3a");
INSERT INTO E_GSME
	VALUES ("f3ead832-f16a-4192-9948-38371629ed3a",
	"4c7c35ce-32c1-44e1-946b-9be559269144",
	"415f7ffb-d246-4025-9868-5f83c77ba291");
INSERT INTO E_GEN
	VALUES ("f3ead832-f16a-4192-9948-38371629ed3a",
	"6dca3346-61e8-4114-b19f-7f9864e7663d");
INSERT INTO ACT_BLK
	VALUES ("503046c1-5b5b-4f6d-9d10-28d0feb24c63",
	1,
	0,
	0,
	'',
	'',
	'',
	11,
	3,
	6,
	40,
	0,
	0,
	6,
	49,
	0,
	0,
	0,
	0,
	0,
	"107f8ec7-878d-458d-9fa9-bfc3fbe1506c",
	"00000000-0000-0000-0000-000000000000");
INSERT INTO ACT_SMT
	VALUES ("253ba319-2d27-4ee7-b011-8e595b541c9b",
	"503046c1-5b5b-4f6d-9d10-28d0feb24c63",
	"8a6c6da5-e184-4400-9b81-3f9cae4dc1f9",
	6,
	3,
	'box::solving line: 6');
INSERT INTO ACT_SEL
	VALUES ("253ba319-2d27-4ee7-b011-8e595b541c9b",
	"57bfd8ab-5f4f-411f-8453-3b4540f92f71",
	1,
	'one',
	"ca7f531c-ca65-4fc3-9597-8b013a86b8b8");
INSERT INTO ACT_SR
	VALUES ("253ba319-2d27-4ee7-b011-8e595b541c9b");
INSERT INTO ACT_LNK
	VALUES ("e93536e5-3286-4b31-8a40-5a0a6f691234",
	'',
	"253ba319-2d27-4ee7-b011-8e595b541c9b",
	"8894c5f7-bffa-4974-ac54-7678f0a478b0",
	"00000000-0000-0000-0000-000000000000",
	2,
	"03ac2337-ce3a-497f-a3de-92a1101b2208",
	6,
	40,
	6,
	49,
	0,
	0);
INSERT INTO ACT_SMT
	VALUES ("8a6c6da5-e184-4400-9b81-3f9cae4dc1f9",
	"503046c1-5b5b-4f6d-9d10-28d0feb24c63",
	"00000000-0000-0000-0000-000000000000",
	7,
	3,
	'box::solving line: 7');
INSERT INTO ACT_IF
	VALUES ("8a6c6da5-e184-4400-9b81-3f9cae4dc1f9",
	"5c2c32e9-7cdf-4b00-8b49-cf18a7112075",
	"040c00fa-a549-480c-a7cc-bfe569f772e2",
	"00000000-0000-0000-0000-000000000000",
	"00000000-0000-0000-0000-000000000000");
INSERT INTO ACT_SMT
	VALUES ("cad21cf3-0906-49f6-87e0-639de751821b",
	"503046c1-5b5b-4f6d-9d10-28d0feb24c63",
	"00000000-0000-0000-0000-000000000000",
	11,
	3,
	'box::solving line: 11');
INSERT INTO ACT_E
	VALUES ("cad21cf3-0906-49f6-87e0-639de751821b",
	"0d132d65-6d92-4454-8a3e-94a5057ab0bc",
	"8a6c6da5-e184-4400-9b81-3f9cae4dc1f9");
INSERT INTO V_VAL
	VALUES ("ca7f531c-ca65-4fc3-9597-8b013a86b8b8",
	0,
	0,
	6,
	34,
	37,
	0,
	0,
	0,
	0,
	"1a2907d2-496f-482d-ba4d-df818f73d6fa",
	"503046c1-5b5b-4f6d-9d10-28d0feb24c63");
INSERT INTO V_IRF
	VALUES ("ca7f531c-ca65-4fc3-9597-8b013a86b8b8",
	"6dca3346-61e8-4114-b19f-7f9864e7663d");
INSERT INTO V_VAL
	VALUES ("5ffc2d09-18f2-4d7b-9744-582862774b66",
	0,
	0,
	7,
	8,
	15,
	0,
	0,
	0,
	0,
	"1a2907d2-496f-482d-ba4d-df818f73d6fa",
	"503046c1-5b5b-4f6d-9d10-28d0feb24c63");
INSERT INTO V_IRF
	VALUES ("5ffc2d09-18f2-4d7b-9744-582862774b66",
	"57bfd8ab-5f4f-411f-8453-3b4540f92f71");
INSERT INTO V_VAL
	VALUES ("11e07ec8-4e13-41da-9e0c-19aea2fe1701",
	0,
	0,
	7,
	17,
	24,
	0,
	0,
	0,
	0,
	"811f1dd7-74f0-407e-b449-939d0de5ee8d",
	"503046c1-5b5b-4f6d-9d10-28d0feb24c63");
INSERT INTO V_AVL
	VALUES ("11e07ec8-4e13-41da-9e0c-19aea2fe1701",
	"5ffc2d09-18f2-4d7b-9744-582862774b66",
	"03ac2337-ce3a-497f-a3de-92a1101b2208",
	"1d98774f-c8bd-4c43-8f75-530b0ff40265");
INSERT INTO V_VAL
	VALUES ("040c00fa-a549-480c-a7cc-bfe569f772e2",
	0,
	0,
	-1,
	-1,
	-1,
	0,
	0,
	0,
	0,
	"4e005777-df64-4279-9c02-400e239872b9",
	"503046c1-5b5b-4f6d-9d10-28d0feb24c63");
INSERT INTO V_BIN
	VALUES ("040c00fa-a549-480c-a7cc-bfe569f772e2",
	"f8600617-9630-4c52-9df2-4997f286d6bd",
	"11e07ec8-4e13-41da-9e0c-19aea2fe1701",
	'>=');
INSERT INTO V_VAL
	VALUES ("f8600617-9630-4c52-9df2-4997f286d6bd",
	0,
	0,
	7,
	29,
	29,
	0,
	0,
	0,
	0,
	"811f1dd7-74f0-407e-b449-939d0de5ee8d",
	"503046c1-5b5b-4f6d-9d10-28d0feb24c63");
INSERT INTO V_LIN
	VALUES ("f8600617-9630-4c52-9df2-4997f286d6bd",
	'1');
INSERT INTO V_VAR
	VALUES ("57bfd8ab-5f4f-411f-8453-3b4540f92f71",
	"503046c1-5b5b-4f6d-9d10-28d0feb24c63",
	'sequence',
	1,
	"1a2907d2-496f-482d-ba4d-df818f73d6fa");
INSERT INTO V_INT
	VALUES ("57bfd8ab-5f4f-411f-8453-3b4540f92f71",
	0,
	"03ac2337-ce3a-497f-a3de-92a1101b2208");
INSERT INTO V_LOC
	VALUES ("09645528-5144-4691-9122-f67d609c4422",
	6,
	14,
	21,
	"57bfd8ab-5f4f-411f-8453-3b4540f92f71");
INSERT INTO V_LOC
	VALUES ("26b848c8-9872-4aa0-8cd5-9369b26e7e02",
	7,
	8,
	15,
	"57bfd8ab-5f4f-411f-8453-3b4540f92f71");
INSERT INTO V_LOC
	VALUES ("ff2f40c1-a225-4ea9-8db5-6cc5f0ff9b56",
	8,
	5,
	12,
	"57bfd8ab-5f4f-411f-8453-3b4540f92f71");
INSERT INTO V_LOC
	VALUES ("36ef09db-8279-439e-bebf-4f81a3d5eac7",
	12,
	5,
	12,
	"57bfd8ab-5f4f-411f-8453-3b4540f92f71");
INSERT INTO ACT_BLK
	VALUES ("5c2c32e9-7cdf-4b00-8b49-cf18a7112075",
	0,
	0,
	0,
	'V_VAR.Var_ID',
	'',
	'',
	10,
	5,
	0,
	0,
	0,
	0,
	0,
	0,
	0,
	0,
	0,
	0,
	0,
	"107f8ec7-878d-458d-9fa9-bfc3fbe1506c",
	"00000000-0000-0000-0000-000000000000");
INSERT INTO ACT_SMT
	VALUES ("7ec9821e-a24a-4ed5-9c28-f3ffe6c63e36",
	"5c2c32e9-7cdf-4b00-8b49-cf18a7112075",
	"06597c59-db77-4211-92a8-9d37045e4296",
	8,
	5,
	'box::solving line: 8');
INSERT INTO ACT_AI
	VALUES ("7ec9821e-a24a-4ed5-9c28-f3ffe6c63e36",
	"5c1af388-8e70-465a-9b78-0b5f3acf73f4",
	"974796ac-6989-459e-a0bc-edd1c59b087d",
	0,
	0);
INSERT INTO ACT_SMT
	VALUES ("06597c59-db77-4211-92a8-9d37045e4296",
	"5c2c32e9-7cdf-4b00-8b49-cf18a7112075",
	"b2aa0948-9f75-468b-9cb9-5a03aa0c32de",
	9,
	5,
	'box::solving line: 9');
INSERT INTO ACT_AI
	VALUES ("06597c59-db77-4211-92a8-9d37045e4296",
	"81006764-28e5-4871-8c49-3074fe105dd4",
	"8f67deca-30a6-4f5b-a68c-16ee20fe13a1",
	0,
	0);
INSERT INTO ACT_SMT
	VALUES ("b2aa0948-9f75-468b-9cb9-5a03aa0c32de",
	"5c2c32e9-7cdf-4b00-8b49-cf18a7112075",
	"00000000-0000-0000-0000-000000000000",
	10,
	5,
	'box::solving line: 10');
INSERT INTO E_ESS
	VALUES ("b2aa0948-9f75-468b-9cb9-5a03aa0c32de",
	1,
	0,
	10,
	14,
	10,
	19,
	0,
	0,
	0,
	0,
	0,
	0);
INSERT INTO E_GES
	VALUES ("b2aa0948-9f75-468b-9cb9-5a03aa0c32de");
INSERT INTO E_GSME
	VALUES ("b2aa0948-9f75-468b-9cb9-5a03aa0c32de",
	"4a74f6cd-a33f-407c-abac-8419734741c7",
	"415f7ffb-d246-4025-9868-5f83c77ba291");
INSERT INTO E_GEN
	VALUES ("b2aa0948-9f75-468b-9cb9-5a03aa0c32de",
	"348bc4fc-807e-4a99-a2db-c0396969d27d");
INSERT INTO V_VAL
	VALUES ("6abff9b4-d7d4-45a7-9955-e71d5163f763",
	1,
	0,
	8,
	5,
	12,
	0,
	0,
	0,
	0,
	"1a2907d2-496f-482d-ba4d-df818f73d6fa",
	"5c2c32e9-7cdf-4b00-8b49-cf18a7112075");
INSERT INTO V_IRF
	VALUES ("6abff9b4-d7d4-45a7-9955-e71d5163f763",
	"57bfd8ab-5f4f-411f-8453-3b4540f92f71");
INSERT INTO V_VAL
	VALUES ("974796ac-6989-459e-a0bc-edd1c59b087d",
	1,
	0,
	8,
	14,
	21,
	0,
	0,
	0,
	0,
	"811f1dd7-74f0-407e-b449-939d0de5ee8d",
	"5c2c32e9-7cdf-4b00-8b49-cf18a7112075");
INSERT INTO V_AVL
	VALUES ("974796ac-6989-459e-a0bc-edd1c59b087d",
	"6abff9b4-d7d4-45a7-9955-e71d5163f763",
	"03ac2337-ce3a-497f-a3de-92a1101b2208",
	"1d98774f-c8bd-4c43-8f75-530b0ff40265");
INSERT INTO V_VAL
	VALUES ("5c1af388-8e70-465a-9b78-0b5f3acf73f4",
	0,
	0,
	8,
	25,
	25,
	0,
	0,
	0,
	0,
	"811f1dd7-74f0-407e-b449-939d0de5ee8d",
	"5c2c32e9-7cdf-4b00-8b49-cf18a7112075");
INSERT INTO V_LIN
	VALUES ("5c1af388-8e70-465a-9b78-0b5f3acf73f4",
	'1');
INSERT INTO V_VAL
	VALUES ("8f67deca-30a6-4f5b-a68c-16ee20fe13a1",
	1,
	1,
	9,
	5,
	5,
	0,
	0,
	0,
	0,
	"00000000-0000-0000-0000-000000000000",
	"5c2c32e9-7cdf-4b00-8b49-cf18a7112075");
INSERT INTO V_IRF
	VALUES ("8f67deca-30a6-4f5b-a68c-16ee20fe13a1",
	"348bc4fc-807e-4a99-a2db-c0396969d27d");
INSERT INTO V_VAL
	VALUES ("81006764-28e5-4871-8c49-3074fe105dd4",
	0,
	0,
	9,
	9,
	12,
	0,
	0,
	0,
	0,
	"1a2907d2-496f-482d-ba4d-df818f73d6fa",
	"5c2c32e9-7cdf-4b00-8b49-cf18a7112075");
INSERT INTO V_IRF
	VALUES ("81006764-28e5-4871-8c49-3074fe105dd4",
	"6dca3346-61e8-4114-b19f-7f9864e7663d");
INSERT INTO V_VAR
	VALUES ("348bc4fc-807e-4a99-a2db-c0396969d27d",
	"5c2c32e9-7cdf-4b00-8b49-cf18a7112075",
	'b',
	1,
	"1a2907d2-496f-482d-ba4d-df818f73d6fa");
INSERT INTO V_INT
	VALUES ("348bc4fc-807e-4a99-a2db-c0396969d27d",
	0,
	"83fd5a00-5820-4fb5-ade7-97f8217b945f");
INSERT INTO V_LOC
	VALUES ("a53269f6-443a-443f-8a44-a592bb475634",
	9,
	5,
	5,
	"348bc4fc-807e-4a99-a2db-c0396969d27d");
INSERT INTO V_LOC
	VALUES ("0bdabf51-9f57-4448-ad93-b0919967244e",
	10,
	31,
	31,
	"348bc4fc-807e-4a99-a2db-c0396969d27d");
INSERT INTO ACT_BLK
	VALUES ("0d132d65-6d92-4454-8a3e-94a5057ab0bc",
	0,
	0,
	0,
	'',
	'',
	'',
	12,
	5,
	0,
	0,
	0,
	0,
	0,
	0,
	0,
	0,
	0,
	0,
	0,
	"107f8ec7-878d-458d-9fa9-bfc3fbe1506c",
	"00000000-0000-0000-0000-000000000000");
INSERT INTO ACT_SMT
	VALUES ("41725e88-7dcd-435a-ad98-b8523ba84f9e",
	"0d132d65-6d92-4454-8a3e-94a5057ab0bc",
	"00000000-0000-0000-0000-000000000000",
	12,
	5,
	'box::solving line: 12');
INSERT INTO ACT_AI
	VALUES ("41725e88-7dcd-435a-ad98-b8523ba84f9e",
	"9bade6b2-2018-4cfc-8ae4-72618ced2695",
	"2ed7d3ef-be32-44ec-9e2e-52cedea4b525",
	0,
	0);
INSERT INTO V_VAL
	VALUES ("99786689-ee35-4878-ace1-a595e43e2e9f",
	1,
	0,
	12,
	5,
	12,
	0,
	0,
	0,
	0,
	"1a2907d2-496f-482d-ba4d-df818f73d6fa",
	"0d132d65-6d92-4454-8a3e-94a5057ab0bc");
INSERT INTO V_IRF
	VALUES ("99786689-ee35-4878-ace1-a595e43e2e9f",
	"57bfd8ab-5f4f-411f-8453-3b4540f92f71");
INSERT INTO V_VAL
	VALUES ("2ed7d3ef-be32-44ec-9e2e-52cedea4b525",
	1,
	0,
	12,
	14,
	21,
	0,
	0,
	0,
	0,
	"811f1dd7-74f0-407e-b449-939d0de5ee8d",
	"0d132d65-6d92-4454-8a3e-94a5057ab0bc");
INSERT INTO V_AVL
	VALUES ("2ed7d3ef-be32-44ec-9e2e-52cedea4b525",
	"99786689-ee35-4878-ace1-a595e43e2e9f",
	"03ac2337-ce3a-497f-a3de-92a1101b2208",
	"1d98774f-c8bd-4c43-8f75-530b0ff40265");
INSERT INTO V_VAL
	VALUES ("9bade6b2-2018-4cfc-8ae4-72618ced2695",
	0,
	0,
	12,
	25,
	25,
	0,
	0,
	0,
	0,
	"811f1dd7-74f0-407e-b449-939d0de5ee8d",
	"0d132d65-6d92-4454-8a3e-94a5057ab0bc");
INSERT INTO V_LIN
	VALUES ("9bade6b2-2018-4cfc-8ae4-72618ced2695",
	'0');
INSERT INTO SM_STATE
	VALUES ("1f3071b2-28f5-4255-a715-2166d549cc09",
	"415f7ffb-d246-4025-9868-5f83c77ba291",
	"00000000-0000-0000-0000-000000000000",
	'solved',
	2,
	0);
INSERT INTO SM_EIGN
	VALUES ("1f3071b2-28f5-4255-a715-2166d549cc09",
	"4a74f6cd-a33f-407c-abac-8419734741c7",
	"415f7ffb-d246-4025-9868-5f83c77ba291",
	"00000000-0000-0000-0000-000000000000",
	'');
INSERT INTO SM_SEME
	VALUES ("1f3071b2-28f5-4255-a715-2166d549cc09",
	"4a74f6cd-a33f-407c-abac-8419734741c7",
	"415f7ffb-d246-4025-9868-5f83c77ba291",
	"00000000-0000-0000-0000-000000000000");
INSERT INTO SM_EIGN
	VALUES ("1f3071b2-28f5-4255-a715-2166d549cc09",
	"4c7c35ce-32c1-44e1-946b-9be559269144",
	"415f7ffb-d246-4025-9868-5f83c77ba291",
	"00000000-0000-0000-0000-000000000000",
	'');
INSERT INTO SM_SEME
	VALUES ("1f3071b2-28f5-4255-a715-2166d549cc09",
	"4c7c35ce-32c1-44e1-946b-9be559269144",
	"415f7ffb-d246-4025-9868-5f83c77ba291",
	"00000000-0000-0000-0000-000000000000");
INSERT INTO SM_MOAH
	VALUES ("a54fa2df-830b-45a7-8c28-b2b8068d1b5c",
	"415f7ffb-d246-4025-9868-5f83c77ba291",
	"1f3071b2-28f5-4255-a715-2166d549cc09");
INSERT INTO SM_AH
	VALUES ("a54fa2df-830b-45a7-8c28-b2b8068d1b5c",
	"415f7ffb-d246-4025-9868-5f83c77ba291");
INSERT INTO SM_ACT
	VALUES ("a54fa2df-830b-45a7-8c28-b2b8068d1b5c",
	"415f7ffb-d246-4025-9868-5f83c77ba291",
	1,
	'select one sequence related by self->SEQUENCE[R1];
sequence.solved = true;',
	'');
INSERT INTO ACT_SAB
	VALUES ("5c883549-c7ba-4806-b290-739bae3483ed",
	"415f7ffb-d246-4025-9868-5f83c77ba291",
	"a54fa2df-830b-45a7-8c28-b2b8068d1b5c");
INSERT INTO ACT_ACT
	VALUES ("5c883549-c7ba-4806-b290-739bae3483ed",
	'state',
	0,
	"c69e956e-2a35-4a55-876c-01a6175f929a",
	"00000000-0000-0000-0000-000000000000",
	0,
	'box::solved',
	"00000000-0000-0000-0000-000000000000");
INSERT INTO ACT_BLK
	VALUES ("c69e956e-2a35-4a55-876c-01a6175f929a",
	1,
	0,
	0,
	'',
	'',
	'',
	2,
	1,
	1,
	38,
	0,
	0,
	1,
	47,
	0,
	0,
	0,
	0,
	0,
	"5c883549-c7ba-4806-b290-739bae3483ed",
	"00000000-0000-0000-0000-000000000000");
INSERT INTO ACT_SMT
	VALUES ("f289e78b-68f1-4fa0-84e4-34b14dfb703d",
	"c69e956e-2a35-4a55-876c-01a6175f929a",
	"0614e6c8-1e28-4562-a98e-a6320ca2d2d8",
	1,
	1,
	'box::solved line: 1');
INSERT INTO ACT_SEL
	VALUES ("f289e78b-68f1-4fa0-84e4-34b14dfb703d",
	"edd4c849-6229-4df6-ada1-74fe3d6a7def",
	1,
	'one',
	"1f75f77d-371f-4694-881f-988a75203259");
INSERT INTO ACT_SR
	VALUES ("f289e78b-68f1-4fa0-84e4-34b14dfb703d");
INSERT INTO ACT_LNK
	VALUES ("932c7ade-d494-403c-a071-578339d5c485",
	'',
	"f289e78b-68f1-4fa0-84e4-34b14dfb703d",
	"8894c5f7-bffa-4974-ac54-7678f0a478b0",
	"00000000-0000-0000-0000-000000000000",
	2,
	"03ac2337-ce3a-497f-a3de-92a1101b2208",
	1,
	38,
	1,
	47,
	0,
	0);
INSERT INTO ACT_SMT
	VALUES ("0614e6c8-1e28-4562-a98e-a6320ca2d2d8",
	"c69e956e-2a35-4a55-876c-01a6175f929a",
	"00000000-0000-0000-0000-000000000000",
	2,
	1,
	'box::solved line: 2');
INSERT INTO ACT_AI
	VALUES ("0614e6c8-1e28-4562-a98e-a6320ca2d2d8",
	"9e46cc50-7f1c-41c0-a49f-898a36300cdc",
	"8674e410-d950-4ab7-b537-44cfb058f137",
	0,
	0);
INSERT INTO V_VAL
	VALUES ("1f75f77d-371f-4694-881f-988a75203259",
	0,
	0,
	1,
	32,
	35,
	0,
	0,
	0,
	0,
	"1a2907d2-496f-482d-ba4d-df818f73d6fa",
	"c69e956e-2a35-4a55-876c-01a6175f929a");
INSERT INTO V_IRF
	VALUES ("1f75f77d-371f-4694-881f-988a75203259",
	"7742d2d9-2134-4f78-a997-28261eb33205");
INSERT INTO V_VAL
	VALUES ("d7a15c0e-2d2d-4dbb-b938-6604a974caf0",
	1,
	0,
	2,
	1,
	8,
	0,
	0,
	0,
	0,
	"1a2907d2-496f-482d-ba4d-df818f73d6fa",
	"c69e956e-2a35-4a55-876c-01a6175f929a");
INSERT INTO V_IRF
	VALUES ("d7a15c0e-2d2d-4dbb-b938-6604a974caf0",
	"edd4c849-6229-4df6-ada1-74fe3d6a7def");
INSERT INTO V_VAL
	VALUES ("8674e410-d950-4ab7-b537-44cfb058f137",
	1,
	0,
	2,
	10,
	15,
	0,
	0,
	0,
	0,
	"4e005777-df64-4279-9c02-400e239872b9",
	"c69e956e-2a35-4a55-876c-01a6175f929a");
INSERT INTO V_AVL
	VALUES ("8674e410-d950-4ab7-b537-44cfb058f137",
	"d7a15c0e-2d2d-4dbb-b938-6604a974caf0",
	"03ac2337-ce3a-497f-a3de-92a1101b2208",
	"48d19dd8-8465-49b9-b4d0-dd14aa6d653f");
INSERT INTO V_VAL
	VALUES ("9e46cc50-7f1c-41c0-a49f-898a36300cdc",
	0,
	0,
	-1,
	-1,
	-1,
	0,
	0,
	0,
	0,
	"4e005777-df64-4279-9c02-400e239872b9",
	"c69e956e-2a35-4a55-876c-01a6175f929a");
INSERT INTO V_LBO
	VALUES ("9e46cc50-7f1c-41c0-a49f-898a36300cdc",
	'TRUE');
INSERT INTO V_VAR
	VALUES ("edd4c849-6229-4df6-ada1-74fe3d6a7def",
	"c69e956e-2a35-4a55-876c-01a6175f929a",
	'sequence',
	1,
	"1a2907d2-496f-482d-ba4d-df818f73d6fa");
INSERT INTO V_INT
	VALUES ("edd4c849-6229-4df6-ada1-74fe3d6a7def",
	0,
	"03ac2337-ce3a-497f-a3de-92a1101b2208");
INSERT INTO V_LOC
	VALUES ("75aaeda9-4cff-4837-bd40-57f42658cddb",
	1,
	12,
	19,
	"edd4c849-6229-4df6-ada1-74fe3d6a7def");
INSERT INTO V_LOC
	VALUES ("4b8e923c-e8f3-471c-aa20-b6cb78a6f156",
	2,
	1,
	8,
	"edd4c849-6229-4df6-ada1-74fe3d6a7def");
INSERT INTO V_VAR
	VALUES ("7742d2d9-2134-4f78-a997-28261eb33205",
	"c69e956e-2a35-4a55-876c-01a6175f929a",
	'self',
	1,
	"1a2907d2-496f-482d-ba4d-df818f73d6fa");
INSERT INTO V_INT
	VALUES ("7742d2d9-2134-4f78-a997-28261eb33205",
	0,
	"83fd5a00-5820-4fb5-ade7-97f8217b945f");
INSERT INTO SM_NSTXN
	VALUES ("3a23977c-462e-4b44-a3e4-b35e1e462d5d",
	"415f7ffb-d246-4025-9868-5f83c77ba291",
	"60db9085-cfae-4bd3-b6bd-f821bcf14d50",
	"4a74f6cd-a33f-407c-abac-8419734741c7",
	"00000000-0000-0000-0000-000000000000");
INSERT INTO SM_TAH
	VALUES ("86c1869c-9fa9-44b2-a9c8-a07ab6f9c6a0",
	"415f7ffb-d246-4025-9868-5f83c77ba291",
	"3a23977c-462e-4b44-a3e4-b35e1e462d5d");
INSERT INTO SM_AH
	VALUES ("86c1869c-9fa9-44b2-a9c8-a07ab6f9c6a0",
	"415f7ffb-d246-4025-9868-5f83c77ba291");
INSERT INTO SM_ACT
	VALUES ("86c1869c-9fa9-44b2-a9c8-a07ab6f9c6a0",
	"415f7ffb-d246-4025-9868-5f83c77ba291",
	1,
	'',
	'');
INSERT INTO ACT_TAB
	VALUES ("97339e5a-080a-4699-bdac-94be7bf60ae3",
	"415f7ffb-d246-4025-9868-5f83c77ba291",
	"86c1869c-9fa9-44b2-a9c8-a07ab6f9c6a0");
INSERT INTO ACT_ACT
	VALUES ("97339e5a-080a-4699-bdac-94be7bf60ae3",
	'transition',
	0,
	"7ad5393e-7654-4b27-bd52-3e4de0bdb134",
	"00000000-0000-0000-0000-000000000000",
	0,
	'BOX1: update in solving to solving',
	"00000000-0000-0000-0000-000000000000");
INSERT INTO ACT_BLK
	VALUES ("7ad5393e-7654-4b27-bd52-3e4de0bdb134",
	0,
	0,
	0,
	'',
	'',
	'',
	0,
	0,
	0,
	0,
	0,
	0,
	0,
	0,
	0,
	0,
	0,
	0,
	0,
	"97339e5a-080a-4699-bdac-94be7bf60ae3",
	"00000000-0000-0000-0000-000000000000");
INSERT INTO SM_TXN
	VALUES ("3a23977c-462e-4b44-a3e4-b35e1e462d5d",
	"415f7ffb-d246-4025-9868-5f83c77ba291",
	"60db9085-cfae-4bd3-b6bd-f821bcf14d50",
	"00000000-0000-0000-0000-000000000000");
INSERT INTO SM_NSTXN
	VALUES ("f41e33b7-e981-4f14-b695-5ff43c3c8aa9",
	"415f7ffb-d246-4025-9868-5f83c77ba291",
	"60db9085-cfae-4bd3-b6bd-f821bcf14d50",
	"4c7c35ce-32c1-44e1-946b-9be559269144",
	"00000000-0000-0000-0000-000000000000");
INSERT INTO SM_TAH
	VALUES ("b8f847ad-6bd8-4a54-af4e-0dacab6b0c45",
	"415f7ffb-d246-4025-9868-5f83c77ba291",
	"f41e33b7-e981-4f14-b695-5ff43c3c8aa9");
INSERT INTO SM_AH
	VALUES ("b8f847ad-6bd8-4a54-af4e-0dacab6b0c45",
	"415f7ffb-d246-4025-9868-5f83c77ba291");
INSERT INTO SM_ACT
	VALUES ("b8f847ad-6bd8-4a54-af4e-0dacab6b0c45",
	"415f7ffb-d246-4025-9868-5f83c77ba291",
	1,
	'',
	'');
INSERT INTO ACT_TAB
	VALUES ("7d4e198a-5423-4103-a66c-524336fdeaa4",
	"415f7ffb-d246-4025-9868-5f83c77ba291",
	"b8f847ad-6bd8-4a54-af4e-0dacab6b0c45");
INSERT INTO ACT_ACT
	VALUES ("7d4e198a-5423-4103-a66c-524336fdeaa4",
	'transition',
	0,
	"2b677c8e-424c-4ea0-9f72-608b17987482",
	"00000000-0000-0000-0000-000000000000",
	0,
	'BOX2: solved in solving to solved',
	"00000000-0000-0000-0000-000000000000");
INSERT INTO ACT_BLK
	VALUES ("2b677c8e-424c-4ea0-9f72-608b17987482",
	0,
	0,
	0,
	'',
	'',
	'',
	0,
	0,
	0,
	0,
	0,
	0,
	0,
	0,
	0,
	0,
	0,
	0,
	0,
	"7d4e198a-5423-4103-a66c-524336fdeaa4",
	"00000000-0000-0000-0000-000000000000");
INSERT INTO SM_TXN
	VALUES ("f41e33b7-e981-4f14-b695-5ff43c3c8aa9",
	"415f7ffb-d246-4025-9868-5f83c77ba291",
	"1f3071b2-28f5-4255-a715-2166d549cc09",
	"00000000-0000-0000-0000-000000000000");
INSERT INTO O_OBJ
	VALUES ("e488047e-8d3e-455c-a7e9-29120bad505f",
	'cell',
	5,
	'CELL',
	'',
	"3d0162a5-1c20-4ddf-8686-ff9d4c06e6a1");
INSERT INTO O_TFR
	VALUES ("08064e1a-888f-4d00-a98e-bcce7359c03d",
	"e488047e-8d3e-455c-a7e9-29120bad505f",
	'set_given',
	'',
	"606ca061-c661-4bbf-bb1a-bb2345f5239e",
	0,
	'select any cell from instances of CELL
  where ( ( selected.row_number == param.row ) and 
          ( selected.column_number == param.column ) );
cell.answer( answer_digit:param.answer );',
	1,
	'',
	"e7682414-c9d4-490e-84ef-68b46fb9a8f1");
INSERT INTO O_TPARM
	VALUES ("5f6e7249-0d87-41ec-a1c1-63bf136d4fc2",
	"08064e1a-888f-4d00-a98e-bcce7359c03d",
	'row',
	"811f1dd7-74f0-407e-b449-939d0de5ee8d",
	0,
	'',
	"8268fb51-41c7-4009-acd4-3721c558fbc5",
	'');
INSERT INTO O_TPARM
	VALUES ("8268fb51-41c7-4009-acd4-3721c558fbc5",
	"08064e1a-888f-4d00-a98e-bcce7359c03d",
	'column',
	"811f1dd7-74f0-407e-b449-939d0de5ee8d",
	0,
	'',
	"60f2c667-c4cc-47e8-86ac-3d2de82335a5",
	'');
INSERT INTO O_TPARM
	VALUES ("60f2c667-c4cc-47e8-86ac-3d2de82335a5",
	"08064e1a-888f-4d00-a98e-bcce7359c03d",
	'answer',
	"811f1dd7-74f0-407e-b449-939d0de5ee8d",
	0,
	'',
	"00000000-0000-0000-0000-000000000000",
	'');
INSERT INTO ACT_OPB
	VALUES ("252e6af3-5e56-4fcc-a3df-581c2dd922d1",
	"08064e1a-888f-4d00-a98e-bcce7359c03d");
INSERT INTO ACT_ACT
	VALUES ("252e6af3-5e56-4fcc-a3df-581c2dd922d1",
	'class operation',
	0,
	"2c8a1bbf-d137-4400-a8b7-164989bd6ffb",
	"00000000-0000-0000-0000-000000000000",
	0,
	'cell::set_given',
	"00000000-0000-0000-0000-000000000000");
INSERT INTO ACT_BLK
	VALUES ("2c8a1bbf-d137-4400-a8b7-164989bd6ffb",
	1,
	0,
	1,
	'',
	'',
	'',
	4,
	1,
	1,
	35,
	0,
	0,
	0,
	0,
	0,
	0,
	0,
	0,
	0,
	"252e6af3-5e56-4fcc-a3df-581c2dd922d1",
	"00000000-0000-0000-0000-000000000000");
INSERT INTO ACT_SMT
	VALUES ("ed53e522-84dc-43eb-aca8-8602efece55c",
	"2c8a1bbf-d137-4400-a8b7-164989bd6ffb",
	"5324229d-e2d9-4957-a393-1e5870cbbab3",
	1,
	1,
	'cell::set_given line: 1');
INSERT INTO ACT_FIW
	VALUES ("ed53e522-84dc-43eb-aca8-8602efece55c",
	"6692cd92-a731-4451-ad1a-bd7004d7a8df",
	1,
	'any',
	"3b6e66a8-02cc-4fe8-b94d-33e3b6130bd1",
	"e488047e-8d3e-455c-a7e9-29120bad505f",
	1,
	35);
INSERT INTO ACT_SMT
	VALUES ("5324229d-e2d9-4957-a393-1e5870cbbab3",
	"2c8a1bbf-d137-4400-a8b7-164989bd6ffb",
	"00000000-0000-0000-0000-000000000000",
	4,
	1,
	'cell::set_given line: 4');
INSERT INTO ACT_TFM
	VALUES ("5324229d-e2d9-4957-a393-1e5870cbbab3",
	"a3632caa-a4af-4c7b-8e5d-212826ddcf99",
	"6692cd92-a731-4451-ad1a-bd7004d7a8df",
	4,
	6,
	0,
	0);
INSERT INTO V_VAL
	VALUES ("999aef51-cefc-4783-b253-037f598614e6",
	0,
	0,
	2,
	13,
	-1,
	0,
	0,
	0,
	0,
	"1a2907d2-496f-482d-ba4d-df818f73d6fa",
	"2c8a1bbf-d137-4400-a8b7-164989bd6ffb");
INSERT INTO V_SLR
	VALUES ("999aef51-cefc-4783-b253-037f598614e6",
	"00000000-0000-0000-0000-000000000000",
	"00000000-0000-0000-0000-000000000000",
	"00000000-0000-0000-0000-000000000000");
INSERT INTO V_VAL
	VALUES ("1d8f4bc9-da8e-4dd4-a4ba-25f1edb9efc5",
	0,
	0,
	2,
	22,
	31,
	0,
	0,
	0,
	0,
	"811f1dd7-74f0-407e-b449-939d0de5ee8d",
	"2c8a1bbf-d137-4400-a8b7-164989bd6ffb");
INSERT INTO V_AVL
	VALUES ("1d8f4bc9-da8e-4dd4-a4ba-25f1edb9efc5",
	"999aef51-cefc-4783-b253-037f598614e6",
	"e488047e-8d3e-455c-a7e9-29120bad505f",
	"53a62320-a206-4d56-a639-c4592f420548");
INSERT INTO V_VAL
	VALUES ("46cae65f-0335-4d3d-a391-37a3b49db641",
	0,
	0,
	-1,
	-1,
	-1,
	0,
	0,
	0,
	0,
	"4e005777-df64-4279-9c02-400e239872b9",
	"2c8a1bbf-d137-4400-a8b7-164989bd6ffb");
INSERT INTO V_BIN
	VALUES ("46cae65f-0335-4d3d-a391-37a3b49db641",
	"68b1cffd-897b-4b84-ba26-6c17496a14d5",
	"1d8f4bc9-da8e-4dd4-a4ba-25f1edb9efc5",
	'==');
INSERT INTO V_VAL
	VALUES ("68b1cffd-897b-4b84-ba26-6c17496a14d5",
	0,
	0,
	2,
	42,
	44,
	0,
	0,
	0,
	0,
	"811f1dd7-74f0-407e-b449-939d0de5ee8d",
	"2c8a1bbf-d137-4400-a8b7-164989bd6ffb");
INSERT INTO V_PVL
	VALUES ("68b1cffd-897b-4b84-ba26-6c17496a14d5",
	"00000000-0000-0000-0000-000000000000",
	"00000000-0000-0000-0000-000000000000",
	"5f6e7249-0d87-41ec-a1c1-63bf136d4fc2",
	"00000000-0000-0000-0000-000000000000");
INSERT INTO V_VAL
	VALUES ("2b4e4d98-bb3b-4357-a597-e1d4f386c97c",
	0,
	0,
	3,
	13,
	-1,
	0,
	0,
	0,
	0,
	"1a2907d2-496f-482d-ba4d-df818f73d6fa",
	"2c8a1bbf-d137-4400-a8b7-164989bd6ffb");
INSERT INTO V_SLR
	VALUES ("2b4e4d98-bb3b-4357-a597-e1d4f386c97c",
	"00000000-0000-0000-0000-000000000000",
	"00000000-0000-0000-0000-000000000000",
	"00000000-0000-0000-0000-000000000000");
INSERT INTO V_VAL
	VALUES ("44b28c56-3ede-4430-b4f1-20819d607e38",
	0,
	0,
	3,
	22,
	34,
	0,
	0,
	0,
	0,
	"811f1dd7-74f0-407e-b449-939d0de5ee8d",
	"2c8a1bbf-d137-4400-a8b7-164989bd6ffb");
INSERT INTO V_AVL
	VALUES ("44b28c56-3ede-4430-b4f1-20819d607e38",
	"2b4e4d98-bb3b-4357-a597-e1d4f386c97c",
	"e488047e-8d3e-455c-a7e9-29120bad505f",
	"d132eb18-d364-4962-a2a9-487279251e05");
INSERT INTO V_VAL
	VALUES ("2d88c717-2747-4674-a64d-ef51b34093db",
	0,
	0,
	-1,
	-1,
	-1,
	0,
	0,
	0,
	0,
	"4e005777-df64-4279-9c02-400e239872b9",
	"2c8a1bbf-d137-4400-a8b7-164989bd6ffb");
INSERT INTO V_BIN
	VALUES ("2d88c717-2747-4674-a64d-ef51b34093db",
	"8603d768-1044-4f43-9ec8-8011e7a7f40f",
	"44b28c56-3ede-4430-b4f1-20819d607e38",
	'==');
INSERT INTO V_VAL
	VALUES ("8603d768-1044-4f43-9ec8-8011e7a7f40f",
	0,
	0,
	3,
	45,
	50,
	0,
	0,
	0,
	0,
	"811f1dd7-74f0-407e-b449-939d0de5ee8d",
	"2c8a1bbf-d137-4400-a8b7-164989bd6ffb");
INSERT INTO V_PVL
	VALUES ("8603d768-1044-4f43-9ec8-8011e7a7f40f",
	"00000000-0000-0000-0000-000000000000",
	"00000000-0000-0000-0000-000000000000",
	"8268fb51-41c7-4009-acd4-3721c558fbc5",
	"00000000-0000-0000-0000-000000000000");
INSERT INTO V_VAL
	VALUES ("3b6e66a8-02cc-4fe8-b94d-33e3b6130bd1",
	0,
	0,
	-1,
	-1,
	-1,
	0,
	0,
	0,
	0,
	"4e005777-df64-4279-9c02-400e239872b9",
	"2c8a1bbf-d137-4400-a8b7-164989bd6ffb");
INSERT INTO V_BIN
	VALUES ("3b6e66a8-02cc-4fe8-b94d-33e3b6130bd1",
	"2d88c717-2747-4674-a64d-ef51b34093db",
	"46cae65f-0335-4d3d-a391-37a3b49db641",
	'and');
INSERT INTO V_VAL
	VALUES ("5f13511b-439f-47e6-936e-81c7abf42e70",
	0,
	0,
	4,
	33,
	38,
	0,
	0,
	0,
	0,
	"811f1dd7-74f0-407e-b449-939d0de5ee8d",
	"2c8a1bbf-d137-4400-a8b7-164989bd6ffb");
INSERT INTO V_PVL
	VALUES ("5f13511b-439f-47e6-936e-81c7abf42e70",
	"00000000-0000-0000-0000-000000000000",
	"00000000-0000-0000-0000-000000000000",
	"60f2c667-c4cc-47e8-86ac-3d2de82335a5",
	"00000000-0000-0000-0000-000000000000");
INSERT INTO V_PAR
	VALUES ("5f13511b-439f-47e6-936e-81c7abf42e70",
	"5324229d-e2d9-4957-a393-1e5870cbbab3",
	"00000000-0000-0000-0000-000000000000",
	'answer_digit',
	"00000000-0000-0000-0000-000000000000",
	4,
	14);
INSERT INTO V_VAR
	VALUES ("6692cd92-a731-4451-ad1a-bd7004d7a8df",
	"2c8a1bbf-d137-4400-a8b7-164989bd6ffb",
	'cell',
	1,
	"1a2907d2-496f-482d-ba4d-df818f73d6fa");
INSERT INTO V_INT
	VALUES ("6692cd92-a731-4451-ad1a-bd7004d7a8df",
	0,
	"e488047e-8d3e-455c-a7e9-29120bad505f");
INSERT INTO V_LOC
	VALUES ("15d144f9-25fd-4440-8875-af8d52e5ba0a",
	1,
	12,
	15,
	"6692cd92-a731-4451-ad1a-bd7004d7a8df");
INSERT INTO V_LOC
	VALUES ("4cfc55b7-272b-47e1-be7d-07e174679658",
	4,
	1,
	4,
	"6692cd92-a731-4451-ad1a-bd7004d7a8df");
INSERT INTO O_TFR
	VALUES ("a3632caa-a4af-4c7b-8e5d-212826ddcf99",
	"e488047e-8d3e-455c-a7e9-29120bad505f",
	'answer',
	'',
	"606ca061-c661-4bbf-bb1a-bb2345f5239e",
	1,
	'// An answer has been found, so remove the eligible
// digits which are now ineligible digits.
select one zerodigit related by self->DIGIT[R9] where ( selected.value == 0 );
if ( not_empty zerodigit )
  unrelate self from zerodigit across R9;
end if;

// Link in the answer.
select any digit from instances of DIGIT 
  where ( selected.value == param.answer_digit );
if ( not_empty digit )
  relate self to digit across R9;
end if;

// Unlink the other digits.  There can be only one answer.
select many ineligibles related by self->ELIGIBLE[R8]
  where ( selected.digit_value != param.answer_digit );
for each ineligible in ineligibles
  // generate ELIGIBLE1:eliminate() to inelible;
  ineligible.eliminate();
end for;',
	1,
	'',
	"00000000-0000-0000-0000-000000000000");
INSERT INTO O_TPARM
	VALUES ("4436363e-1aef-487d-8d86-22081898aeb9",
	"a3632caa-a4af-4c7b-8e5d-212826ddcf99",
	'answer_digit',
	"811f1dd7-74f0-407e-b449-939d0de5ee8d",
	0,
	'',
	"00000000-0000-0000-0000-000000000000",
	'');
INSERT INTO ACT_OPB
	VALUES ("18d92bcf-c5b5-4d90-8dc9-81215d5ee6f4",
	"a3632caa-a4af-4c7b-8e5d-212826ddcf99");
INSERT INTO ACT_ACT
	VALUES ("18d92bcf-c5b5-4d90-8dc9-81215d5ee6f4",
	'operation',
	0,
	"2a2b9160-d44f-46f8-8d66-6c3b7e2a28c5",
	"00000000-0000-0000-0000-000000000000",
	0,
	'cell::answer',
	"00000000-0000-0000-0000-000000000000");
INSERT INTO ACT_BLK
	VALUES ("2a2b9160-d44f-46f8-8d66-6c3b7e2a28c5",
	1,
	0,
	1,
	'',
	'',
	'',
	18,
	1,
	16,
	42,
	0,
	0,
	16,
	51,
	0,
	0,
	0,
	0,
	0,
	"18d92bcf-c5b5-4d90-8dc9-81215d5ee6f4",
	"00000000-0000-0000-0000-000000000000");
INSERT INTO ACT_SMT
	VALUES ("230e7c6a-7b3f-448b-9736-d86828111407",
	"2a2b9160-d44f-46f8-8d66-6c3b7e2a28c5",
	"31f30979-5ce1-4811-92e0-00db91a9747d",
	3,
	1,
	'cell::answer line: 3');
INSERT INTO ACT_SEL
	VALUES ("230e7c6a-7b3f-448b-9736-d86828111407",
	"9e163b4d-a6cb-4a53-b904-0b6556a7df74",
	1,
	'one',
	"818b01ea-acdb-4652-84f9-8027c79ec21c");
INSERT INTO ACT_SRW
	VALUES ("230e7c6a-7b3f-448b-9736-d86828111407",
	"77949472-5521-460c-a98d-734206924e33");
INSERT INTO ACT_LNK
	VALUES ("e1323a05-c31a-422d-bf84-5e8a906bd513",
	'',
	"230e7c6a-7b3f-448b-9736-d86828111407",
	"52e5a3de-5d5d-4eaf-a076-5b96609c9130",
	"00000000-0000-0000-0000-000000000000",
	2,
	"8a59e2de-6f5d-4937-ade5-f1ace45cc756",
	3,
	39,
	3,
	45,
	0,
	0);
INSERT INTO ACT_SMT
	VALUES ("31f30979-5ce1-4811-92e0-00db91a9747d",
	"2a2b9160-d44f-46f8-8d66-6c3b7e2a28c5",
	"c1361ec3-b4a2-4301-a224-a4b18a94a85d",
	4,
	1,
	'cell::answer line: 4');
INSERT INTO ACT_IF
	VALUES ("31f30979-5ce1-4811-92e0-00db91a9747d",
	"7d360dbf-0ab5-41e9-a9e6-dd598b12e4e5",
	"fb67f5a9-0177-4e55-bc45-4c0fc964bb43",
	"00000000-0000-0000-0000-000000000000",
	"00000000-0000-0000-0000-000000000000");
INSERT INTO ACT_SMT
	VALUES ("c1361ec3-b4a2-4301-a224-a4b18a94a85d",
	"2a2b9160-d44f-46f8-8d66-6c3b7e2a28c5",
	"d22c4440-624d-441a-92a4-1104dd01abc3",
	9,
	1,
	'cell::answer line: 9');
INSERT INTO ACT_FIW
	VALUES ("c1361ec3-b4a2-4301-a224-a4b18a94a85d",
	"09498927-36e6-4947-ae13-87f5a89954ae",
	1,
	'any',
	"fe63bcd4-5d79-452e-96ec-f7704b441b6e",
	"8a59e2de-6f5d-4937-ade5-f1ace45cc756",
	9,
	36);
INSERT INTO ACT_SMT
	VALUES ("d22c4440-624d-441a-92a4-1104dd01abc3",
	"2a2b9160-d44f-46f8-8d66-6c3b7e2a28c5",
	"56ceff46-5b2a-4351-a1d6-0434cf38ecea",
	11,
	1,
	'cell::answer line: 11');
INSERT INTO ACT_IF
	VALUES ("d22c4440-624d-441a-92a4-1104dd01abc3",
	"7ff5b68d-42f4-402a-a617-bfd3fb6f06d2",
	"b26ec9b1-d659-4eda-879a-792f882ab7c9",
	"00000000-0000-0000-0000-000000000000",
	"00000000-0000-0000-0000-000000000000");
INSERT INTO ACT_SMT
	VALUES ("56ceff46-5b2a-4351-a1d6-0434cf38ecea",
	"2a2b9160-d44f-46f8-8d66-6c3b7e2a28c5",
	"3a84ad97-b9a7-4675-a28c-6583c09dbc20",
	16,
	1,
	'cell::answer line: 16');
INSERT INTO ACT_SEL
	VALUES ("56ceff46-5b2a-4351-a1d6-0434cf38ecea",
	"907d4e16-4e1f-4ec1-b9fb-206906831416",
	1,
	'many',
	"d516367a-05da-4191-ae6d-54842cfbbee8");
INSERT INTO ACT_SRW
	VALUES ("56ceff46-5b2a-4351-a1d6-0434cf38ecea",
	"e6234357-2728-46c4-bb07-838f23438f91");
INSERT INTO ACT_LNK
	VALUES ("7cb4f823-0f8e-4ec3-bdd7-f963563c257c",
	'',
	"56ceff46-5b2a-4351-a1d6-0434cf38ecea",
	"62a93566-2203-4db8-ba18-f7c15ca2072a",
	"00000000-0000-0000-0000-000000000000",
	3,
	"7dfbb9fe-d109-4356-a43c-8a02617ad46a",
	16,
	42,
	16,
	51,
	0,
	0);
INSERT INTO ACT_SMT
	VALUES ("3a84ad97-b9a7-4675-a28c-6583c09dbc20",
	"2a2b9160-d44f-46f8-8d66-6c3b7e2a28c5",
	"00000000-0000-0000-0000-000000000000",
	18,
	1,
	'cell::answer line: 18');
INSERT INTO ACT_FOR
	VALUES ("3a84ad97-b9a7-4675-a28c-6583c09dbc20",
	"35dc7d46-f8f6-4081-bb27-dd2b7d8649b4",
	1,
	"17763a30-31f4-404b-95d3-35f2555746b1",
	"907d4e16-4e1f-4ec1-b9fb-206906831416",
	"7dfbb9fe-d109-4356-a43c-8a02617ad46a");
INSERT INTO V_VAL
	VALUES ("818b01ea-acdb-4652-84f9-8027c79ec21c",
	0,
	0,
	3,
	33,
	36,
	0,
	0,
	0,
	0,
	"1a2907d2-496f-482d-ba4d-df818f73d6fa",
	"2a2b9160-d44f-46f8-8d66-6c3b7e2a28c5");
INSERT INTO V_IRF
	VALUES ("818b01ea-acdb-4652-84f9-8027c79ec21c",
	"83132eeb-88b5-4f35-9633-0ab7ae73a111");
INSERT INTO V_VAL
	VALUES ("937529de-ec9a-4283-a388-b736a7719a09",
	0,
	0,
	3,
	57,
	-1,
	0,
	0,
	0,
	0,
	"1a2907d2-496f-482d-ba4d-df818f73d6fa",
	"2a2b9160-d44f-46f8-8d66-6c3b7e2a28c5");
INSERT INTO V_SLR
	VALUES ("937529de-ec9a-4283-a388-b736a7719a09",
	"00000000-0000-0000-0000-000000000000",
	"00000000-0000-0000-0000-000000000000",
	"00000000-0000-0000-0000-000000000000");
INSERT INTO V_VAL
	VALUES ("f74ae0b0-cedd-4fad-96f9-886415adf070",
	0,
	0,
	3,
	66,
	70,
	0,
	0,
	0,
	0,
	"811f1dd7-74f0-407e-b449-939d0de5ee8d",
	"2a2b9160-d44f-46f8-8d66-6c3b7e2a28c5");
INSERT INTO V_AVL
	VALUES ("f74ae0b0-cedd-4fad-96f9-886415adf070",
	"937529de-ec9a-4283-a388-b736a7719a09",
	"8a59e2de-6f5d-4937-ade5-f1ace45cc756",
	"53e80efe-cb6c-4332-b046-1ba6f6005b30");
INSERT INTO V_VAL
	VALUES ("77949472-5521-460c-a98d-734206924e33",
	0,
	0,
	-1,
	-1,
	-1,
	0,
	0,
	0,
	0,
	"4e005777-df64-4279-9c02-400e239872b9",
	"2a2b9160-d44f-46f8-8d66-6c3b7e2a28c5");
INSERT INTO V_BIN
	VALUES ("77949472-5521-460c-a98d-734206924e33",
	"bee836bf-5ccb-432e-8ba2-bb546cdda13f",
	"f74ae0b0-cedd-4fad-96f9-886415adf070",
	'==');
INSERT INTO V_VAL
	VALUES ("bee836bf-5ccb-432e-8ba2-bb546cdda13f",
	0,
	0,
	3,
	75,
	75,
	0,
	0,
	0,
	0,
	"811f1dd7-74f0-407e-b449-939d0de5ee8d",
	"2a2b9160-d44f-46f8-8d66-6c3b7e2a28c5");
INSERT INTO V_LIN
	VALUES ("bee836bf-5ccb-432e-8ba2-bb546cdda13f",
	'0');
INSERT INTO V_VAL
	VALUES ("b20ac5e7-6f2e-4189-b0d5-ce97127b55b4",
	0,
	0,
	4,
	16,
	24,
	0,
	0,
	0,
	0,
	"1a2907d2-496f-482d-ba4d-df818f73d6fa",
	"2a2b9160-d44f-46f8-8d66-6c3b7e2a28c5");
INSERT INTO V_IRF
	VALUES ("b20ac5e7-6f2e-4189-b0d5-ce97127b55b4",
	"9e163b4d-a6cb-4a53-b904-0b6556a7df74");
INSERT INTO V_VAL
	VALUES ("fb67f5a9-0177-4e55-bc45-4c0fc964bb43",
	0,
	0,
	-1,
	-1,
	-1,
	0,
	0,
	0,
	0,
	"4e005777-df64-4279-9c02-400e239872b9",
	"2a2b9160-d44f-46f8-8d66-6c3b7e2a28c5");
INSERT INTO V_UNY
	VALUES ("fb67f5a9-0177-4e55-bc45-4c0fc964bb43",
	"b20ac5e7-6f2e-4189-b0d5-ce97127b55b4",
	'not_empty');
INSERT INTO V_VAL
	VALUES ("7c88a11d-a5b3-45b3-8837-8c10a86b39e6",
	0,
	0,
	10,
	11,
	-1,
	0,
	0,
	0,
	0,
	"1a2907d2-496f-482d-ba4d-df818f73d6fa",
	"2a2b9160-d44f-46f8-8d66-6c3b7e2a28c5");
INSERT INTO V_SLR
	VALUES ("7c88a11d-a5b3-45b3-8837-8c10a86b39e6",
	"00000000-0000-0000-0000-000000000000",
	"00000000-0000-0000-0000-000000000000",
	"00000000-0000-0000-0000-000000000000");
INSERT INTO V_VAL
	VALUES ("9ad2c516-6913-4e44-a7ac-63946446f42d",
	0,
	0,
	10,
	20,
	24,
	0,
	0,
	0,
	0,
	"811f1dd7-74f0-407e-b449-939d0de5ee8d",
	"2a2b9160-d44f-46f8-8d66-6c3b7e2a28c5");
INSERT INTO V_AVL
	VALUES ("9ad2c516-6913-4e44-a7ac-63946446f42d",
	"7c88a11d-a5b3-45b3-8837-8c10a86b39e6",
	"8a59e2de-6f5d-4937-ade5-f1ace45cc756",
	"53e80efe-cb6c-4332-b046-1ba6f6005b30");
INSERT INTO V_VAL
	VALUES ("fe63bcd4-5d79-452e-96ec-f7704b441b6e",
	0,
	0,
	-1,
	-1,
	-1,
	0,
	0,
	0,
	0,
	"4e005777-df64-4279-9c02-400e239872b9",
	"2a2b9160-d44f-46f8-8d66-6c3b7e2a28c5");
INSERT INTO V_BIN
	VALUES ("fe63bcd4-5d79-452e-96ec-f7704b441b6e",
	"2326ad51-886b-43ea-b990-71318c36bd36",
	"9ad2c516-6913-4e44-a7ac-63946446f42d",
	'==');
INSERT INTO V_VAL
	VALUES ("2326ad51-886b-43ea-b990-71318c36bd36",
	0,
	0,
	10,
	35,
	46,
	0,
	0,
	0,
	0,
	"811f1dd7-74f0-407e-b449-939d0de5ee8d",
	"2a2b9160-d44f-46f8-8d66-6c3b7e2a28c5");
INSERT INTO V_PVL
	VALUES ("2326ad51-886b-43ea-b990-71318c36bd36",
	"00000000-0000-0000-0000-000000000000",
	"00000000-0000-0000-0000-000000000000",
	"4436363e-1aef-487d-8d86-22081898aeb9",
	"00000000-0000-0000-0000-000000000000");
INSERT INTO V_VAL
	VALUES ("d9a01862-7712-4d29-8c44-00596b9cb5ce",
	0,
	0,
	11,
	16,
	20,
	0,
	0,
	0,
	0,
	"1a2907d2-496f-482d-ba4d-df818f73d6fa",
	"2a2b9160-d44f-46f8-8d66-6c3b7e2a28c5");
INSERT INTO V_IRF
	VALUES ("d9a01862-7712-4d29-8c44-00596b9cb5ce",
	"09498927-36e6-4947-ae13-87f5a89954ae");
INSERT INTO V_VAL
	VALUES ("b26ec9b1-d659-4eda-879a-792f882ab7c9",
	0,
	0,
	-1,
	-1,
	-1,
	0,
	0,
	0,
	0,
	"4e005777-df64-4279-9c02-400e239872b9",
	"2a2b9160-d44f-46f8-8d66-6c3b7e2a28c5");
INSERT INTO V_UNY
	VALUES ("b26ec9b1-d659-4eda-879a-792f882ab7c9",
	"d9a01862-7712-4d29-8c44-00596b9cb5ce",
	'not_empty');
INSERT INTO V_VAL
	VALUES ("d516367a-05da-4191-ae6d-54842cfbbee8",
	0,
	0,
	16,
	36,
	39,
	0,
	0,
	0,
	0,
	"1a2907d2-496f-482d-ba4d-df818f73d6fa",
	"2a2b9160-d44f-46f8-8d66-6c3b7e2a28c5");
INSERT INTO V_IRF
	VALUES ("d516367a-05da-4191-ae6d-54842cfbbee8",
	"83132eeb-88b5-4f35-9633-0ab7ae73a111");
INSERT INTO V_VAL
	VALUES ("b5f98861-65b0-4fce-98e2-8d0f8e64cc7f",
	0,
	0,
	17,
	11,
	-1,
	0,
	0,
	0,
	0,
	"1a2907d2-496f-482d-ba4d-df818f73d6fa",
	"2a2b9160-d44f-46f8-8d66-6c3b7e2a28c5");
INSERT INTO V_SLR
	VALUES ("b5f98861-65b0-4fce-98e2-8d0f8e64cc7f",
	"00000000-0000-0000-0000-000000000000",
	"00000000-0000-0000-0000-000000000000",
	"00000000-0000-0000-0000-000000000000");
INSERT INTO V_VAL
	VALUES ("0355a174-e3ea-4b70-a582-7542b6d896af",
	0,
	0,
	17,
	20,
	30,
	0,
	0,
	0,
	0,
	"811f1dd7-74f0-407e-b449-939d0de5ee8d",
	"2a2b9160-d44f-46f8-8d66-6c3b7e2a28c5");
INSERT INTO V_AVL
	VALUES ("0355a174-e3ea-4b70-a582-7542b6d896af",
	"b5f98861-65b0-4fce-98e2-8d0f8e64cc7f",
	"7dfbb9fe-d109-4356-a43c-8a02617ad46a",
	"a460f509-7c57-4f06-af25-d200aed49293");
INSERT INTO V_VAL
	VALUES ("e6234357-2728-46c4-bb07-838f23438f91",
	0,
	0,
	-1,
	-1,
	-1,
	0,
	0,
	0,
	0,
	"4e005777-df64-4279-9c02-400e239872b9",
	"2a2b9160-d44f-46f8-8d66-6c3b7e2a28c5");
INSERT INTO V_BIN
	VALUES ("e6234357-2728-46c4-bb07-838f23438f91",
	"a76774ac-3288-4443-b7a7-0f6e8b77d5bf",
	"0355a174-e3ea-4b70-a582-7542b6d896af",
	'!=');
INSERT INTO V_VAL
	VALUES ("a76774ac-3288-4443-b7a7-0f6e8b77d5bf",
	0,
	0,
	17,
	41,
	52,
	0,
	0,
	0,
	0,
	"811f1dd7-74f0-407e-b449-939d0de5ee8d",
	"2a2b9160-d44f-46f8-8d66-6c3b7e2a28c5");
INSERT INTO V_PVL
	VALUES ("a76774ac-3288-4443-b7a7-0f6e8b77d5bf",
	"00000000-0000-0000-0000-000000000000",
	"00000000-0000-0000-0000-000000000000",
	"4436363e-1aef-487d-8d86-22081898aeb9",
	"00000000-0000-0000-0000-000000000000");
INSERT INTO V_VAR
	VALUES ("9e163b4d-a6cb-4a53-b904-0b6556a7df74",
	"2a2b9160-d44f-46f8-8d66-6c3b7e2a28c5",
	'zerodigit',
	1,
	"1a2907d2-496f-482d-ba4d-df818f73d6fa");
INSERT INTO V_INT
	VALUES ("9e163b4d-a6cb-4a53-b904-0b6556a7df74",
	0,
	"8a59e2de-6f5d-4937-ade5-f1ace45cc756");
INSERT INTO V_LOC
	VALUES ("d8e47950-0b7f-404c-9b75-a1c85f5fb5e0",
	3,
	12,
	20,
	"9e163b4d-a6cb-4a53-b904-0b6556a7df74");
INSERT INTO V_LOC
	VALUES ("379e9e80-bd97-4d86-b3d8-7774f64bc2ec",
	5,
	22,
	30,
	"9e163b4d-a6cb-4a53-b904-0b6556a7df74");
INSERT INTO V_VAR
	VALUES ("83132eeb-88b5-4f35-9633-0ab7ae73a111",
	"2a2b9160-d44f-46f8-8d66-6c3b7e2a28c5",
	'self',
	1,
	"1a2907d2-496f-482d-ba4d-df818f73d6fa");
INSERT INTO V_INT
	VALUES ("83132eeb-88b5-4f35-9633-0ab7ae73a111",
	0,
	"e488047e-8d3e-455c-a7e9-29120bad505f");
INSERT INTO V_LOC
	VALUES ("21e2a095-19d3-4295-9269-0271fcf5e1a8",
	5,
	12,
	15,
	"83132eeb-88b5-4f35-9633-0ab7ae73a111");
INSERT INTO V_LOC
	VALUES ("cde48cb2-a552-4c0b-9bbc-3fc270aad1d1",
	12,
	10,
	13,
	"83132eeb-88b5-4f35-9633-0ab7ae73a111");
INSERT INTO V_VAR
	VALUES ("09498927-36e6-4947-ae13-87f5a89954ae",
	"2a2b9160-d44f-46f8-8d66-6c3b7e2a28c5",
	'digit',
	1,
	"1a2907d2-496f-482d-ba4d-df818f73d6fa");
INSERT INTO V_INT
	VALUES ("09498927-36e6-4947-ae13-87f5a89954ae",
	0,
	"8a59e2de-6f5d-4937-ade5-f1ace45cc756");
INSERT INTO V_LOC
	VALUES ("018fbfbc-709f-4a34-b71b-e4d776e8f487",
	9,
	12,
	16,
	"09498927-36e6-4947-ae13-87f5a89954ae");
INSERT INTO V_LOC
	VALUES ("c90318a3-d095-459f-9c45-ed9ce84b1b3b",
	12,
	18,
	22,
	"09498927-36e6-4947-ae13-87f5a89954ae");
INSERT INTO V_VAR
	VALUES ("907d4e16-4e1f-4ec1-b9fb-206906831416",
	"2a2b9160-d44f-46f8-8d66-6c3b7e2a28c5",
	'ineligibles',
	1,
	"bd7c827f-c0a0-4115-8268-33db6654fef9");
INSERT INTO V_INS
	VALUES ("907d4e16-4e1f-4ec1-b9fb-206906831416",
	"7dfbb9fe-d109-4356-a43c-8a02617ad46a");
INSERT INTO V_LOC
	VALUES ("ede47389-cb22-4865-9eaf-1c3081444d35",
	16,
	13,
	23,
	"907d4e16-4e1f-4ec1-b9fb-206906831416");
INSERT INTO V_LOC
	VALUES ("77d1e63d-9ed7-47f9-a93c-bc48ae7c5162",
	18,
	24,
	34,
	"907d4e16-4e1f-4ec1-b9fb-206906831416");
INSERT INTO V_VAR
	VALUES ("17763a30-31f4-404b-95d3-35f2555746b1",
	"2a2b9160-d44f-46f8-8d66-6c3b7e2a28c5",
	'ineligible',
	1,
	"1a2907d2-496f-482d-ba4d-df818f73d6fa");
INSERT INTO V_INT
	VALUES ("17763a30-31f4-404b-95d3-35f2555746b1",
	1,
	"7dfbb9fe-d109-4356-a43c-8a02617ad46a");
INSERT INTO V_LOC
	VALUES ("6808722c-5e40-4a6f-b8ad-57648bbfe637",
	18,
	10,
	19,
	"17763a30-31f4-404b-95d3-35f2555746b1");
INSERT INTO V_LOC
	VALUES ("fac947f6-790c-4591-8916-3c121a095285",
	20,
	3,
	12,
	"17763a30-31f4-404b-95d3-35f2555746b1");
INSERT INTO ACT_BLK
	VALUES ("7d360dbf-0ab5-41e9-a9e6-dd598b12e4e5",
	0,
	0,
	0,
	'',
	'',
	'',
	5,
	3,
	0,
	0,
	0,
	0,
	5,
	39,
	0,
	0,
	0,
	0,
	0,
	"18d92bcf-c5b5-4d90-8dc9-81215d5ee6f4",
	"00000000-0000-0000-0000-000000000000");
INSERT INTO ACT_SMT
	VALUES ("19a6b621-2889-4084-8b03-49ad2d9fd712",
	"7d360dbf-0ab5-41e9-a9e6-dd598b12e4e5",
	"00000000-0000-0000-0000-000000000000",
	5,
	3,
	'cell::answer line: 5');
INSERT INTO ACT_UNR
	VALUES ("19a6b621-2889-4084-8b03-49ad2d9fd712",
	"83132eeb-88b5-4f35-9633-0ab7ae73a111",
	"9e163b4d-a6cb-4a53-b904-0b6556a7df74",
	'',
	"52e5a3de-5d5d-4eaf-a076-5b96609c9130",
	5,
	39,
	0,
	0);
INSERT INTO ACT_BLK
	VALUES ("7ff5b68d-42f4-402a-a617-bfd3fb6f06d2",
	0,
	0,
	0,
	'',
	'',
	'',
	12,
	3,
	0,
	0,
	0,
	0,
	12,
	31,
	0,
	0,
	0,
	0,
	0,
	"18d92bcf-c5b5-4d90-8dc9-81215d5ee6f4",
	"00000000-0000-0000-0000-000000000000");
INSERT INTO ACT_SMT
	VALUES ("1b8b95ea-c876-48d6-ac3f-cb4fa597527d",
	"7ff5b68d-42f4-402a-a617-bfd3fb6f06d2",
	"00000000-0000-0000-0000-000000000000",
	12,
	3,
	'cell::answer line: 12');
INSERT INTO ACT_REL
	VALUES ("1b8b95ea-c876-48d6-ac3f-cb4fa597527d",
	"83132eeb-88b5-4f35-9633-0ab7ae73a111",
	"09498927-36e6-4947-ae13-87f5a89954ae",
	'',
	"52e5a3de-5d5d-4eaf-a076-5b96609c9130",
	12,
	31,
	0,
	0);
INSERT INTO ACT_BLK
	VALUES ("35dc7d46-f8f6-4081-bb27-dd2b7d8649b4",
	0,
	0,
	0,
	'',
	'',
	'',
	20,
	3,
	0,
	0,
	0,
	0,
	0,
	0,
	0,
	0,
	0,
	0,
	0,
	"18d92bcf-c5b5-4d90-8dc9-81215d5ee6f4",
	"00000000-0000-0000-0000-000000000000");
INSERT INTO ACT_SMT
	VALUES ("f7fa5fa4-0a6f-4b18-a105-be001166af7e",
	"35dc7d46-f8f6-4081-bb27-dd2b7d8649b4",
	"00000000-0000-0000-0000-000000000000",
	20,
	3,
	'cell::answer line: 20');
INSERT INTO ACT_TFM
	VALUES ("f7fa5fa4-0a6f-4b18-a105-be001166af7e",
	"d02e6fa1-63a8-45ba-8a60-27232a956e33",
	"17763a30-31f4-404b-95d3-35f2555746b1",
	20,
	14,
	0,
	0);
INSERT INTO O_TFR
	VALUES ("e7682414-c9d4-490e-84ef-68b46fb9a8f1",
	"e488047e-8d3e-455c-a7e9-29120bad505f",
	'score',
	'',
	"811f1dd7-74f0-407e-b449-939d0de5ee8d",
	0,
	'select many cells from instances of CELL 
  where ( selected.answer_value != 0 );
score = cardinality cells;

/*#inline
  printf( "Score is:  %d\n", v64_score );
*/

return score;',
	1,
	'',
	"a3632caa-a4af-4c7b-8e5d-212826ddcf99");
INSERT INTO ACT_OPB
	VALUES ("c34888ec-bf9f-40fe-9031-8457d3e8dbe7",
	"e7682414-c9d4-490e-84ef-68b46fb9a8f1");
INSERT INTO ACT_ACT
	VALUES ("c34888ec-bf9f-40fe-9031-8457d3e8dbe7",
	'class operation',
	0,
	"77bafb07-1e22-48df-824b-2b09e1526635",
	"00000000-0000-0000-0000-000000000000",
	0,
	'cell::score',
	"00000000-0000-0000-0000-000000000000");
INSERT INTO ACT_BLK
	VALUES ("77bafb07-1e22-48df-824b-2b09e1526635",
	1,
	0,
	1,
	'',
	'',
	'',
	9,
	1,
	1,
	37,
	0,
	0,
	0,
	0,
	0,
	0,
	0,
	0,
	0,
	"c34888ec-bf9f-40fe-9031-8457d3e8dbe7",
	"00000000-0000-0000-0000-000000000000");
INSERT INTO ACT_SMT
	VALUES ("06769758-4a6b-4715-94cb-171e76ad3221",
	"77bafb07-1e22-48df-824b-2b09e1526635",
	"01eb8973-bcc1-4b3b-9d63-60629351f088",
	1,
	1,
	'cell::score line: 1');
INSERT INTO ACT_FIW
	VALUES ("06769758-4a6b-4715-94cb-171e76ad3221",
	"f43a8229-4284-48c7-841f-b53e67a72035",
	1,
	'many',
	"73ed599e-1a8c-4abc-bf5f-c182c85b92ec",
	"e488047e-8d3e-455c-a7e9-29120bad505f",
	1,
	37);
INSERT INTO ACT_SMT
	VALUES ("01eb8973-bcc1-4b3b-9d63-60629351f088",
	"77bafb07-1e22-48df-824b-2b09e1526635",
	"207b3b06-6009-4e4c-93fd-19260a1214d3",
	3,
	1,
	'cell::score line: 3');
INSERT INTO ACT_AI
	VALUES ("01eb8973-bcc1-4b3b-9d63-60629351f088",
	"8c8f5d14-e6f5-417f-8c5b-9b1e6e8ea92b",
	"cc8976b9-3969-49f1-aad9-76e0c6e645f8",
	0,
	0);
INSERT INTO ACT_SMT
	VALUES ("207b3b06-6009-4e4c-93fd-19260a1214d3",
	"77bafb07-1e22-48df-824b-2b09e1526635",
	"00000000-0000-0000-0000-000000000000",
	9,
	1,
	'cell::score line: 9');
INSERT INTO ACT_RET
	VALUES ("207b3b06-6009-4e4c-93fd-19260a1214d3",
	"287592a3-19e9-4740-9636-3689ec9cb05c");
INSERT INTO V_VAL
	VALUES ("05402486-ab06-4579-97ad-a043caf678b1",
	0,
	0,
	2,
	11,
	-1,
	0,
	0,
	0,
	0,
	"1a2907d2-496f-482d-ba4d-df818f73d6fa",
	"77bafb07-1e22-48df-824b-2b09e1526635");
INSERT INTO V_SLR
	VALUES ("05402486-ab06-4579-97ad-a043caf678b1",
	"00000000-0000-0000-0000-000000000000",
	"00000000-0000-0000-0000-000000000000",
	"00000000-0000-0000-0000-000000000000");
INSERT INTO V_VAL
	VALUES ("8eb34180-f411-4a92-aea7-adfaced64231",
	0,
	0,
	2,
	20,
	31,
	0,
	0,
	0,
	0,
	"811f1dd7-74f0-407e-b449-939d0de5ee8d",
	"77bafb07-1e22-48df-824b-2b09e1526635");
INSERT INTO V_AVL
	VALUES ("8eb34180-f411-4a92-aea7-adfaced64231",
	"05402486-ab06-4579-97ad-a043caf678b1",
	"e488047e-8d3e-455c-a7e9-29120bad505f",
	"009f5557-7ee7-4e44-9444-4d92eb448359");
INSERT INTO V_VAL
	VALUES ("73ed599e-1a8c-4abc-bf5f-c182c85b92ec",
	0,
	0,
	-1,
	-1,
	-1,
	0,
	0,
	0,
	0,
	"4e005777-df64-4279-9c02-400e239872b9",
	"77bafb07-1e22-48df-824b-2b09e1526635");
INSERT INTO V_BIN
	VALUES ("73ed599e-1a8c-4abc-bf5f-c182c85b92ec",
	"1f3a55e2-08fa-4dc4-b75d-9449bab3be02",
	"8eb34180-f411-4a92-aea7-adfaced64231",
	'!=');
INSERT INTO V_VAL
	VALUES ("1f3a55e2-08fa-4dc4-b75d-9449bab3be02",
	0,
	0,
	2,
	36,
	36,
	0,
	0,
	0,
	0,
	"811f1dd7-74f0-407e-b449-939d0de5ee8d",
	"77bafb07-1e22-48df-824b-2b09e1526635");
INSERT INTO V_LIN
	VALUES ("1f3a55e2-08fa-4dc4-b75d-9449bab3be02",
	'0');
INSERT INTO V_VAL
	VALUES ("cc8976b9-3969-49f1-aad9-76e0c6e645f8",
	1,
	1,
	3,
	1,
	5,
	0,
	0,
	0,
	0,
	"811f1dd7-74f0-407e-b449-939d0de5ee8d",
	"77bafb07-1e22-48df-824b-2b09e1526635");
INSERT INTO V_TVL
	VALUES ("cc8976b9-3969-49f1-aad9-76e0c6e645f8",
	"6ca5a1fa-9fc9-4e06-9c26-0bb35b14b128");
INSERT INTO V_VAL
	VALUES ("5fc9e177-27a5-45e3-94e5-c852e2380e01",
	0,
	0,
	3,
	21,
	25,
	0,
	0,
	0,
	0,
	"bd7c827f-c0a0-4115-8268-33db6654fef9",
	"77bafb07-1e22-48df-824b-2b09e1526635");
INSERT INTO V_ISR
	VALUES ("5fc9e177-27a5-45e3-94e5-c852e2380e01",
	"f43a8229-4284-48c7-841f-b53e67a72035");
INSERT INTO V_VAL
	VALUES ("8c8f5d14-e6f5-417f-8c5b-9b1e6e8ea92b",
	0,
	0,
	-1,
	-1,
	-1,
	0,
	0,
	0,
	0,
	"811f1dd7-74f0-407e-b449-939d0de5ee8d",
	"77bafb07-1e22-48df-824b-2b09e1526635");
INSERT INTO V_UNY
	VALUES ("8c8f5d14-e6f5-417f-8c5b-9b1e6e8ea92b",
	"5fc9e177-27a5-45e3-94e5-c852e2380e01",
	'cardinality');
INSERT INTO V_VAL
	VALUES ("287592a3-19e9-4740-9636-3689ec9cb05c",
	0,
	0,
	9,
	8,
	12,
	0,
	0,
	0,
	0,
	"811f1dd7-74f0-407e-b449-939d0de5ee8d",
	"77bafb07-1e22-48df-824b-2b09e1526635");
INSERT INTO V_TVL
	VALUES ("287592a3-19e9-4740-9636-3689ec9cb05c",
	"6ca5a1fa-9fc9-4e06-9c26-0bb35b14b128");
INSERT INTO V_VAR
	VALUES ("f43a8229-4284-48c7-841f-b53e67a72035",
	"77bafb07-1e22-48df-824b-2b09e1526635",
	'cells',
	1,
	"bd7c827f-c0a0-4115-8268-33db6654fef9");
INSERT INTO V_INS
	VALUES ("f43a8229-4284-48c7-841f-b53e67a72035",
	"e488047e-8d3e-455c-a7e9-29120bad505f");
INSERT INTO V_LOC
	VALUES ("9b938073-9fc0-4c73-b3ea-241c18362908",
	1,
	13,
	17,
	"f43a8229-4284-48c7-841f-b53e67a72035");
INSERT INTO V_VAR
	VALUES ("6ca5a1fa-9fc9-4e06-9c26-0bb35b14b128",
	"77bafb07-1e22-48df-824b-2b09e1526635",
	'score',
	1,
	"811f1dd7-74f0-407e-b449-939d0de5ee8d");
INSERT INTO V_TRN
	VALUES ("6ca5a1fa-9fc9-4e06-9c26-0bb35b14b128",
	"00000000-0000-0000-0000-000000000000",
	'');
INSERT INTO V_LOC
	VALUES ("8ec2b818-a2d5-42c9-a113-af57aeb836db",
	3,
	1,
	5,
	"6ca5a1fa-9fc9-4e06-9c26-0bb35b14b128");
INSERT INTO V_LOC
	VALUES ("0247dd1a-c979-49d6-b1ed-bc97de238cca",
	9,
	8,
	12,
	"6ca5a1fa-9fc9-4e06-9c26-0bb35b14b128");
INSERT INTO O_REF
	VALUES ("e488047e-8d3e-455c-a7e9-29120bad505f",
	"56c54c26-d9b7-409a-83b7-4c701cc02c0e",
	1,
	"b7c46385-7816-4616-9e73-922fad4f4af1",
	"c9931c97-9acb-4b55-af72-81add52c1825",
	"c71eb71a-1185-4f96-ad12-9ee546e214e8",
	"8f9517c4-2955-4897-834a-e924e660ce47",
	"53a62320-a206-4d56-a639-c4592f420548",
	"0d8566ad-b8db-4e46-aa41-07aa4e3fe946",
	"00000000-0000-0000-0000-000000000000",
	0,
	'',
	'row',
	'number',
	'R2');
INSERT INTO O_RATTR
	VALUES ("53a62320-a206-4d56-a639-c4592f420548",
	"e488047e-8d3e-455c-a7e9-29120bad505f",
	"b7c46385-7816-4616-9e73-922fad4f4af1",
	"56c54c26-d9b7-409a-83b7-4c701cc02c0e",
	1,
	'number');
INSERT INTO O_ATTR
	VALUES ("53a62320-a206-4d56-a639-c4592f420548",
	"e488047e-8d3e-455c-a7e9-29120bad505f",
	"00000000-0000-0000-0000-000000000000",
	'row_number',
	'',
	'row_',
	'number',
	1,
	"1a418377-64f4-47d9-aa0e-0773ca94143a",
	'',
	'');
INSERT INTO O_REF
	VALUES ("e488047e-8d3e-455c-a7e9-29120bad505f",
	"b7d2c815-d54e-475a-819c-5d9e6dbc66d5",
	1,
	"90e0d09a-7fa5-45f0-ac4f-f519aa651f29",
	"750a2939-f0a1-475a-a387-d099bd4f6edb",
	"5b4c4100-b987-4466-935e-cf1c7446dc95",
	"97f23a8b-ed88-4a25-a47b-ad74722bf424",
	"d132eb18-d364-4962-a2a9-487279251e05",
	"9862fb85-afd9-4480-8a3c-22820f95c648",
	"00000000-0000-0000-0000-000000000000",
	0,
	'',
	'column',
	'number',
	'R3');
INSERT INTO O_RATTR
	VALUES ("d132eb18-d364-4962-a2a9-487279251e05",
	"e488047e-8d3e-455c-a7e9-29120bad505f",
	"90e0d09a-7fa5-45f0-ac4f-f519aa651f29",
	"b7d2c815-d54e-475a-819c-5d9e6dbc66d5",
	1,
	'number');
INSERT INTO O_ATTR
	VALUES ("d132eb18-d364-4962-a2a9-487279251e05",
	"e488047e-8d3e-455c-a7e9-29120bad505f",
	"53a62320-a206-4d56-a639-c4592f420548",
	'column_number',
	'',
	'column_',
	'number',
	1,
	"1a418377-64f4-47d9-aa0e-0773ca94143a",
	'',
	'');
INSERT INTO O_REF
	VALUES ("e488047e-8d3e-455c-a7e9-29120bad505f",
	"8a59e2de-6f5d-4937-ade5-f1ace45cc756",
	0,
	"53e80efe-cb6c-4332-b046-1ba6f6005b30",
	"52e5a3de-5d5d-4eaf-a076-5b96609c9130",
	"d6ffb906-5a1c-4b12-995d-d59a2b860b9b",
	"838d69c7-4354-4e52-ab82-1c85360eb9b8",
	"009f5557-7ee7-4e44-9444-4d92eb448359",
	"aabb1ec0-ef6b-4c55-bfdc-5b1e55cf1151",
	"00000000-0000-0000-0000-000000000000",
	0,
	'',
	'digit',
	'value',
	'R9');
INSERT INTO O_RATTR
	VALUES ("009f5557-7ee7-4e44-9444-4d92eb448359",
	"e488047e-8d3e-455c-a7e9-29120bad505f",
	"53e80efe-cb6c-4332-b046-1ba6f6005b30",
	"8a59e2de-6f5d-4937-ade5-f1ace45cc756",
	1,
	'value');
INSERT INTO O_ATTR
	VALUES ("009f5557-7ee7-4e44-9444-4d92eb448359",
	"e488047e-8d3e-455c-a7e9-29120bad505f",
	"d132eb18-d364-4962-a2a9-487279251e05",
	'answer_value',
	'',
	'answer_',
	'value',
	1,
	"1a418377-64f4-47d9-aa0e-0773ca94143a",
	'',
	'');
INSERT INTO O_NBATTR
	VALUES ("f63c5665-7a1c-41d9-a56f-6588e6d961d6",
	"e488047e-8d3e-455c-a7e9-29120bad505f");
INSERT INTO O_BATTR
	VALUES ("f63c5665-7a1c-41d9-a56f-6588e6d961d6",
	"e488047e-8d3e-455c-a7e9-29120bad505f");
INSERT INTO O_ATTR
	VALUES ("f63c5665-7a1c-41d9-a56f-6588e6d961d6",
	"e488047e-8d3e-455c-a7e9-29120bad505f",
	"009f5557-7ee7-4e44-9444-4d92eb448359",
	'current_state',
	'',
	'',
	'current_state',
	0,
	"ea4f2014-da78-4798-8130-991e8750cff6",
	'',
	'');
INSERT INTO O_ID
	VALUES (0,
	"e488047e-8d3e-455c-a7e9-29120bad505f");
INSERT INTO O_OIDA
	VALUES ("53a62320-a206-4d56-a639-c4592f420548",
	"e488047e-8d3e-455c-a7e9-29120bad505f",
	0);
INSERT INTO O_OIDA
	VALUES ("d132eb18-d364-4962-a2a9-487279251e05",
	"e488047e-8d3e-455c-a7e9-29120bad505f",
	0);
INSERT INTO O_ID
	VALUES (1,
	"e488047e-8d3e-455c-a7e9-29120bad505f");
INSERT INTO O_ID
	VALUES (2,
	"e488047e-8d3e-455c-a7e9-29120bad505f");
INSERT INTO SM_ISM
	VALUES ("38a56786-b1ce-4525-9ab4-c435268b709d",
	"e488047e-8d3e-455c-a7e9-29120bad505f");
INSERT INTO SM_SM
	VALUES ("38a56786-b1ce-4525-9ab4-c435268b709d",
	'',
	0);
INSERT INTO SM_MOORE
	VALUES ("38a56786-b1ce-4525-9ab4-c435268b709d");
INSERT INTO SM_EVTDI
	VALUES ("f99fa5af-b480-4772-9cb8-0a2fdf9d66a8",
	"38a56786-b1ce-4525-9ab4-c435268b709d",
	'digit',
	'',
	"811f1dd7-74f0-407e-b449-939d0de5ee8d",
	'',
	"b880666e-bcda-4fba-8388-07f062174ca2",
	"00000000-0000-0000-0000-000000000000");
INSERT INTO SM_EVTDI
	VALUES ("a61cf8a0-e77d-4112-be61-cd86d81d977f",
	"38a56786-b1ce-4525-9ab4-c435268b709d",
	'digit',
	'',
	"811f1dd7-74f0-407e-b449-939d0de5ee8d",
	'',
	"56858343-35b4-480e-be0f-3d01e945ea47",
	"00000000-0000-0000-0000-000000000000");
INSERT INTO SM_LEVT
	VALUES ("56858343-35b4-480e-be0f-3d01e945ea47",
	"38a56786-b1ce-4525-9ab4-c435268b709d",
	"00000000-0000-0000-0000-000000000000");
INSERT INTO SM_SEVT
	VALUES ("56858343-35b4-480e-be0f-3d01e945ea47",
	"38a56786-b1ce-4525-9ab4-c435268b709d",
	"00000000-0000-0000-0000-000000000000");
INSERT INTO SM_EVT
	VALUES ("56858343-35b4-480e-be0f-3d01e945ea47",
	"38a56786-b1ce-4525-9ab4-c435268b709d",
	"00000000-0000-0000-0000-000000000000",
	1,
	'eliminate',
	0,
	'',
	'CELL1',
	'');
INSERT INTO SM_LEVT
	VALUES ("b880666e-bcda-4fba-8388-07f062174ca2",
	"38a56786-b1ce-4525-9ab4-c435268b709d",
	"00000000-0000-0000-0000-000000000000");
INSERT INTO SM_SEVT
	VALUES ("b880666e-bcda-4fba-8388-07f062174ca2",
	"38a56786-b1ce-4525-9ab4-c435268b709d",
	"00000000-0000-0000-0000-000000000000");
INSERT INTO SM_EVT
	VALUES ("b880666e-bcda-4fba-8388-07f062174ca2",
	"38a56786-b1ce-4525-9ab4-c435268b709d",
	"00000000-0000-0000-0000-000000000000",
	2,
	'answer',
	0,
	'',
	'CELL2',
	'');
INSERT INTO SM_STATE
	VALUES ("1882dec4-d8a0-450d-8a4d-dc904d23c77d",
	"38a56786-b1ce-4525-9ab4-c435268b709d",
	"00000000-0000-0000-0000-000000000000",
	'unsolved',
	1,
	0);
INSERT INTO SM_SEME
	VALUES ("1882dec4-d8a0-450d-8a4d-dc904d23c77d",
	"56858343-35b4-480e-be0f-3d01e945ea47",
	"38a56786-b1ce-4525-9ab4-c435268b709d",
	"00000000-0000-0000-0000-000000000000");
INSERT INTO SM_SEME
	VALUES ("1882dec4-d8a0-450d-8a4d-dc904d23c77d",
	"b880666e-bcda-4fba-8388-07f062174ca2",
	"38a56786-b1ce-4525-9ab4-c435268b709d",
	"00000000-0000-0000-0000-000000000000");
INSERT INTO SM_MOAH
	VALUES ("4b240b17-174c-4cb3-aeed-43ac0088f874",
	"38a56786-b1ce-4525-9ab4-c435268b709d",
	"1882dec4-d8a0-450d-8a4d-dc904d23c77d");
INSERT INTO SM_AH
	VALUES ("4b240b17-174c-4cb3-aeed-43ac0088f874",
	"38a56786-b1ce-4525-9ab4-c435268b709d");
INSERT INTO SM_ACT
	VALUES ("4b240b17-174c-4cb3-aeed-43ac0088f874",
	"38a56786-b1ce-4525-9ab4-c435268b709d",
	1,
	'// It has been determined that the input digit cannot
// be used in this cell.

// Unlink the eliminated digit.
select any ineligible related by self->ELIGIBLE[R8]
  where ( selected.digit_value == rcvd_evt.digit );
if ( not_empty ineligible )
  select one digit related by ineligible->DIGIT[R8];
  unrelate self from digit across R8 using ineligible;
  // delete object instance ineligible;
  // Inform the row, col and box of the change. 
  // CDS:  Consider polymorphic event here.
  select one row related by self->ROW[R2];
  select one sequence related by row->SEQUENCE[R1];
  if ( not sequence.solved )
    sequence.requests = sequence.requests + 1;
    if ( sequence.requests < 2 )
      generate ROW1:update() to row;
    end if;
  end if;
  select one column related by self->COLUMN[R3];
  select one sequence related by column->SEQUENCE[R1];
  if ( not sequence.solved )
    sequence.requests = sequence.requests + 1;
    if ( sequence.requests < 2 )
      generate COLUMN1:update() to column;
    end if;
  end if;
  select one box related by self->BOX[R4];
  select one sequence related by box->SEQUENCE[R1];
  if ( not sequence.solved )
    sequence.requests = sequence.requests + 1;
    if ( sequence.requests < 2 )
      generate BOX1:update() to box;
    end if;
  end if;
end if;
',
	'');
INSERT INTO ACT_SAB
	VALUES ("a72b9d80-aefb-41ea-968d-484cb4790e49",
	"38a56786-b1ce-4525-9ab4-c435268b709d",
	"4b240b17-174c-4cb3-aeed-43ac0088f874");
INSERT INTO ACT_ACT
	VALUES ("a72b9d80-aefb-41ea-968d-484cb4790e49",
	'state',
	0,
	"90827aed-5996-4082-a1b0-88e5e658b0e0",
	"00000000-0000-0000-0000-000000000000",
	0,
	'cell::unsolved',
	"00000000-0000-0000-0000-000000000000");
INSERT INTO ACT_BLK
	VALUES ("90827aed-5996-4082-a1b0-88e5e658b0e0",
	1,
	0,
	1,
	'',
	'',
	'',
	7,
	1,
	5,
	40,
	0,
	0,
	5,
	49,
	0,
	0,
	0,
	0,
	0,
	"a72b9d80-aefb-41ea-968d-484cb4790e49",
	"00000000-0000-0000-0000-000000000000");
INSERT INTO ACT_SMT
	VALUES ("1966345e-2f24-4ce2-abdf-26d8ec1a7cc9",
	"90827aed-5996-4082-a1b0-88e5e658b0e0",
	"f08d26b5-49f6-4327-98a4-5ddba08a0bf8",
	5,
	1,
	'cell::unsolved line: 5');
INSERT INTO ACT_SEL
	VALUES ("1966345e-2f24-4ce2-abdf-26d8ec1a7cc9",
	"add0258f-e84e-421b-b083-a6c175a4e68f",
	1,
	'any',
	"2105d6b9-236d-4ad1-9b01-a2bfd6450e8c");
INSERT INTO ACT_SRW
	VALUES ("1966345e-2f24-4ce2-abdf-26d8ec1a7cc9",
	"aafcae24-f6ff-40db-8b74-27c31989260b");
INSERT INTO ACT_LNK
	VALUES ("a3cc0baa-ba32-46d0-ae10-45e4f2107eb7",
	'',
	"1966345e-2f24-4ce2-abdf-26d8ec1a7cc9",
	"62a93566-2203-4db8-ba18-f7c15ca2072a",
	"00000000-0000-0000-0000-000000000000",
	3,
	"7dfbb9fe-d109-4356-a43c-8a02617ad46a",
	5,
	40,
	5,
	49,
	0,
	0);
INSERT INTO ACT_SMT
	VALUES ("f08d26b5-49f6-4327-98a4-5ddba08a0bf8",
	"90827aed-5996-4082-a1b0-88e5e658b0e0",
	"00000000-0000-0000-0000-000000000000",
	7,
	1,
	'cell::unsolved line: 7');
INSERT INTO ACT_IF
	VALUES ("f08d26b5-49f6-4327-98a4-5ddba08a0bf8",
	"7f1108b0-48f1-4d4e-b5c0-db7a61a02879",
	"02486b61-393d-4c3d-9c30-4c6406bd00e3",
	"00000000-0000-0000-0000-000000000000",
	"00000000-0000-0000-0000-000000000000");
INSERT INTO V_VAL
	VALUES ("2105d6b9-236d-4ad1-9b01-a2bfd6450e8c",
	0,
	0,
	5,
	34,
	37,
	0,
	0,
	0,
	0,
	"1a2907d2-496f-482d-ba4d-df818f73d6fa",
	"90827aed-5996-4082-a1b0-88e5e658b0e0");
INSERT INTO V_IRF
	VALUES ("2105d6b9-236d-4ad1-9b01-a2bfd6450e8c",
	"d11eb697-4976-471d-b838-aef559d5af43");
INSERT INTO V_VAL
	VALUES ("a1aceb08-e222-4acf-987b-7780990a4c8a",
	0,
	0,
	6,
	11,
	-1,
	0,
	0,
	0,
	0,
	"1a2907d2-496f-482d-ba4d-df818f73d6fa",
	"90827aed-5996-4082-a1b0-88e5e658b0e0");
INSERT INTO V_SLR
	VALUES ("a1aceb08-e222-4acf-987b-7780990a4c8a",
	"00000000-0000-0000-0000-000000000000",
	"00000000-0000-0000-0000-000000000000",
	"00000000-0000-0000-0000-000000000000");
INSERT INTO V_VAL
	VALUES ("b479db14-6de9-4055-b391-1eab336a92af",
	0,
	0,
	6,
	20,
	30,
	0,
	0,
	0,
	0,
	"811f1dd7-74f0-407e-b449-939d0de5ee8d",
	"90827aed-5996-4082-a1b0-88e5e658b0e0");
INSERT INTO V_AVL
	VALUES ("b479db14-6de9-4055-b391-1eab336a92af",
	"a1aceb08-e222-4acf-987b-7780990a4c8a",
	"7dfbb9fe-d109-4356-a43c-8a02617ad46a",
	"a460f509-7c57-4f06-af25-d200aed49293");
INSERT INTO V_VAL
	VALUES ("aafcae24-f6ff-40db-8b74-27c31989260b",
	0,
	0,
	-1,
	-1,
	-1,
	0,
	0,
	0,
	0,
	"4e005777-df64-4279-9c02-400e239872b9",
	"90827aed-5996-4082-a1b0-88e5e658b0e0");
INSERT INTO V_BIN
	VALUES ("aafcae24-f6ff-40db-8b74-27c31989260b",
	"8989d91a-6aea-41d5-8965-c3bc486d72d8",
	"b479db14-6de9-4055-b391-1eab336a92af",
	'==');
INSERT INTO V_VAL
	VALUES ("8989d91a-6aea-41d5-8965-c3bc486d72d8",
	0,
	0,
	6,
	44,
	48,
	0,
	0,
	0,
	0,
	"811f1dd7-74f0-407e-b449-939d0de5ee8d",
	"90827aed-5996-4082-a1b0-88e5e658b0e0");
INSERT INTO V_EDV
	VALUES ("8989d91a-6aea-41d5-8965-c3bc486d72d8");
INSERT INTO V_EPR
	VALUES ("8989d91a-6aea-41d5-8965-c3bc486d72d8",
	"38a56786-b1ce-4525-9ab4-c435268b709d",
	"a61cf8a0-e77d-4112-be61-cd86d81d977f",
	"00000000-0000-0000-0000-000000000000");
INSERT INTO V_VAL
	VALUES ("87820b9e-594e-49b2-98b6-4b76d7ec6215",
	0,
	0,
	7,
	16,
	25,
	0,
	0,
	0,
	0,
	"1a2907d2-496f-482d-ba4d-df818f73d6fa",
	"90827aed-5996-4082-a1b0-88e5e658b0e0");
INSERT INTO V_IRF
	VALUES ("87820b9e-594e-49b2-98b6-4b76d7ec6215",
	"add0258f-e84e-421b-b083-a6c175a4e68f");
INSERT INTO V_VAL
	VALUES ("02486b61-393d-4c3d-9c30-4c6406bd00e3",
	0,
	0,
	-1,
	-1,
	-1,
	0,
	0,
	0,
	0,
	"4e005777-df64-4279-9c02-400e239872b9",
	"90827aed-5996-4082-a1b0-88e5e658b0e0");
INSERT INTO V_UNY
	VALUES ("02486b61-393d-4c3d-9c30-4c6406bd00e3",
	"87820b9e-594e-49b2-98b6-4b76d7ec6215",
	'not_empty');
INSERT INTO V_VAR
	VALUES ("add0258f-e84e-421b-b083-a6c175a4e68f",
	"90827aed-5996-4082-a1b0-88e5e658b0e0",
	'ineligible',
	1,
	"1a2907d2-496f-482d-ba4d-df818f73d6fa");
INSERT INTO V_INT
	VALUES ("add0258f-e84e-421b-b083-a6c175a4e68f",
	0,
	"7dfbb9fe-d109-4356-a43c-8a02617ad46a");
INSERT INTO V_LOC
	VALUES ("c022b9f6-f72c-4fe6-aecd-cf23e739f346",
	5,
	12,
	21,
	"add0258f-e84e-421b-b083-a6c175a4e68f");
INSERT INTO V_LOC
	VALUES ("81d887cd-a995-4d6a-a79a-0ddfc4219904",
	9,
	44,
	53,
	"add0258f-e84e-421b-b083-a6c175a4e68f");
INSERT INTO V_VAR
	VALUES ("d11eb697-4976-471d-b838-aef559d5af43",
	"90827aed-5996-4082-a1b0-88e5e658b0e0",
	'self',
	1,
	"1a2907d2-496f-482d-ba4d-df818f73d6fa");
INSERT INTO V_INT
	VALUES ("d11eb697-4976-471d-b838-aef559d5af43",
	0,
	"e488047e-8d3e-455c-a7e9-29120bad505f");
INSERT INTO V_LOC
	VALUES ("31f6afe8-0a2d-4622-856f-0de1cd0c191b",
	9,
	12,
	15,
	"d11eb697-4976-471d-b838-aef559d5af43");
INSERT INTO ACT_BLK
	VALUES ("7f1108b0-48f1-4d4e-b5c0-db7a61a02879",
	1,
	0,
	0,
	'',
	'',
	'',
	31,
	3,
	30,
	39,
	0,
	0,
	30,
	48,
	0,
	0,
	0,
	0,
	0,
	"a72b9d80-aefb-41ea-968d-484cb4790e49",
	"00000000-0000-0000-0000-000000000000");
INSERT INTO ACT_SMT
	VALUES ("68f85e63-6354-44f3-ad17-f2a698e6af3f",
	"7f1108b0-48f1-4d4e-b5c0-db7a61a02879",
	"3492eb7d-772f-4282-a6f6-f6222876f82b",
	8,
	3,
	'cell::unsolved line: 8');
INSERT INTO ACT_SEL
	VALUES ("68f85e63-6354-44f3-ad17-f2a698e6af3f",
	"82e3ae50-5bc6-4167-b913-d102c7bf7f94",
	1,
	'one',
	"157fe14e-1001-4e37-810a-c0b812724040");
INSERT INTO ACT_SR
	VALUES ("68f85e63-6354-44f3-ad17-f2a698e6af3f");
INSERT INTO ACT_LNK
	VALUES ("5836db98-1181-4e11-b3ff-68cab4d0b161",
	'',
	"68f85e63-6354-44f3-ad17-f2a698e6af3f",
	"62a93566-2203-4db8-ba18-f7c15ca2072a",
	"00000000-0000-0000-0000-000000000000",
	2,
	"8a59e2de-6f5d-4937-ade5-f1ace45cc756",
	8,
	43,
	8,
	49,
	0,
	0);
INSERT INTO ACT_SMT
	VALUES ("3492eb7d-772f-4282-a6f6-f6222876f82b",
	"7f1108b0-48f1-4d4e-b5c0-db7a61a02879",
	"7d098cd1-de49-4fab-b247-8c6a8aba284e",
	9,
	3,
	'cell::unsolved line: 9');
INSERT INTO ACT_URU
	VALUES ("3492eb7d-772f-4282-a6f6-f6222876f82b",
	"d11eb697-4976-471d-b838-aef559d5af43",
	"82e3ae50-5bc6-4167-b913-d102c7bf7f94",
	"add0258f-e84e-421b-b083-a6c175a4e68f",
	'',
	"62a93566-2203-4db8-ba18-f7c15ca2072a",
	9,
	35,
	0,
	0);
INSERT INTO ACT_SMT
	VALUES ("7d098cd1-de49-4fab-b247-8c6a8aba284e",
	"7f1108b0-48f1-4d4e-b5c0-db7a61a02879",
	"d50a38b2-5964-4dcb-9b40-b6da7876572c",
	13,
	3,
	'cell::unsolved line: 13');
INSERT INTO ACT_SEL
	VALUES ("7d098cd1-de49-4fab-b247-8c6a8aba284e",
	"b3ef04b8-a3f2-4cbe-a43e-52065d961062",
	1,
	'one',
	"e976eef8-e770-433e-8726-76fef0434850");
INSERT INTO ACT_SR
	VALUES ("7d098cd1-de49-4fab-b247-8c6a8aba284e");
INSERT INTO ACT_LNK
	VALUES ("86c0ee4c-6254-491d-a7ec-b093fb87f036",
	'',
	"7d098cd1-de49-4fab-b247-8c6a8aba284e",
	"c9931c97-9acb-4b55-af72-81add52c1825",
	"00000000-0000-0000-0000-000000000000",
	2,
	"56c54c26-d9b7-409a-83b7-4c701cc02c0e",
	13,
	35,
	13,
	39,
	0,
	0);
INSERT INTO ACT_SMT
	VALUES ("d50a38b2-5964-4dcb-9b40-b6da7876572c",
	"7f1108b0-48f1-4d4e-b5c0-db7a61a02879",
	"4f9ff93e-177b-443f-b145-34a96491cae6",
	14,
	3,
	'cell::unsolved line: 14');
INSERT INTO ACT_SEL
	VALUES ("d50a38b2-5964-4dcb-9b40-b6da7876572c",
	"d2fb2a9a-66d5-45d3-bb91-fda21c44d14b",
	1,
	'one',
	"b76ec87b-2899-498f-b932-c4c246bcb0f6");
INSERT INTO ACT_SR
	VALUES ("d50a38b2-5964-4dcb-9b40-b6da7876572c");
INSERT INTO ACT_LNK
	VALUES ("6f90f6f9-8418-47bd-af14-c9955df269f1",
	'',
	"d50a38b2-5964-4dcb-9b40-b6da7876572c",
	"8894c5f7-bffa-4974-ac54-7678f0a478b0",
	"00000000-0000-0000-0000-000000000000",
	2,
	"03ac2337-ce3a-497f-a3de-92a1101b2208",
	14,
	39,
	14,
	48,
	0,
	0);
INSERT INTO ACT_SMT
	VALUES ("4f9ff93e-177b-443f-b145-34a96491cae6",
	"7f1108b0-48f1-4d4e-b5c0-db7a61a02879",
	"ae5d946e-f534-46af-8437-c212cb20cafb",
	15,
	3,
	'cell::unsolved line: 15');
INSERT INTO ACT_IF
	VALUES ("4f9ff93e-177b-443f-b145-34a96491cae6",
	"9e56b36f-f1c8-45b8-9647-bd6d7cd8f20b",
	"26412238-51a0-401b-a708-7f3fe7e6a574",
	"00000000-0000-0000-0000-000000000000",
	"00000000-0000-0000-0000-000000000000");
INSERT INTO ACT_SMT
	VALUES ("ae5d946e-f534-46af-8437-c212cb20cafb",
	"7f1108b0-48f1-4d4e-b5c0-db7a61a02879",
	"6764bc7f-6b04-4c95-9f06-aac4e0caebae",
	21,
	3,
	'cell::unsolved line: 21');
INSERT INTO ACT_SEL
	VALUES ("ae5d946e-f534-46af-8437-c212cb20cafb",
	"f1d2f521-a78c-4e86-a69e-9d6079a3ec44",
	1,
	'one',
	"140af0dd-bdc2-4a7f-86c3-0b0e918f22ba");
INSERT INTO ACT_SR
	VALUES ("ae5d946e-f534-46af-8437-c212cb20cafb");
INSERT INTO ACT_LNK
	VALUES ("8fb1c1b4-2f44-47f4-a745-686400f670b5",
	'',
	"ae5d946e-f534-46af-8437-c212cb20cafb",
	"750a2939-f0a1-475a-a387-d099bd4f6edb",
	"00000000-0000-0000-0000-000000000000",
	2,
	"b7d2c815-d54e-475a-819c-5d9e6dbc66d5",
	21,
	38,
	21,
	45,
	0,
	0);
INSERT INTO ACT_SMT
	VALUES ("6764bc7f-6b04-4c95-9f06-aac4e0caebae",
	"7f1108b0-48f1-4d4e-b5c0-db7a61a02879",
	"b2e00352-c357-4708-b1b6-3a08d2f4d9bf",
	22,
	3,
	'cell::unsolved line: 22');
INSERT INTO ACT_SEL
	VALUES ("6764bc7f-6b04-4c95-9f06-aac4e0caebae",
	"d2fb2a9a-66d5-45d3-bb91-fda21c44d14b",
	0,
	'one',
	"13b00980-611c-4f94-88e2-916fb5804d1d");
INSERT INTO ACT_SR
	VALUES ("6764bc7f-6b04-4c95-9f06-aac4e0caebae");
INSERT INTO ACT_LNK
	VALUES ("321ce985-29f5-47b0-be42-d42eb2550521",
	'',
	"6764bc7f-6b04-4c95-9f06-aac4e0caebae",
	"8894c5f7-bffa-4974-ac54-7678f0a478b0",
	"00000000-0000-0000-0000-000000000000",
	2,
	"03ac2337-ce3a-497f-a3de-92a1101b2208",
	22,
	42,
	22,
	51,
	0,
	0);
INSERT INTO ACT_SMT
	VALUES ("b2e00352-c357-4708-b1b6-3a08d2f4d9bf",
	"7f1108b0-48f1-4d4e-b5c0-db7a61a02879",
	"3b061b8d-da2e-4626-887a-ff50b72f5f33",
	23,
	3,
	'cell::unsolved line: 23');
INSERT INTO ACT_IF
	VALUES ("b2e00352-c357-4708-b1b6-3a08d2f4d9bf",
	"3868755f-ff5c-4434-b730-b5437f2fec03",
	"26de699c-09a6-40b7-8fff-b552de02bf27",
	"00000000-0000-0000-0000-000000000000",
	"00000000-0000-0000-0000-000000000000");
INSERT INTO ACT_SMT
	VALUES ("3b061b8d-da2e-4626-887a-ff50b72f5f33",
	"7f1108b0-48f1-4d4e-b5c0-db7a61a02879",
	"e037e13e-a2c2-4f27-9571-125a799b3fdb",
	29,
	3,
	'cell::unsolved line: 29');
INSERT INTO ACT_SEL
	VALUES ("3b061b8d-da2e-4626-887a-ff50b72f5f33",
	"e0fcfebe-afdb-4595-b0f6-afca7a3c261f",
	1,
	'one',
	"7a0e989c-fc74-402e-8687-b26b6a4d45ef");
INSERT INTO ACT_SR
	VALUES ("3b061b8d-da2e-4626-887a-ff50b72f5f33");
INSERT INTO ACT_LNK
	VALUES ("f0935a25-e391-49bc-9403-b394a11a9a8a",
	'',
	"3b061b8d-da2e-4626-887a-ff50b72f5f33",
	"e6cf2b93-d27e-4c83-a459-4307f3d2ce43",
	"00000000-0000-0000-0000-000000000000",
	2,
	"83fd5a00-5820-4fb5-ade7-97f8217b945f",
	29,
	35,
	29,
	39,
	0,
	0);
INSERT INTO ACT_SMT
	VALUES ("e037e13e-a2c2-4f27-9571-125a799b3fdb",
	"7f1108b0-48f1-4d4e-b5c0-db7a61a02879",
	"f716f339-4f74-4367-a693-ff7c6a490a2a",
	30,
	3,
	'cell::unsolved line: 30');
INSERT INTO ACT_SEL
	VALUES ("e037e13e-a2c2-4f27-9571-125a799b3fdb",
	"d2fb2a9a-66d5-45d3-bb91-fda21c44d14b",
	0,
	'one',
	"16a00dde-ac6b-46f1-9d3b-d40d1051571c");
INSERT INTO ACT_SR
	VALUES ("e037e13e-a2c2-4f27-9571-125a799b3fdb");
INSERT INTO ACT_LNK
	VALUES ("ca4258dc-e696-459d-903b-0f43f15dc21c",
	'',
	"e037e13e-a2c2-4f27-9571-125a799b3fdb",
	"8894c5f7-bffa-4974-ac54-7678f0a478b0",
	"00000000-0000-0000-0000-000000000000",
	2,
	"03ac2337-ce3a-497f-a3de-92a1101b2208",
	30,
	39,
	30,
	48,
	0,
	0);
INSERT INTO ACT_SMT
	VALUES ("f716f339-4f74-4367-a693-ff7c6a490a2a",
	"7f1108b0-48f1-4d4e-b5c0-db7a61a02879",
	"00000000-0000-0000-0000-000000000000",
	31,
	3,
	'cell::unsolved line: 31');
INSERT INTO ACT_IF
	VALUES ("f716f339-4f74-4367-a693-ff7c6a490a2a",
	"26de78dd-8f9a-45bb-9664-84b15d6228bf",
	"961da33c-ac39-4c34-928b-fad5a6803040",
	"00000000-0000-0000-0000-000000000000",
	"00000000-0000-0000-0000-000000000000");
INSERT INTO V_VAL
	VALUES ("157fe14e-1001-4e37-810a-c0b812724040",
	0,
	0,
	8,
	31,
	40,
	0,
	0,
	0,
	0,
	"1a2907d2-496f-482d-ba4d-df818f73d6fa",
	"7f1108b0-48f1-4d4e-b5c0-db7a61a02879");
INSERT INTO V_IRF
	VALUES ("157fe14e-1001-4e37-810a-c0b812724040",
	"add0258f-e84e-421b-b083-a6c175a4e68f");
INSERT INTO V_VAL
	VALUES ("e976eef8-e770-433e-8726-76fef0434850",
	0,
	0,
	13,
	29,
	32,
	0,
	0,
	0,
	0,
	"1a2907d2-496f-482d-ba4d-df818f73d6fa",
	"7f1108b0-48f1-4d4e-b5c0-db7a61a02879");
INSERT INTO V_IRF
	VALUES ("e976eef8-e770-433e-8726-76fef0434850",
	"d11eb697-4976-471d-b838-aef559d5af43");
INSERT INTO V_VAL
	VALUES ("b76ec87b-2899-498f-b932-c4c246bcb0f6",
	0,
	0,
	14,
	34,
	36,
	0,
	0,
	0,
	0,
	"1a2907d2-496f-482d-ba4d-df818f73d6fa",
	"7f1108b0-48f1-4d4e-b5c0-db7a61a02879");
INSERT INTO V_IRF
	VALUES ("b76ec87b-2899-498f-b932-c4c246bcb0f6",
	"b3ef04b8-a3f2-4cbe-a43e-52065d961062");
INSERT INTO V_VAL
	VALUES ("a123bb37-ea2d-4064-af75-b1b53b521f99",
	0,
	0,
	15,
	12,
	19,
	0,
	0,
	0,
	0,
	"1a2907d2-496f-482d-ba4d-df818f73d6fa",
	"7f1108b0-48f1-4d4e-b5c0-db7a61a02879");
INSERT INTO V_IRF
	VALUES ("a123bb37-ea2d-4064-af75-b1b53b521f99",
	"d2fb2a9a-66d5-45d3-bb91-fda21c44d14b");
INSERT INTO V_VAL
	VALUES ("9777ce21-a1d4-4ed6-b935-0901128c34ef",
	0,
	0,
	15,
	21,
	26,
	0,
	0,
	0,
	0,
	"4e005777-df64-4279-9c02-400e239872b9",
	"7f1108b0-48f1-4d4e-b5c0-db7a61a02879");
INSERT INTO V_AVL
	VALUES ("9777ce21-a1d4-4ed6-b935-0901128c34ef",
	"a123bb37-ea2d-4064-af75-b1b53b521f99",
	"03ac2337-ce3a-497f-a3de-92a1101b2208",
	"48d19dd8-8465-49b9-b4d0-dd14aa6d653f");
INSERT INTO V_VAL
	VALUES ("26412238-51a0-401b-a708-7f3fe7e6a574",
	0,
	0,
	-1,
	-1,
	-1,
	0,
	0,
	0,
	0,
	"4e005777-df64-4279-9c02-400e239872b9",
	"7f1108b0-48f1-4d4e-b5c0-db7a61a02879");
INSERT INTO V_UNY
	VALUES ("26412238-51a0-401b-a708-7f3fe7e6a574",
	"9777ce21-a1d4-4ed6-b935-0901128c34ef",
	'not');
INSERT INTO V_VAL
	VALUES ("140af0dd-bdc2-4a7f-86c3-0b0e918f22ba",
	0,
	0,
	21,
	32,
	35,
	0,
	0,
	0,
	0,
	"1a2907d2-496f-482d-ba4d-df818f73d6fa",
	"7f1108b0-48f1-4d4e-b5c0-db7a61a02879");
INSERT INTO V_IRF
	VALUES ("140af0dd-bdc2-4a7f-86c3-0b0e918f22ba",
	"d11eb697-4976-471d-b838-aef559d5af43");
INSERT INTO V_VAL
	VALUES ("13b00980-611c-4f94-88e2-916fb5804d1d",
	0,
	0,
	22,
	34,
	39,
	0,
	0,
	0,
	0,
	"1a2907d2-496f-482d-ba4d-df818f73d6fa",
	"7f1108b0-48f1-4d4e-b5c0-db7a61a02879");
INSERT INTO V_IRF
	VALUES ("13b00980-611c-4f94-88e2-916fb5804d1d",
	"f1d2f521-a78c-4e86-a69e-9d6079a3ec44");
INSERT INTO V_VAL
	VALUES ("0d71de58-b2fa-4bb2-9765-bea5d9643beb",
	0,
	0,
	23,
	12,
	19,
	0,
	0,
	0,
	0,
	"1a2907d2-496f-482d-ba4d-df818f73d6fa",
	"7f1108b0-48f1-4d4e-b5c0-db7a61a02879");
INSERT INTO V_IRF
	VALUES ("0d71de58-b2fa-4bb2-9765-bea5d9643beb",
	"d2fb2a9a-66d5-45d3-bb91-fda21c44d14b");
INSERT INTO V_VAL
	VALUES ("0013c20d-7b6f-40a0-9949-5faccd024789",
	0,
	0,
	23,
	21,
	26,
	0,
	0,
	0,
	0,
	"4e005777-df64-4279-9c02-400e239872b9",
	"7f1108b0-48f1-4d4e-b5c0-db7a61a02879");
INSERT INTO V_AVL
	VALUES ("0013c20d-7b6f-40a0-9949-5faccd024789",
	"0d71de58-b2fa-4bb2-9765-bea5d9643beb",
	"03ac2337-ce3a-497f-a3de-92a1101b2208",
	"48d19dd8-8465-49b9-b4d0-dd14aa6d653f");
INSERT INTO V_VAL
	VALUES ("26de699c-09a6-40b7-8fff-b552de02bf27",
	0,
	0,
	-1,
	-1,
	-1,
	0,
	0,
	0,
	0,
	"4e005777-df64-4279-9c02-400e239872b9",
	"7f1108b0-48f1-4d4e-b5c0-db7a61a02879");
INSERT INTO V_UNY
	VALUES ("26de699c-09a6-40b7-8fff-b552de02bf27",
	"0013c20d-7b6f-40a0-9949-5faccd024789",
	'not');
INSERT INTO V_VAL
	VALUES ("7a0e989c-fc74-402e-8687-b26b6a4d45ef",
	0,
	0,
	29,
	29,
	32,
	0,
	0,
	0,
	0,
	"1a2907d2-496f-482d-ba4d-df818f73d6fa",
	"7f1108b0-48f1-4d4e-b5c0-db7a61a02879");
INSERT INTO V_IRF
	VALUES ("7a0e989c-fc74-402e-8687-b26b6a4d45ef",
	"d11eb697-4976-471d-b838-aef559d5af43");
INSERT INTO V_VAL
	VALUES ("16a00dde-ac6b-46f1-9d3b-d40d1051571c",
	0,
	0,
	30,
	34,
	36,
	0,
	0,
	0,
	0,
	"1a2907d2-496f-482d-ba4d-df818f73d6fa",
	"7f1108b0-48f1-4d4e-b5c0-db7a61a02879");
INSERT INTO V_IRF
	VALUES ("16a00dde-ac6b-46f1-9d3b-d40d1051571c",
	"e0fcfebe-afdb-4595-b0f6-afca7a3c261f");
INSERT INTO V_VAL
	VALUES ("9155b6ec-9e84-4712-a0c2-1583a8eedb5e",
	0,
	0,
	31,
	12,
	19,
	0,
	0,
	0,
	0,
	"1a2907d2-496f-482d-ba4d-df818f73d6fa",
	"7f1108b0-48f1-4d4e-b5c0-db7a61a02879");
INSERT INTO V_IRF
	VALUES ("9155b6ec-9e84-4712-a0c2-1583a8eedb5e",
	"d2fb2a9a-66d5-45d3-bb91-fda21c44d14b");
INSERT INTO V_VAL
	VALUES ("d81d9934-cd14-49dd-9800-b403407b841e",
	0,
	0,
	31,
	21,
	26,
	0,
	0,
	0,
	0,
	"4e005777-df64-4279-9c02-400e239872b9",
	"7f1108b0-48f1-4d4e-b5c0-db7a61a02879");
INSERT INTO V_AVL
	VALUES ("d81d9934-cd14-49dd-9800-b403407b841e",
	"9155b6ec-9e84-4712-a0c2-1583a8eedb5e",
	"03ac2337-ce3a-497f-a3de-92a1101b2208",
	"48d19dd8-8465-49b9-b4d0-dd14aa6d653f");
INSERT INTO V_VAL
	VALUES ("961da33c-ac39-4c34-928b-fad5a6803040",
	0,
	0,
	-1,
	-1,
	-1,
	0,
	0,
	0,
	0,
	"4e005777-df64-4279-9c02-400e239872b9",
	"7f1108b0-48f1-4d4e-b5c0-db7a61a02879");
INSERT INTO V_UNY
	VALUES ("961da33c-ac39-4c34-928b-fad5a6803040",
	"d81d9934-cd14-49dd-9800-b403407b841e",
	'not');
INSERT INTO V_VAR
	VALUES ("82e3ae50-5bc6-4167-b913-d102c7bf7f94",
	"7f1108b0-48f1-4d4e-b5c0-db7a61a02879",
	'digit',
	1,
	"1a2907d2-496f-482d-ba4d-df818f73d6fa");
INSERT INTO V_INT
	VALUES ("82e3ae50-5bc6-4167-b913-d102c7bf7f94",
	0,
	"8a59e2de-6f5d-4937-ade5-f1ace45cc756");
INSERT INTO V_LOC
	VALUES ("a9898435-75d5-4d96-adc8-b3a31af54e3c",
	8,
	14,
	18,
	"82e3ae50-5bc6-4167-b913-d102c7bf7f94");
INSERT INTO V_LOC
	VALUES ("e450e3ca-793e-4abe-b73a-fd6149a8e814",
	9,
	22,
	26,
	"82e3ae50-5bc6-4167-b913-d102c7bf7f94");
INSERT INTO V_VAR
	VALUES ("b3ef04b8-a3f2-4cbe-a43e-52065d961062",
	"7f1108b0-48f1-4d4e-b5c0-db7a61a02879",
	'row',
	1,
	"1a2907d2-496f-482d-ba4d-df818f73d6fa");
INSERT INTO V_INT
	VALUES ("b3ef04b8-a3f2-4cbe-a43e-52065d961062",
	0,
	"56c54c26-d9b7-409a-83b7-4c701cc02c0e");
INSERT INTO V_LOC
	VALUES ("f382a39a-7684-4ea5-bb73-90263baeaae8",
	13,
	14,
	16,
	"b3ef04b8-a3f2-4cbe-a43e-52065d961062");
INSERT INTO V_LOC
	VALUES ("9606c6cf-6b8f-4769-8dda-1fc344103b2f",
	18,
	33,
	35,
	"b3ef04b8-a3f2-4cbe-a43e-52065d961062");
INSERT INTO V_VAR
	VALUES ("d2fb2a9a-66d5-45d3-bb91-fda21c44d14b",
	"7f1108b0-48f1-4d4e-b5c0-db7a61a02879",
	'sequence',
	1,
	"1a2907d2-496f-482d-ba4d-df818f73d6fa");
INSERT INTO V_INT
	VALUES ("d2fb2a9a-66d5-45d3-bb91-fda21c44d14b",
	0,
	"03ac2337-ce3a-497f-a3de-92a1101b2208");
INSERT INTO V_LOC
	VALUES ("8477aacc-41af-4d85-ae3f-cbb82e608695",
	14,
	14,
	21,
	"d2fb2a9a-66d5-45d3-bb91-fda21c44d14b");
INSERT INTO V_LOC
	VALUES ("3c46629d-5c5e-4f9f-ab36-9914c4c1a763",
	15,
	12,
	19,
	"d2fb2a9a-66d5-45d3-bb91-fda21c44d14b");
INSERT INTO V_LOC
	VALUES ("80ef05a2-a516-4e99-b010-2949d469ee7e",
	16,
	5,
	12,
	"d2fb2a9a-66d5-45d3-bb91-fda21c44d14b");
INSERT INTO V_LOC
	VALUES ("73a52c04-f0a0-429b-80a2-84ac94f38ce7",
	16,
	25,
	32,
	"d2fb2a9a-66d5-45d3-bb91-fda21c44d14b");
INSERT INTO V_LOC
	VALUES ("f8d6e9b3-c486-4b2c-8a6a-04a05c26c730",
	17,
	10,
	17,
	"d2fb2a9a-66d5-45d3-bb91-fda21c44d14b");
INSERT INTO V_LOC
	VALUES ("6540ec56-66bb-4207-89e1-a67110e2099b",
	22,
	14,
	21,
	"d2fb2a9a-66d5-45d3-bb91-fda21c44d14b");
INSERT INTO V_LOC
	VALUES ("38ca3fc2-3e6c-46d7-b980-aadcdc653375",
	23,
	12,
	19,
	"d2fb2a9a-66d5-45d3-bb91-fda21c44d14b");
INSERT INTO V_LOC
	VALUES ("6332e983-b99f-4ac0-928f-d97b9240f48e",
	24,
	5,
	12,
	"d2fb2a9a-66d5-45d3-bb91-fda21c44d14b");
INSERT INTO V_LOC
	VALUES ("fb33b29b-df29-41a2-afd8-1d26cfa5ea3d",
	24,
	25,
	32,
	"d2fb2a9a-66d5-45d3-bb91-fda21c44d14b");
INSERT INTO V_LOC
	VALUES ("eb55026e-f99c-45d0-91b0-5a425c084b99",
	25,
	10,
	17,
	"d2fb2a9a-66d5-45d3-bb91-fda21c44d14b");
INSERT INTO V_LOC
	VALUES ("b8d46bf7-10eb-497f-8b38-5151bdd29759",
	30,
	14,
	21,
	"d2fb2a9a-66d5-45d3-bb91-fda21c44d14b");
INSERT INTO V_LOC
	VALUES ("4a6b70fe-113f-49cd-9e72-3f3770c49d61",
	31,
	12,
	19,
	"d2fb2a9a-66d5-45d3-bb91-fda21c44d14b");
INSERT INTO V_LOC
	VALUES ("48bf9e4a-1506-4c1b-b3bf-419f3bc09cc1",
	32,
	5,
	12,
	"d2fb2a9a-66d5-45d3-bb91-fda21c44d14b");
INSERT INTO V_LOC
	VALUES ("1c687a43-cfd0-494a-a90e-bcf8103f445d",
	32,
	25,
	32,
	"d2fb2a9a-66d5-45d3-bb91-fda21c44d14b");
INSERT INTO V_LOC
	VALUES ("7f1b8b2d-ceae-49b8-b619-260735e4c52f",
	33,
	10,
	17,
	"d2fb2a9a-66d5-45d3-bb91-fda21c44d14b");
INSERT INTO V_VAR
	VALUES ("f1d2f521-a78c-4e86-a69e-9d6079a3ec44",
	"7f1108b0-48f1-4d4e-b5c0-db7a61a02879",
	'column',
	1,
	"1a2907d2-496f-482d-ba4d-df818f73d6fa");
INSERT INTO V_INT
	VALUES ("f1d2f521-a78c-4e86-a69e-9d6079a3ec44",
	0,
	"b7d2c815-d54e-475a-819c-5d9e6dbc66d5");
INSERT INTO V_LOC
	VALUES ("5f91fad6-9a8d-48de-aaa0-0b058faed730",
	21,
	14,
	19,
	"f1d2f521-a78c-4e86-a69e-9d6079a3ec44");
INSERT INTO V_LOC
	VALUES ("afbb9a8b-d192-4938-b914-312729534bbe",
	26,
	36,
	41,
	"f1d2f521-a78c-4e86-a69e-9d6079a3ec44");
INSERT INTO V_VAR
	VALUES ("e0fcfebe-afdb-4595-b0f6-afca7a3c261f",
	"7f1108b0-48f1-4d4e-b5c0-db7a61a02879",
	'box',
	1,
	"1a2907d2-496f-482d-ba4d-df818f73d6fa");
INSERT INTO V_INT
	VALUES ("e0fcfebe-afdb-4595-b0f6-afca7a3c261f",
	0,
	"83fd5a00-5820-4fb5-ade7-97f8217b945f");
INSERT INTO V_LOC
	VALUES ("14a62304-902f-4ae3-9049-99c282ec83d7",
	29,
	14,
	16,
	"e0fcfebe-afdb-4595-b0f6-afca7a3c261f");
INSERT INTO V_LOC
	VALUES ("42f774eb-166c-45d6-8f44-181bf46d63ac",
	34,
	33,
	35,
	"e0fcfebe-afdb-4595-b0f6-afca7a3c261f");
INSERT INTO ACT_BLK
	VALUES ("9e56b36f-f1c8-45b8-9647-bd6d7cd8f20b",
	0,
	0,
	0,
	'',
	'',
	'',
	17,
	5,
	0,
	0,
	0,
	0,
	0,
	0,
	0,
	0,
	0,
	0,
	0,
	"a72b9d80-aefb-41ea-968d-484cb4790e49",
	"00000000-0000-0000-0000-000000000000");
INSERT INTO ACT_SMT
	VALUES ("fd3d6e69-8ed2-4a0a-8dc4-5d6c723fa764",
	"9e56b36f-f1c8-45b8-9647-bd6d7cd8f20b",
	"b1d8f596-968f-4b81-bf2a-9ba8a23e8d49",
	16,
	5,
	'cell::unsolved line: 16');
INSERT INTO ACT_AI
	VALUES ("fd3d6e69-8ed2-4a0a-8dc4-5d6c723fa764",
	"ee834f01-dac2-4e80-bed8-31abe4587520",
	"676444a7-4222-4a34-ab59-b74f3a8a7a87",
	0,
	0);
INSERT INTO ACT_SMT
	VALUES ("b1d8f596-968f-4b81-bf2a-9ba8a23e8d49",
	"9e56b36f-f1c8-45b8-9647-bd6d7cd8f20b",
	"00000000-0000-0000-0000-000000000000",
	17,
	5,
	'cell::unsolved line: 17');
INSERT INTO ACT_IF
	VALUES ("b1d8f596-968f-4b81-bf2a-9ba8a23e8d49",
	"8c52f7e9-0278-43af-8bab-b356bd33527d",
	"e9a76736-4e7f-4b24-b4e6-6b9436e35e52",
	"00000000-0000-0000-0000-000000000000",
	"00000000-0000-0000-0000-000000000000");
INSERT INTO V_VAL
	VALUES ("2e6fdbca-b5ad-4a43-92d6-ab1e74072f65",
	1,
	0,
	16,
	5,
	12,
	0,
	0,
	0,
	0,
	"1a2907d2-496f-482d-ba4d-df818f73d6fa",
	"9e56b36f-f1c8-45b8-9647-bd6d7cd8f20b");
INSERT INTO V_IRF
	VALUES ("2e6fdbca-b5ad-4a43-92d6-ab1e74072f65",
	"d2fb2a9a-66d5-45d3-bb91-fda21c44d14b");
INSERT INTO V_VAL
	VALUES ("676444a7-4222-4a34-ab59-b74f3a8a7a87",
	1,
	0,
	16,
	14,
	21,
	0,
	0,
	0,
	0,
	"811f1dd7-74f0-407e-b449-939d0de5ee8d",
	"9e56b36f-f1c8-45b8-9647-bd6d7cd8f20b");
INSERT INTO V_AVL
	VALUES ("676444a7-4222-4a34-ab59-b74f3a8a7a87",
	"2e6fdbca-b5ad-4a43-92d6-ab1e74072f65",
	"03ac2337-ce3a-497f-a3de-92a1101b2208",
	"1d98774f-c8bd-4c43-8f75-530b0ff40265");
INSERT INTO V_VAL
	VALUES ("3bf2811f-1b80-424c-940c-12a02831852d",
	0,
	0,
	16,
	25,
	32,
	0,
	0,
	0,
	0,
	"1a2907d2-496f-482d-ba4d-df818f73d6fa",
	"9e56b36f-f1c8-45b8-9647-bd6d7cd8f20b");
INSERT INTO V_IRF
	VALUES ("3bf2811f-1b80-424c-940c-12a02831852d",
	"d2fb2a9a-66d5-45d3-bb91-fda21c44d14b");
INSERT INTO V_VAL
	VALUES ("eb059661-42a9-474e-9486-120e222193aa",
	0,
	0,
	16,
	34,
	41,
	0,
	0,
	0,
	0,
	"811f1dd7-74f0-407e-b449-939d0de5ee8d",
	"9e56b36f-f1c8-45b8-9647-bd6d7cd8f20b");
INSERT INTO V_AVL
	VALUES ("eb059661-42a9-474e-9486-120e222193aa",
	"3bf2811f-1b80-424c-940c-12a02831852d",
	"03ac2337-ce3a-497f-a3de-92a1101b2208",
	"1d98774f-c8bd-4c43-8f75-530b0ff40265");
INSERT INTO V_VAL
	VALUES ("ee834f01-dac2-4e80-bed8-31abe4587520",
	0,
	0,
	-1,
	-1,
	-1,
	0,
	0,
	0,
	0,
	"811f1dd7-74f0-407e-b449-939d0de5ee8d",
	"9e56b36f-f1c8-45b8-9647-bd6d7cd8f20b");
INSERT INTO V_BIN
	VALUES ("ee834f01-dac2-4e80-bed8-31abe4587520",
	"5330b1a6-45f8-4ea7-a691-576530774c6e",
	"eb059661-42a9-474e-9486-120e222193aa",
	'+');
INSERT INTO V_VAL
	VALUES ("5330b1a6-45f8-4ea7-a691-576530774c6e",
	0,
	0,
	16,
	45,
	45,
	0,
	0,
	0,
	0,
	"811f1dd7-74f0-407e-b449-939d0de5ee8d",
	"9e56b36f-f1c8-45b8-9647-bd6d7cd8f20b");
INSERT INTO V_LIN
	VALUES ("5330b1a6-45f8-4ea7-a691-576530774c6e",
	'1');
INSERT INTO V_VAL
	VALUES ("6cc50e21-bcd2-40a4-b5e2-d324e029fb6c",
	0,
	0,
	17,
	10,
	17,
	0,
	0,
	0,
	0,
	"1a2907d2-496f-482d-ba4d-df818f73d6fa",
	"9e56b36f-f1c8-45b8-9647-bd6d7cd8f20b");
INSERT INTO V_IRF
	VALUES ("6cc50e21-bcd2-40a4-b5e2-d324e029fb6c",
	"d2fb2a9a-66d5-45d3-bb91-fda21c44d14b");
INSERT INTO V_VAL
	VALUES ("cf8e0790-7614-499f-9d34-d1ea44c7c6eb",
	0,
	0,
	17,
	19,
	26,
	0,
	0,
	0,
	0,
	"811f1dd7-74f0-407e-b449-939d0de5ee8d",
	"9e56b36f-f1c8-45b8-9647-bd6d7cd8f20b");
INSERT INTO V_AVL
	VALUES ("cf8e0790-7614-499f-9d34-d1ea44c7c6eb",
	"6cc50e21-bcd2-40a4-b5e2-d324e029fb6c",
	"03ac2337-ce3a-497f-a3de-92a1101b2208",
	"1d98774f-c8bd-4c43-8f75-530b0ff40265");
INSERT INTO V_VAL
	VALUES ("e9a76736-4e7f-4b24-b4e6-6b9436e35e52",
	0,
	0,
	-1,
	-1,
	-1,
	0,
	0,
	0,
	0,
	"4e005777-df64-4279-9c02-400e239872b9",
	"9e56b36f-f1c8-45b8-9647-bd6d7cd8f20b");
INSERT INTO V_BIN
	VALUES ("e9a76736-4e7f-4b24-b4e6-6b9436e35e52",
	"3f0291c5-76be-4bdd-8f53-e8b5afb7fc8e",
	"cf8e0790-7614-499f-9d34-d1ea44c7c6eb",
	'<');
INSERT INTO V_VAL
	VALUES ("3f0291c5-76be-4bdd-8f53-e8b5afb7fc8e",
	0,
	0,
	17,
	30,
	30,
	0,
	0,
	0,
	0,
	"811f1dd7-74f0-407e-b449-939d0de5ee8d",
	"9e56b36f-f1c8-45b8-9647-bd6d7cd8f20b");
INSERT INTO V_LIN
	VALUES ("3f0291c5-76be-4bdd-8f53-e8b5afb7fc8e",
	'2');
INSERT INTO ACT_BLK
	VALUES ("8c52f7e9-0278-43af-8bab-b356bd33527d",
	0,
	0,
	0,
	'V_VAR.Var_ID',
	'',
	'',
	18,
	7,
	0,
	0,
	0,
	0,
	0,
	0,
	0,
	0,
	0,
	0,
	0,
	"a72b9d80-aefb-41ea-968d-484cb4790e49",
	"00000000-0000-0000-0000-000000000000");
INSERT INTO ACT_SMT
	VALUES ("59eb8f64-6a95-472a-8388-865cef3f0955",
	"8c52f7e9-0278-43af-8bab-b356bd33527d",
	"00000000-0000-0000-0000-000000000000",
	18,
	7,
	'cell::unsolved line: 18');
INSERT INTO E_ESS
	VALUES ("59eb8f64-6a95-472a-8388-865cef3f0955",
	1,
	0,
	18,
	16,
	18,
	21,
	0,
	0,
	0,
	0,
	0,
	0);
INSERT INTO E_GES
	VALUES ("59eb8f64-6a95-472a-8388-865cef3f0955");
INSERT INTO E_GSME
	VALUES ("59eb8f64-6a95-472a-8388-865cef3f0955",
	"3c0abb69-5aa0-487e-996b-7909858726cf",
	"07fc627f-b641-41fe-a1af-748fb116451e");
INSERT INTO E_GEN
	VALUES ("59eb8f64-6a95-472a-8388-865cef3f0955",
	"b3ef04b8-a3f2-4cbe-a43e-52065d961062");
INSERT INTO ACT_BLK
	VALUES ("3868755f-ff5c-4434-b730-b5437f2fec03",
	0,
	0,
	0,
	'',
	'',
	'',
	25,
	5,
	0,
	0,
	0,
	0,
	0,
	0,
	0,
	0,
	0,
	0,
	0,
	"a72b9d80-aefb-41ea-968d-484cb4790e49",
	"00000000-0000-0000-0000-000000000000");
INSERT INTO ACT_SMT
	VALUES ("2967d967-b8e4-4ead-8e5e-2f85678f9234",
	"3868755f-ff5c-4434-b730-b5437f2fec03",
	"5b73dc99-f8de-4e61-b50c-e32fa3fcda1b",
	24,
	5,
	'cell::unsolved line: 24');
INSERT INTO ACT_AI
	VALUES ("2967d967-b8e4-4ead-8e5e-2f85678f9234",
	"8f506b6d-c505-4745-8181-19c946b9d605",
	"42b7813f-2b3f-4770-828c-913d5fb8c214",
	0,
	0);
INSERT INTO ACT_SMT
	VALUES ("5b73dc99-f8de-4e61-b50c-e32fa3fcda1b",
	"3868755f-ff5c-4434-b730-b5437f2fec03",
	"00000000-0000-0000-0000-000000000000",
	25,
	5,
	'cell::unsolved line: 25');
INSERT INTO ACT_IF
	VALUES ("5b73dc99-f8de-4e61-b50c-e32fa3fcda1b",
	"d635ec00-573b-4652-af2a-e324e6f8094a",
	"3ec36904-fceb-4397-8a4f-32d381ca13c8",
	"00000000-0000-0000-0000-000000000000",
	"00000000-0000-0000-0000-000000000000");
INSERT INTO V_VAL
	VALUES ("eaa40582-7ed5-4c7a-900c-f825c9d1b7e5",
	1,
	0,
	24,
	5,
	12,
	0,
	0,
	0,
	0,
	"1a2907d2-496f-482d-ba4d-df818f73d6fa",
	"3868755f-ff5c-4434-b730-b5437f2fec03");
INSERT INTO V_IRF
	VALUES ("eaa40582-7ed5-4c7a-900c-f825c9d1b7e5",
	"d2fb2a9a-66d5-45d3-bb91-fda21c44d14b");
INSERT INTO V_VAL
	VALUES ("42b7813f-2b3f-4770-828c-913d5fb8c214",
	1,
	0,
	24,
	14,
	21,
	0,
	0,
	0,
	0,
	"811f1dd7-74f0-407e-b449-939d0de5ee8d",
	"3868755f-ff5c-4434-b730-b5437f2fec03");
INSERT INTO V_AVL
	VALUES ("42b7813f-2b3f-4770-828c-913d5fb8c214",
	"eaa40582-7ed5-4c7a-900c-f825c9d1b7e5",
	"03ac2337-ce3a-497f-a3de-92a1101b2208",
	"1d98774f-c8bd-4c43-8f75-530b0ff40265");
INSERT INTO V_VAL
	VALUES ("974bb56a-3dc7-4069-b812-3476348be558",
	0,
	0,
	24,
	25,
	32,
	0,
	0,
	0,
	0,
	"1a2907d2-496f-482d-ba4d-df818f73d6fa",
	"3868755f-ff5c-4434-b730-b5437f2fec03");
INSERT INTO V_IRF
	VALUES ("974bb56a-3dc7-4069-b812-3476348be558",
	"d2fb2a9a-66d5-45d3-bb91-fda21c44d14b");
INSERT INTO V_VAL
	VALUES ("a2ff5419-a804-4f9d-a8ec-c1fd3d5b2827",
	0,
	0,
	24,
	34,
	41,
	0,
	0,
	0,
	0,
	"811f1dd7-74f0-407e-b449-939d0de5ee8d",
	"3868755f-ff5c-4434-b730-b5437f2fec03");
INSERT INTO V_AVL
	VALUES ("a2ff5419-a804-4f9d-a8ec-c1fd3d5b2827",
	"974bb56a-3dc7-4069-b812-3476348be558",
	"03ac2337-ce3a-497f-a3de-92a1101b2208",
	"1d98774f-c8bd-4c43-8f75-530b0ff40265");
INSERT INTO V_VAL
	VALUES ("8f506b6d-c505-4745-8181-19c946b9d605",
	0,
	0,
	-1,
	-1,
	-1,
	0,
	0,
	0,
	0,
	"811f1dd7-74f0-407e-b449-939d0de5ee8d",
	"3868755f-ff5c-4434-b730-b5437f2fec03");
INSERT INTO V_BIN
	VALUES ("8f506b6d-c505-4745-8181-19c946b9d605",
	"cb96b739-f8e1-49ec-9f1f-f09a29d7f443",
	"a2ff5419-a804-4f9d-a8ec-c1fd3d5b2827",
	'+');
INSERT INTO V_VAL
	VALUES ("cb96b739-f8e1-49ec-9f1f-f09a29d7f443",
	0,
	0,
	24,
	45,
	45,
	0,
	0,
	0,
	0,
	"811f1dd7-74f0-407e-b449-939d0de5ee8d",
	"3868755f-ff5c-4434-b730-b5437f2fec03");
INSERT INTO V_LIN
	VALUES ("cb96b739-f8e1-49ec-9f1f-f09a29d7f443",
	'1');
INSERT INTO V_VAL
	VALUES ("d0707d38-2198-4446-89ff-a7f94e9ed620",
	0,
	0,
	25,
	10,
	17,
	0,
	0,
	0,
	0,
	"1a2907d2-496f-482d-ba4d-df818f73d6fa",
	"3868755f-ff5c-4434-b730-b5437f2fec03");
INSERT INTO V_IRF
	VALUES ("d0707d38-2198-4446-89ff-a7f94e9ed620",
	"d2fb2a9a-66d5-45d3-bb91-fda21c44d14b");
INSERT INTO V_VAL
	VALUES ("919b8096-4647-4f40-b4e2-17b927e0678f",
	0,
	0,
	25,
	19,
	26,
	0,
	0,
	0,
	0,
	"811f1dd7-74f0-407e-b449-939d0de5ee8d",
	"3868755f-ff5c-4434-b730-b5437f2fec03");
INSERT INTO V_AVL
	VALUES ("919b8096-4647-4f40-b4e2-17b927e0678f",
	"d0707d38-2198-4446-89ff-a7f94e9ed620",
	"03ac2337-ce3a-497f-a3de-92a1101b2208",
	"1d98774f-c8bd-4c43-8f75-530b0ff40265");
INSERT INTO V_VAL
	VALUES ("3ec36904-fceb-4397-8a4f-32d381ca13c8",
	0,
	0,
	-1,
	-1,
	-1,
	0,
	0,
	0,
	0,
	"4e005777-df64-4279-9c02-400e239872b9",
	"3868755f-ff5c-4434-b730-b5437f2fec03");
INSERT INTO V_BIN
	VALUES ("3ec36904-fceb-4397-8a4f-32d381ca13c8",
	"6abb68c3-74fe-4956-91d0-2556103ae16a",
	"919b8096-4647-4f40-b4e2-17b927e0678f",
	'<');
INSERT INTO V_VAL
	VALUES ("6abb68c3-74fe-4956-91d0-2556103ae16a",
	0,
	0,
	25,
	30,
	30,
	0,
	0,
	0,
	0,
	"811f1dd7-74f0-407e-b449-939d0de5ee8d",
	"3868755f-ff5c-4434-b730-b5437f2fec03");
INSERT INTO V_LIN
	VALUES ("6abb68c3-74fe-4956-91d0-2556103ae16a",
	'2');
INSERT INTO ACT_BLK
	VALUES ("d635ec00-573b-4652-af2a-e324e6f8094a",
	0,
	0,
	0,
	'V_VAR.Var_ID',
	'',
	'',
	26,
	7,
	0,
	0,
	0,
	0,
	0,
	0,
	0,
	0,
	0,
	0,
	0,
	"a72b9d80-aefb-41ea-968d-484cb4790e49",
	"00000000-0000-0000-0000-000000000000");
INSERT INTO ACT_SMT
	VALUES ("b0da67dd-d485-4dbe-91e0-c5041e063612",
	"d635ec00-573b-4652-af2a-e324e6f8094a",
	"00000000-0000-0000-0000-000000000000",
	26,
	7,
	'cell::unsolved line: 26');
INSERT INTO E_ESS
	VALUES ("b0da67dd-d485-4dbe-91e0-c5041e063612",
	1,
	0,
	26,
	16,
	26,
	24,
	0,
	0,
	0,
	0,
	0,
	0);
INSERT INTO E_GES
	VALUES ("b0da67dd-d485-4dbe-91e0-c5041e063612");
INSERT INTO E_GSME
	VALUES ("b0da67dd-d485-4dbe-91e0-c5041e063612",
	"ee87929d-8d33-409c-be82-b312e01b87ec",
	"191f3cac-3a11-4a29-a15a-2cf0b5518da2");
INSERT INTO E_GEN
	VALUES ("b0da67dd-d485-4dbe-91e0-c5041e063612",
	"f1d2f521-a78c-4e86-a69e-9d6079a3ec44");
INSERT INTO ACT_BLK
	VALUES ("26de78dd-8f9a-45bb-9664-84b15d6228bf",
	0,
	0,
	0,
	'',
	'',
	'',
	33,
	5,
	0,
	0,
	0,
	0,
	0,
	0,
	0,
	0,
	0,
	0,
	0,
	"a72b9d80-aefb-41ea-968d-484cb4790e49",
	"00000000-0000-0000-0000-000000000000");
INSERT INTO ACT_SMT
	VALUES ("9d5068e1-64b0-4806-a9b6-3a267671313a",
	"26de78dd-8f9a-45bb-9664-84b15d6228bf",
	"28bca63f-13ec-46f9-b3e4-4514dd9eeab4",
	32,
	5,
	'cell::unsolved line: 32');
INSERT INTO ACT_AI
	VALUES ("9d5068e1-64b0-4806-a9b6-3a267671313a",
	"190ff304-29f3-4f13-b5db-5b0fffa1de06",
	"8603374f-f028-463c-8a85-3d2e5f4d1e75",
	0,
	0);
INSERT INTO ACT_SMT
	VALUES ("28bca63f-13ec-46f9-b3e4-4514dd9eeab4",
	"26de78dd-8f9a-45bb-9664-84b15d6228bf",
	"00000000-0000-0000-0000-000000000000",
	33,
	5,
	'cell::unsolved line: 33');
INSERT INTO ACT_IF
	VALUES ("28bca63f-13ec-46f9-b3e4-4514dd9eeab4",
	"8183c6e6-9ca0-4c95-a2fa-b125264a0bd1",
	"4e9c105e-5021-47a4-9415-5e6decf6ce4d",
	"00000000-0000-0000-0000-000000000000",
	"00000000-0000-0000-0000-000000000000");
INSERT INTO V_VAL
	VALUES ("65283580-82c4-4974-8120-70009849c381",
	1,
	0,
	32,
	5,
	12,
	0,
	0,
	0,
	0,
	"1a2907d2-496f-482d-ba4d-df818f73d6fa",
	"26de78dd-8f9a-45bb-9664-84b15d6228bf");
INSERT INTO V_IRF
	VALUES ("65283580-82c4-4974-8120-70009849c381",
	"d2fb2a9a-66d5-45d3-bb91-fda21c44d14b");
INSERT INTO V_VAL
	VALUES ("8603374f-f028-463c-8a85-3d2e5f4d1e75",
	1,
	0,
	32,
	14,
	21,
	0,
	0,
	0,
	0,
	"811f1dd7-74f0-407e-b449-939d0de5ee8d",
	"26de78dd-8f9a-45bb-9664-84b15d6228bf");
INSERT INTO V_AVL
	VALUES ("8603374f-f028-463c-8a85-3d2e5f4d1e75",
	"65283580-82c4-4974-8120-70009849c381",
	"03ac2337-ce3a-497f-a3de-92a1101b2208",
	"1d98774f-c8bd-4c43-8f75-530b0ff40265");
INSERT INTO V_VAL
	VALUES ("2443a8ba-b632-4ae3-b0f1-3c3326f51f5a",
	0,
	0,
	32,
	25,
	32,
	0,
	0,
	0,
	0,
	"1a2907d2-496f-482d-ba4d-df818f73d6fa",
	"26de78dd-8f9a-45bb-9664-84b15d6228bf");
INSERT INTO V_IRF
	VALUES ("2443a8ba-b632-4ae3-b0f1-3c3326f51f5a",
	"d2fb2a9a-66d5-45d3-bb91-fda21c44d14b");
INSERT INTO V_VAL
	VALUES ("a7daf418-59a2-4133-a958-4790ea76bf64",
	0,
	0,
	32,
	34,
	41,
	0,
	0,
	0,
	0,
	"811f1dd7-74f0-407e-b449-939d0de5ee8d",
	"26de78dd-8f9a-45bb-9664-84b15d6228bf");
INSERT INTO V_AVL
	VALUES ("a7daf418-59a2-4133-a958-4790ea76bf64",
	"2443a8ba-b632-4ae3-b0f1-3c3326f51f5a",
	"03ac2337-ce3a-497f-a3de-92a1101b2208",
	"1d98774f-c8bd-4c43-8f75-530b0ff40265");
INSERT INTO V_VAL
	VALUES ("190ff304-29f3-4f13-b5db-5b0fffa1de06",
	0,
	0,
	-1,
	-1,
	-1,
	0,
	0,
	0,
	0,
	"811f1dd7-74f0-407e-b449-939d0de5ee8d",
	"26de78dd-8f9a-45bb-9664-84b15d6228bf");
INSERT INTO V_BIN
	VALUES ("190ff304-29f3-4f13-b5db-5b0fffa1de06",
	"13e63868-7d99-421c-a719-a8f23d973f75",
	"a7daf418-59a2-4133-a958-4790ea76bf64",
	'+');
INSERT INTO V_VAL
	VALUES ("13e63868-7d99-421c-a719-a8f23d973f75",
	0,
	0,
	32,
	45,
	45,
	0,
	0,
	0,
	0,
	"811f1dd7-74f0-407e-b449-939d0de5ee8d",
	"26de78dd-8f9a-45bb-9664-84b15d6228bf");
INSERT INTO V_LIN
	VALUES ("13e63868-7d99-421c-a719-a8f23d973f75",
	'1');
INSERT INTO V_VAL
	VALUES ("36e62678-6f83-44b0-9789-ca47195861b5",
	0,
	0,
	33,
	10,
	17,
	0,
	0,
	0,
	0,
	"1a2907d2-496f-482d-ba4d-df818f73d6fa",
	"26de78dd-8f9a-45bb-9664-84b15d6228bf");
INSERT INTO V_IRF
	VALUES ("36e62678-6f83-44b0-9789-ca47195861b5",
	"d2fb2a9a-66d5-45d3-bb91-fda21c44d14b");
INSERT INTO V_VAL
	VALUES ("a67b9c54-38c4-46c2-827e-d235b228215d",
	0,
	0,
	33,
	19,
	26,
	0,
	0,
	0,
	0,
	"811f1dd7-74f0-407e-b449-939d0de5ee8d",
	"26de78dd-8f9a-45bb-9664-84b15d6228bf");
INSERT INTO V_AVL
	VALUES ("a67b9c54-38c4-46c2-827e-d235b228215d",
	"36e62678-6f83-44b0-9789-ca47195861b5",
	"03ac2337-ce3a-497f-a3de-92a1101b2208",
	"1d98774f-c8bd-4c43-8f75-530b0ff40265");
INSERT INTO V_VAL
	VALUES ("4e9c105e-5021-47a4-9415-5e6decf6ce4d",
	0,
	0,
	-1,
	-1,
	-1,
	0,
	0,
	0,
	0,
	"4e005777-df64-4279-9c02-400e239872b9",
	"26de78dd-8f9a-45bb-9664-84b15d6228bf");
INSERT INTO V_BIN
	VALUES ("4e9c105e-5021-47a4-9415-5e6decf6ce4d",
	"3b682210-6498-439e-86c4-9539ddaef706",
	"a67b9c54-38c4-46c2-827e-d235b228215d",
	'<');
INSERT INTO V_VAL
	VALUES ("3b682210-6498-439e-86c4-9539ddaef706",
	0,
	0,
	33,
	30,
	30,
	0,
	0,
	0,
	0,
	"811f1dd7-74f0-407e-b449-939d0de5ee8d",
	"26de78dd-8f9a-45bb-9664-84b15d6228bf");
INSERT INTO V_LIN
	VALUES ("3b682210-6498-439e-86c4-9539ddaef706",
	'2');
INSERT INTO ACT_BLK
	VALUES ("8183c6e6-9ca0-4c95-a2fa-b125264a0bd1",
	0,
	0,
	0,
	'V_VAR.Var_ID',
	'',
	'',
	34,
	7,
	0,
	0,
	0,
	0,
	0,
	0,
	0,
	0,
	0,
	0,
	0,
	"a72b9d80-aefb-41ea-968d-484cb4790e49",
	"00000000-0000-0000-0000-000000000000");
INSERT INTO ACT_SMT
	VALUES ("5e395e84-6e40-4940-90ba-75dc82895cfb",
	"8183c6e6-9ca0-4c95-a2fa-b125264a0bd1",
	"00000000-0000-0000-0000-000000000000",
	34,
	7,
	'cell::unsolved line: 34');
INSERT INTO E_ESS
	VALUES ("5e395e84-6e40-4940-90ba-75dc82895cfb",
	1,
	0,
	34,
	16,
	34,
	21,
	0,
	0,
	0,
	0,
	0,
	0);
INSERT INTO E_GES
	VALUES ("5e395e84-6e40-4940-90ba-75dc82895cfb");
INSERT INTO E_GSME
	VALUES ("5e395e84-6e40-4940-90ba-75dc82895cfb",
	"4a74f6cd-a33f-407c-abac-8419734741c7",
	"415f7ffb-d246-4025-9868-5f83c77ba291");
INSERT INTO E_GEN
	VALUES ("5e395e84-6e40-4940-90ba-75dc82895cfb",
	"e0fcfebe-afdb-4595-b0f6-afca7a3c261f");
INSERT INTO SM_STATE
	VALUES ("91c5e5c2-3ee2-4ffb-a6a6-4bb09a98d31d",
	"38a56786-b1ce-4525-9ab4-c435268b709d",
	"00000000-0000-0000-0000-000000000000",
	'solved',
	2,
	0);
INSERT INTO SM_EIGN
	VALUES ("91c5e5c2-3ee2-4ffb-a6a6-4bb09a98d31d",
	"56858343-35b4-480e-be0f-3d01e945ea47",
	"38a56786-b1ce-4525-9ab4-c435268b709d",
	"00000000-0000-0000-0000-000000000000",
	'');
INSERT INTO SM_SEME
	VALUES ("91c5e5c2-3ee2-4ffb-a6a6-4bb09a98d31d",
	"56858343-35b4-480e-be0f-3d01e945ea47",
	"38a56786-b1ce-4525-9ab4-c435268b709d",
	"00000000-0000-0000-0000-000000000000");
INSERT INTO SM_EIGN
	VALUES ("91c5e5c2-3ee2-4ffb-a6a6-4bb09a98d31d",
	"b880666e-bcda-4fba-8388-07f062174ca2",
	"38a56786-b1ce-4525-9ab4-c435268b709d",
	"00000000-0000-0000-0000-000000000000",
	'');
INSERT INTO SM_SEME
	VALUES ("91c5e5c2-3ee2-4ffb-a6a6-4bb09a98d31d",
	"b880666e-bcda-4fba-8388-07f062174ca2",
	"38a56786-b1ce-4525-9ab4-c435268b709d",
	"00000000-0000-0000-0000-000000000000");
INSERT INTO SM_MOAH
	VALUES ("13d75677-ff3a-4049-8dcd-3768ca13364b",
	"38a56786-b1ce-4525-9ab4-c435268b709d",
	"91c5e5c2-3ee2-4ffb-a6a6-4bb09a98d31d");
INSERT INTO SM_AH
	VALUES ("13d75677-ff3a-4049-8dcd-3768ca13364b",
	"38a56786-b1ce-4525-9ab4-c435268b709d");
INSERT INTO SM_ACT
	VALUES ("13d75677-ff3a-4049-8dcd-3768ca13364b",
	"38a56786-b1ce-4525-9ab4-c435268b709d",
	1,
	'// An answer has been found, so remove the eligible
// digits which are now ineligible digits.

// Link in the answer.
// CDS:  Consider selecting across R8 here.
select any digit from instances of DIGIT 
  where ( selected.value == rcvd_evt.digit );
if ( not_empty digit )
  relate self to digit across R9;
end if;

// Unlink the other digits.  There can be only one answer.
select many ineligibles related by self->ELIGIBLE[R8];
for each ineligible in ineligibles
  select one digit related by ineligible->DIGIT[R8];
  unrelate self from digit across R8 using ineligible;
  // delete object instance ineligible;
end for;

// CDS:  Inform the row, col and box that there is a change.',
	'');
INSERT INTO ACT_SAB
	VALUES ("927c0aa5-5e67-49b3-b4b7-953222a61bf6",
	"38a56786-b1ce-4525-9ab4-c435268b709d",
	"13d75677-ff3a-4049-8dcd-3768ca13364b");
INSERT INTO ACT_ACT
	VALUES ("927c0aa5-5e67-49b3-b4b7-953222a61bf6",
	'state',
	0,
	"dface489-0cce-426b-9e63-dd93914f34fa",
	"00000000-0000-0000-0000-000000000000",
	0,
	'cell::solved',
	"00000000-0000-0000-0000-000000000000");
INSERT INTO ACT_BLK
	VALUES ("dface489-0cce-426b-9e63-dd93914f34fa",
	1,
	0,
	1,
	'',
	'',
	'',
	14,
	1,
	13,
	42,
	0,
	0,
	13,
	51,
	0,
	0,
	0,
	0,
	0,
	"927c0aa5-5e67-49b3-b4b7-953222a61bf6",
	"00000000-0000-0000-0000-000000000000");
INSERT INTO ACT_SMT
	VALUES ("4f1e512b-a864-4b36-9c07-e1e341099acd",
	"dface489-0cce-426b-9e63-dd93914f34fa",
	"dd31da25-8d8e-4445-b51e-746b3248e1f8",
	6,
	1,
	'cell::solved line: 6');
INSERT INTO ACT_FIW
	VALUES ("4f1e512b-a864-4b36-9c07-e1e341099acd",
	"678d6815-22e2-4df0-8f3a-581ca736e488",
	1,
	'any',
	"d3d3e5d9-3cb8-4463-a443-f4d990108cbd",
	"8a59e2de-6f5d-4937-ade5-f1ace45cc756",
	6,
	36);
INSERT INTO ACT_SMT
	VALUES ("dd31da25-8d8e-4445-b51e-746b3248e1f8",
	"dface489-0cce-426b-9e63-dd93914f34fa",
	"064bf3ae-b3aa-4d0f-ba4e-0465b5bd1f20",
	8,
	1,
	'cell::solved line: 8');
INSERT INTO ACT_IF
	VALUES ("dd31da25-8d8e-4445-b51e-746b3248e1f8",
	"801716da-afa4-42ca-ac8d-1885ab9077dd",
	"28fdc961-3d51-45e0-a103-291cbcba6761",
	"00000000-0000-0000-0000-000000000000",
	"00000000-0000-0000-0000-000000000000");
INSERT INTO ACT_SMT
	VALUES ("064bf3ae-b3aa-4d0f-ba4e-0465b5bd1f20",
	"dface489-0cce-426b-9e63-dd93914f34fa",
	"42e511ef-948a-4b95-b6c6-9101690c6610",
	13,
	1,
	'cell::solved line: 13');
INSERT INTO ACT_SEL
	VALUES ("064bf3ae-b3aa-4d0f-ba4e-0465b5bd1f20",
	"0777b40b-cabf-449b-aad7-f360009e6ae9",
	1,
	'many',
	"5efc80e1-3f77-4d5d-ad10-416747d90b8e");
INSERT INTO ACT_SR
	VALUES ("064bf3ae-b3aa-4d0f-ba4e-0465b5bd1f20");
INSERT INTO ACT_LNK
	VALUES ("22725cc0-186d-4b01-9003-674817cca3c5",
	'',
	"064bf3ae-b3aa-4d0f-ba4e-0465b5bd1f20",
	"62a93566-2203-4db8-ba18-f7c15ca2072a",
	"00000000-0000-0000-0000-000000000000",
	3,
	"7dfbb9fe-d109-4356-a43c-8a02617ad46a",
	13,
	42,
	13,
	51,
	0,
	0);
INSERT INTO ACT_SMT
	VALUES ("42e511ef-948a-4b95-b6c6-9101690c6610",
	"dface489-0cce-426b-9e63-dd93914f34fa",
	"00000000-0000-0000-0000-000000000000",
	14,
	1,
	'cell::solved line: 14');
INSERT INTO ACT_FOR
	VALUES ("42e511ef-948a-4b95-b6c6-9101690c6610",
	"ddc7b843-2c84-4c17-a88d-21a4bf63d0ea",
	1,
	"cfbf1469-da2a-4983-b7b1-0c541792f4ba",
	"0777b40b-cabf-449b-aad7-f360009e6ae9",
	"7dfbb9fe-d109-4356-a43c-8a02617ad46a");
INSERT INTO V_VAL
	VALUES ("1d4bad50-00c9-436f-a0d9-d82537a86a34",
	0,
	0,
	7,
	11,
	-1,
	0,
	0,
	0,
	0,
	"1a2907d2-496f-482d-ba4d-df818f73d6fa",
	"dface489-0cce-426b-9e63-dd93914f34fa");
INSERT INTO V_SLR
	VALUES ("1d4bad50-00c9-436f-a0d9-d82537a86a34",
	"00000000-0000-0000-0000-000000000000",
	"00000000-0000-0000-0000-000000000000",
	"00000000-0000-0000-0000-000000000000");
INSERT INTO V_VAL
	VALUES ("03925ebe-eb4c-4305-a443-ff890fcb88fa",
	0,
	0,
	7,
	20,
	24,
	0,
	0,
	0,
	0,
	"811f1dd7-74f0-407e-b449-939d0de5ee8d",
	"dface489-0cce-426b-9e63-dd93914f34fa");
INSERT INTO V_AVL
	VALUES ("03925ebe-eb4c-4305-a443-ff890fcb88fa",
	"1d4bad50-00c9-436f-a0d9-d82537a86a34",
	"8a59e2de-6f5d-4937-ade5-f1ace45cc756",
	"53e80efe-cb6c-4332-b046-1ba6f6005b30");
INSERT INTO V_VAL
	VALUES ("d3d3e5d9-3cb8-4463-a443-f4d990108cbd",
	0,
	0,
	-1,
	-1,
	-1,
	0,
	0,
	0,
	0,
	"4e005777-df64-4279-9c02-400e239872b9",
	"dface489-0cce-426b-9e63-dd93914f34fa");
INSERT INTO V_BIN
	VALUES ("d3d3e5d9-3cb8-4463-a443-f4d990108cbd",
	"8cf3fcb4-7941-423d-a98a-727b46e82f0a",
	"03925ebe-eb4c-4305-a443-ff890fcb88fa",
	'==');
INSERT INTO V_VAL
	VALUES ("8cf3fcb4-7941-423d-a98a-727b46e82f0a",
	0,
	0,
	7,
	38,
	42,
	0,
	0,
	0,
	0,
	"811f1dd7-74f0-407e-b449-939d0de5ee8d",
	"dface489-0cce-426b-9e63-dd93914f34fa");
INSERT INTO V_EDV
	VALUES ("8cf3fcb4-7941-423d-a98a-727b46e82f0a");
INSERT INTO V_EPR
	VALUES ("8cf3fcb4-7941-423d-a98a-727b46e82f0a",
	"38a56786-b1ce-4525-9ab4-c435268b709d",
	"f99fa5af-b480-4772-9cb8-0a2fdf9d66a8",
	"00000000-0000-0000-0000-000000000000");
INSERT INTO V_VAL
	VALUES ("b876aec3-bdf3-41a8-a141-9f7857c75158",
	0,
	0,
	8,
	16,
	20,
	0,
	0,
	0,
	0,
	"1a2907d2-496f-482d-ba4d-df818f73d6fa",
	"dface489-0cce-426b-9e63-dd93914f34fa");
INSERT INTO V_IRF
	VALUES ("b876aec3-bdf3-41a8-a141-9f7857c75158",
	"678d6815-22e2-4df0-8f3a-581ca736e488");
INSERT INTO V_VAL
	VALUES ("28fdc961-3d51-45e0-a103-291cbcba6761",
	0,
	0,
	-1,
	-1,
	-1,
	0,
	0,
	0,
	0,
	"4e005777-df64-4279-9c02-400e239872b9",
	"dface489-0cce-426b-9e63-dd93914f34fa");
INSERT INTO V_UNY
	VALUES ("28fdc961-3d51-45e0-a103-291cbcba6761",
	"b876aec3-bdf3-41a8-a141-9f7857c75158",
	'not_empty');
INSERT INTO V_VAL
	VALUES ("5efc80e1-3f77-4d5d-ad10-416747d90b8e",
	0,
	0,
	13,
	36,
	39,
	0,
	0,
	0,
	0,
	"1a2907d2-496f-482d-ba4d-df818f73d6fa",
	"dface489-0cce-426b-9e63-dd93914f34fa");
INSERT INTO V_IRF
	VALUES ("5efc80e1-3f77-4d5d-ad10-416747d90b8e",
	"c8516d0c-2d2e-429a-b517-2fa058c5a7f9");
INSERT INTO V_VAR
	VALUES ("678d6815-22e2-4df0-8f3a-581ca736e488",
	"dface489-0cce-426b-9e63-dd93914f34fa",
	'digit',
	1,
	"1a2907d2-496f-482d-ba4d-df818f73d6fa");
INSERT INTO V_INT
	VALUES ("678d6815-22e2-4df0-8f3a-581ca736e488",
	0,
	"8a59e2de-6f5d-4937-ade5-f1ace45cc756");
INSERT INTO V_LOC
	VALUES ("f513517c-7d6d-46f0-ae7b-ab15b9f759d3",
	6,
	12,
	16,
	"678d6815-22e2-4df0-8f3a-581ca736e488");
INSERT INTO V_LOC
	VALUES ("bb60af96-b094-422c-8745-74b7e54c4f5c",
	9,
	18,
	22,
	"678d6815-22e2-4df0-8f3a-581ca736e488");
INSERT INTO V_LOC
	VALUES ("f0bfe317-7dd4-4962-9dd3-8bfd4b8e277d",
	15,
	14,
	18,
	"678d6815-22e2-4df0-8f3a-581ca736e488");
INSERT INTO V_LOC
	VALUES ("a31f6e25-174f-4036-8b47-60da8a905a41",
	16,
	22,
	26,
	"678d6815-22e2-4df0-8f3a-581ca736e488");
INSERT INTO V_VAR
	VALUES ("c8516d0c-2d2e-429a-b517-2fa058c5a7f9",
	"dface489-0cce-426b-9e63-dd93914f34fa",
	'self',
	1,
	"1a2907d2-496f-482d-ba4d-df818f73d6fa");
INSERT INTO V_INT
	VALUES ("c8516d0c-2d2e-429a-b517-2fa058c5a7f9",
	0,
	"e488047e-8d3e-455c-a7e9-29120bad505f");
INSERT INTO V_LOC
	VALUES ("c074b6e5-7759-4a97-946c-693aae7c7d01",
	9,
	10,
	13,
	"c8516d0c-2d2e-429a-b517-2fa058c5a7f9");
INSERT INTO V_LOC
	VALUES ("c9d29f46-1b44-428d-a0ad-bfc954bb460c",
	16,
	12,
	15,
	"c8516d0c-2d2e-429a-b517-2fa058c5a7f9");
INSERT INTO V_VAR
	VALUES ("0777b40b-cabf-449b-aad7-f360009e6ae9",
	"dface489-0cce-426b-9e63-dd93914f34fa",
	'ineligibles',
	1,
	"bd7c827f-c0a0-4115-8268-33db6654fef9");
INSERT INTO V_INS
	VALUES ("0777b40b-cabf-449b-aad7-f360009e6ae9",
	"7dfbb9fe-d109-4356-a43c-8a02617ad46a");
INSERT INTO V_LOC
	VALUES ("f19dcdc4-46a2-498c-a24a-5c8cb60bef40",
	13,
	13,
	23,
	"0777b40b-cabf-449b-aad7-f360009e6ae9");
INSERT INTO V_LOC
	VALUES ("6c02d70f-07a1-4372-a6a2-e5da0568f8b2",
	14,
	24,
	34,
	"0777b40b-cabf-449b-aad7-f360009e6ae9");
INSERT INTO V_VAR
	VALUES ("cfbf1469-da2a-4983-b7b1-0c541792f4ba",
	"dface489-0cce-426b-9e63-dd93914f34fa",
	'ineligible',
	1,
	"1a2907d2-496f-482d-ba4d-df818f73d6fa");
INSERT INTO V_INT
	VALUES ("cfbf1469-da2a-4983-b7b1-0c541792f4ba",
	1,
	"7dfbb9fe-d109-4356-a43c-8a02617ad46a");
INSERT INTO V_LOC
	VALUES ("8acecbba-e0e1-43ed-9d5f-d029dbcfc7be",
	14,
	10,
	19,
	"cfbf1469-da2a-4983-b7b1-0c541792f4ba");
INSERT INTO V_LOC
	VALUES ("8bc4abbf-6bf8-4941-b99d-41f28510f9d4",
	16,
	44,
	53,
	"cfbf1469-da2a-4983-b7b1-0c541792f4ba");
INSERT INTO ACT_BLK
	VALUES ("801716da-afa4-42ca-ac8d-1885ab9077dd",
	0,
	0,
	0,
	'',
	'',
	'',
	9,
	3,
	0,
	0,
	0,
	0,
	9,
	31,
	0,
	0,
	0,
	0,
	0,
	"927c0aa5-5e67-49b3-b4b7-953222a61bf6",
	"00000000-0000-0000-0000-000000000000");
INSERT INTO ACT_SMT
	VALUES ("0a5611de-0639-48b7-ba65-f3b9fa128641",
	"801716da-afa4-42ca-ac8d-1885ab9077dd",
	"00000000-0000-0000-0000-000000000000",
	9,
	3,
	'cell::solved line: 9');
INSERT INTO ACT_REL
	VALUES ("0a5611de-0639-48b7-ba65-f3b9fa128641",
	"c8516d0c-2d2e-429a-b517-2fa058c5a7f9",
	"678d6815-22e2-4df0-8f3a-581ca736e488",
	'',
	"52e5a3de-5d5d-4eaf-a076-5b96609c9130",
	9,
	31,
	0,
	0);
INSERT INTO ACT_BLK
	VALUES ("ddc7b843-2c84-4c17-a88d-21a4bf63d0ea",
	1,
	0,
	0,
	'',
	'',
	'',
	16,
	3,
	15,
	43,
	0,
	0,
	16,
	35,
	0,
	0,
	0,
	0,
	0,
	"927c0aa5-5e67-49b3-b4b7-953222a61bf6",
	"00000000-0000-0000-0000-000000000000");
INSERT INTO ACT_SMT
	VALUES ("7a304358-c4ac-4e53-95a5-451aab622f45",
	"ddc7b843-2c84-4c17-a88d-21a4bf63d0ea",
	"6574a206-994d-4ea8-a32c-588dcb7dd6ca",
	15,
	3,
	'cell::solved line: 15');
INSERT INTO ACT_SEL
	VALUES ("7a304358-c4ac-4e53-95a5-451aab622f45",
	"678d6815-22e2-4df0-8f3a-581ca736e488",
	0,
	'one',
	"8e614882-5b1f-46bf-9cfd-b49e39b32e54");
INSERT INTO ACT_SR
	VALUES ("7a304358-c4ac-4e53-95a5-451aab622f45");
INSERT INTO ACT_LNK
	VALUES ("9c4d0f44-2675-4686-b188-a291071fa35c",
	'',
	"7a304358-c4ac-4e53-95a5-451aab622f45",
	"62a93566-2203-4db8-ba18-f7c15ca2072a",
	"00000000-0000-0000-0000-000000000000",
	2,
	"8a59e2de-6f5d-4937-ade5-f1ace45cc756",
	15,
	43,
	15,
	49,
	0,
	0);
INSERT INTO ACT_SMT
	VALUES ("6574a206-994d-4ea8-a32c-588dcb7dd6ca",
	"ddc7b843-2c84-4c17-a88d-21a4bf63d0ea",
	"00000000-0000-0000-0000-000000000000",
	16,
	3,
	'cell::solved line: 16');
INSERT INTO ACT_URU
	VALUES ("6574a206-994d-4ea8-a32c-588dcb7dd6ca",
	"c8516d0c-2d2e-429a-b517-2fa058c5a7f9",
	"678d6815-22e2-4df0-8f3a-581ca736e488",
	"cfbf1469-da2a-4983-b7b1-0c541792f4ba",
	'',
	"62a93566-2203-4db8-ba18-f7c15ca2072a",
	16,
	35,
	0,
	0);
INSERT INTO V_VAL
	VALUES ("8e614882-5b1f-46bf-9cfd-b49e39b32e54",
	0,
	0,
	15,
	31,
	40,
	0,
	0,
	0,
	0,
	"1a2907d2-496f-482d-ba4d-df818f73d6fa",
	"ddc7b843-2c84-4c17-a88d-21a4bf63d0ea");
INSERT INTO V_IRF
	VALUES ("8e614882-5b1f-46bf-9cfd-b49e39b32e54",
	"cfbf1469-da2a-4983-b7b1-0c541792f4ba");
INSERT INTO SM_NSTXN
	VALUES ("e521c9ef-2856-4add-abd0-578de8f4a5a2",
	"38a56786-b1ce-4525-9ab4-c435268b709d",
	"1882dec4-d8a0-450d-8a4d-dc904d23c77d",
	"b880666e-bcda-4fba-8388-07f062174ca2",
	"00000000-0000-0000-0000-000000000000");
INSERT INTO SM_TAH
	VALUES ("373a58e8-9dce-453e-b405-88c35d4976c6",
	"38a56786-b1ce-4525-9ab4-c435268b709d",
	"e521c9ef-2856-4add-abd0-578de8f4a5a2");
INSERT INTO SM_AH
	VALUES ("373a58e8-9dce-453e-b405-88c35d4976c6",
	"38a56786-b1ce-4525-9ab4-c435268b709d");
INSERT INTO SM_ACT
	VALUES ("373a58e8-9dce-453e-b405-88c35d4976c6",
	"38a56786-b1ce-4525-9ab4-c435268b709d",
	1,
	'',
	'');
INSERT INTO ACT_TAB
	VALUES ("a15a2999-fe67-42a7-b2a8-58a39df8698e",
	"38a56786-b1ce-4525-9ab4-c435268b709d",
	"373a58e8-9dce-453e-b405-88c35d4976c6");
INSERT INTO ACT_ACT
	VALUES ("a15a2999-fe67-42a7-b2a8-58a39df8698e",
	'transition',
	0,
	"1af87d13-e66b-4fbf-bfda-219ee311d88b",
	"00000000-0000-0000-0000-000000000000",
	0,
	'CELL2: answer in unsolved to solved',
	"00000000-0000-0000-0000-000000000000");
INSERT INTO ACT_BLK
	VALUES ("1af87d13-e66b-4fbf-bfda-219ee311d88b",
	0,
	0,
	0,
	'',
	'',
	'',
	0,
	0,
	0,
	0,
	0,
	0,
	0,
	0,
	0,
	0,
	0,
	0,
	0,
	"a15a2999-fe67-42a7-b2a8-58a39df8698e",
	"00000000-0000-0000-0000-000000000000");
INSERT INTO SM_TXN
	VALUES ("e521c9ef-2856-4add-abd0-578de8f4a5a2",
	"38a56786-b1ce-4525-9ab4-c435268b709d",
	"91c5e5c2-3ee2-4ffb-a6a6-4bb09a98d31d",
	"00000000-0000-0000-0000-000000000000");
INSERT INTO SM_NSTXN
	VALUES ("fcbcef97-5c16-4abb-8e4a-0b141069f8e1",
	"38a56786-b1ce-4525-9ab4-c435268b709d",
	"1882dec4-d8a0-450d-8a4d-dc904d23c77d",
	"56858343-35b4-480e-be0f-3d01e945ea47",
	"00000000-0000-0000-0000-000000000000");
INSERT INTO SM_TAH
	VALUES ("e79409d3-8f48-4577-8be0-5b6664fdb5bf",
	"38a56786-b1ce-4525-9ab4-c435268b709d",
	"fcbcef97-5c16-4abb-8e4a-0b141069f8e1");
INSERT INTO SM_AH
	VALUES ("e79409d3-8f48-4577-8be0-5b6664fdb5bf",
	"38a56786-b1ce-4525-9ab4-c435268b709d");
INSERT INTO SM_ACT
	VALUES ("e79409d3-8f48-4577-8be0-5b6664fdb5bf",
	"38a56786-b1ce-4525-9ab4-c435268b709d",
	1,
	'',
	'');
INSERT INTO ACT_TAB
	VALUES ("70c32b14-7e09-4197-945f-cb07c34605ba",
	"38a56786-b1ce-4525-9ab4-c435268b709d",
	"e79409d3-8f48-4577-8be0-5b6664fdb5bf");
INSERT INTO ACT_ACT
	VALUES ("70c32b14-7e09-4197-945f-cb07c34605ba",
	'transition',
	0,
	"c8ecc2e8-dd95-4ad8-81fc-1ef6f4c27728",
	"00000000-0000-0000-0000-000000000000",
	0,
	'CELL1: eliminate in unsolved to unsolved',
	"00000000-0000-0000-0000-000000000000");
INSERT INTO ACT_BLK
	VALUES ("c8ecc2e8-dd95-4ad8-81fc-1ef6f4c27728",
	0,
	0,
	0,
	'',
	'',
	'',
	0,
	0,
	0,
	0,
	0,
	0,
	0,
	0,
	0,
	0,
	0,
	0,
	0,
	"70c32b14-7e09-4197-945f-cb07c34605ba",
	"00000000-0000-0000-0000-000000000000");
INSERT INTO SM_TXN
	VALUES ("fcbcef97-5c16-4abb-8e4a-0b141069f8e1",
	"38a56786-b1ce-4525-9ab4-c435268b709d",
	"1882dec4-d8a0-450d-8a4d-dc904d23c77d",
	"00000000-0000-0000-0000-000000000000");
INSERT INTO O_OBJ
	VALUES ("b7d2c815-d54e-475a-819c-5d9e6dbc66d5",
	'column',
	3,
	'COLUMN',
	'',
	"3d0162a5-1c20-4ddf-8686-ff9d4c06e6a1");
INSERT INTO O_TFR
	VALUES ("477fe3eb-500d-4bd6-b226-d1d06d05d9ea",
	"b7d2c815-d54e-475a-819c-5d9e6dbc66d5",
	'prune',
	'',
	"811f1dd7-74f0-407e-b449-939d0de5ee8d",
	1,
	'// Eliminate eligible digits that match any answer digit for this sequence.

temperature = 0;
select many answerdigits related by self->CELL[R3]->DIGIT[R9] where ( selected.value != 0 );
select many eligibles related by self->CELL[R3]->ELIGIBLE[R8];
for each eligible in eligibles
  for each answerdigit in answerdigits
    if ( eligible.digit_value == answerdigit.value )
      select one opencell related by eligible->CELL[R8];
      if ( opencell.answer_value != eligible.digit_value )
        unrelate answerdigit from opencell across R8 using eligible;
        delete object instance eligible;
        //generate CELL1:eliminate( digit:answerdigit.value ) to opencell;
      end if;
      temperature = 1;
      break;
    end if;
  end for;
end for;
  
select many opencells related by self->CELL[R3]
  where ( selected.answer_value == 0 );
if ( empty opencells )
  temperature = 100;
end if;
for each opencell in opencells
  // Notice if we have the answer now.
  select many eligibles related by opencell->ELIGIBLE[R8];
  c = cardinality eligibles;
  if ( 1 == c )
    select any answer related by opencell->ELIGIBLE[R8];
    opencell.answer( answer_digit:answer.digit_value );
    //generate CELL2:answer( digit:answer.digit_value ) to opencell;
    temperature = 1;
  end if;
end for;

return temperature;
',
	1,
	'',
	"3bc8ba55-c728-4dd2-9472-84165cae4da9");
INSERT INTO ACT_OPB
	VALUES ("a5da23c6-e8e0-4316-8264-056e5a82b1fb",
	"477fe3eb-500d-4bd6-b226-d1d06d05d9ea");
INSERT INTO ACT_ACT
	VALUES ("a5da23c6-e8e0-4316-8264-056e5a82b1fb",
	'operation',
	0,
	"936dd600-59d9-4e07-b5a3-bf6e315d50b1",
	"00000000-0000-0000-0000-000000000000",
	0,
	'column::prune',
	"00000000-0000-0000-0000-000000000000");
INSERT INTO ACT_BLK
	VALUES ("936dd600-59d9-4e07-b5a3-bf6e315d50b1",
	1,
	0,
	1,
	'',
	'',
	'',
	38,
	1,
	21,
	40,
	0,
	0,
	21,
	45,
	0,
	0,
	0,
	0,
	0,
	"a5da23c6-e8e0-4316-8264-056e5a82b1fb",
	"00000000-0000-0000-0000-000000000000");
INSERT INTO ACT_SMT
	VALUES ("4e1346a5-31ca-4508-9dcf-ca57a9910226",
	"936dd600-59d9-4e07-b5a3-bf6e315d50b1",
	"9177b21a-62bb-48b9-86fa-8741a56920ae",
	3,
	1,
	'column::prune line: 3');
INSERT INTO ACT_AI
	VALUES ("4e1346a5-31ca-4508-9dcf-ca57a9910226",
	"f8941ea5-7907-4ba9-8e77-42ff7097a3ce",
	"ef48198c-1cc3-490f-ab21-f7aabcbc449e",
	0,
	0);
INSERT INTO ACT_SMT
	VALUES ("9177b21a-62bb-48b9-86fa-8741a56920ae",
	"936dd600-59d9-4e07-b5a3-bf6e315d50b1",
	"348a8ec3-de11-4859-a46b-a6042de02bca",
	4,
	1,
	'column::prune line: 4');
INSERT INTO ACT_SEL
	VALUES ("9177b21a-62bb-48b9-86fa-8741a56920ae",
	"c70cb664-ca38-41a8-a57e-96ce7435083a",
	1,
	'many',
	"e2b5fe69-9467-4913-b451-0aee8adbdf56");
INSERT INTO ACT_SRW
	VALUES ("9177b21a-62bb-48b9-86fa-8741a56920ae",
	"3fd513fc-e899-4d27-af45-adb31f0d2d05");
INSERT INTO ACT_LNK
	VALUES ("04d603c1-8d47-4bf5-bef8-e75844722b58",
	'',
	"9177b21a-62bb-48b9-86fa-8741a56920ae",
	"750a2939-f0a1-475a-a387-d099bd4f6edb",
	"5865b82f-fa45-430c-a336-a1078054b171",
	3,
	"e488047e-8d3e-455c-a7e9-29120bad505f",
	4,
	43,
	4,
	48,
	0,
	0);
INSERT INTO ACT_LNK
	VALUES ("5865b82f-fa45-430c-a336-a1078054b171",
	'',
	"00000000-0000-0000-0000-000000000000",
	"52e5a3de-5d5d-4eaf-a076-5b96609c9130",
	"00000000-0000-0000-0000-000000000000",
	2,
	"8a59e2de-6f5d-4937-ade5-f1ace45cc756",
	4,
	53,
	4,
	59,
	0,
	0);
INSERT INTO ACT_SMT
	VALUES ("348a8ec3-de11-4859-a46b-a6042de02bca",
	"936dd600-59d9-4e07-b5a3-bf6e315d50b1",
	"43ea790a-db6c-4e8c-8ccb-d81c0e9c2901",
	5,
	1,
	'column::prune line: 5');
INSERT INTO ACT_SEL
	VALUES ("348a8ec3-de11-4859-a46b-a6042de02bca",
	"ab1aa35b-797e-4703-915f-e3ebdf92bee3",
	1,
	'many',
	"3c9d6df2-1fd6-48c2-a777-884285dc1acb");
INSERT INTO ACT_SR
	VALUES ("348a8ec3-de11-4859-a46b-a6042de02bca");
INSERT INTO ACT_LNK
	VALUES ("37e8a9ef-c073-4b5a-82b8-503b4f8be746",
	'',
	"348a8ec3-de11-4859-a46b-a6042de02bca",
	"750a2939-f0a1-475a-a387-d099bd4f6edb",
	"2b0da6ea-e1ca-4593-a3bb-3598095938f8",
	3,
	"e488047e-8d3e-455c-a7e9-29120bad505f",
	5,
	40,
	5,
	45,
	0,
	0);
INSERT INTO ACT_LNK
	VALUES ("2b0da6ea-e1ca-4593-a3bb-3598095938f8",
	'',
	"00000000-0000-0000-0000-000000000000",
	"62a93566-2203-4db8-ba18-f7c15ca2072a",
	"00000000-0000-0000-0000-000000000000",
	3,
	"7dfbb9fe-d109-4356-a43c-8a02617ad46a",
	5,
	50,
	5,
	59,
	0,
	0);
INSERT INTO ACT_SMT
	VALUES ("43ea790a-db6c-4e8c-8ccb-d81c0e9c2901",
	"936dd600-59d9-4e07-b5a3-bf6e315d50b1",
	"206c72ae-f743-44da-bb50-de1773504e22",
	6,
	1,
	'column::prune line: 6');
INSERT INTO ACT_FOR
	VALUES ("43ea790a-db6c-4e8c-8ccb-d81c0e9c2901",
	"61442388-2900-4a56-980c-b9b17b521946",
	1,
	"07185978-6274-4a61-851a-ccf092d780a1",
	"ab1aa35b-797e-4703-915f-e3ebdf92bee3",
	"7dfbb9fe-d109-4356-a43c-8a02617ad46a");
INSERT INTO ACT_SMT
	VALUES ("206c72ae-f743-44da-bb50-de1773504e22",
	"936dd600-59d9-4e07-b5a3-bf6e315d50b1",
	"59e627c0-59a1-4f38-a8c5-2ef282878c6c",
	21,
	1,
	'column::prune line: 21');
INSERT INTO ACT_SEL
	VALUES ("206c72ae-f743-44da-bb50-de1773504e22",
	"bcaffa82-04c6-4952-ae27-e4b2fa46674b",
	1,
	'many',
	"9a91d557-da50-418f-8e96-fe91cb05fd8f");
INSERT INTO ACT_SRW
	VALUES ("206c72ae-f743-44da-bb50-de1773504e22",
	"0445ac4c-7192-4bc5-ac84-f2846c1deab5");
INSERT INTO ACT_LNK
	VALUES ("fb34a9a0-70db-4bff-bd7b-a6a397d8bdf3",
	'',
	"206c72ae-f743-44da-bb50-de1773504e22",
	"750a2939-f0a1-475a-a387-d099bd4f6edb",
	"00000000-0000-0000-0000-000000000000",
	3,
	"e488047e-8d3e-455c-a7e9-29120bad505f",
	21,
	40,
	21,
	45,
	0,
	0);
INSERT INTO ACT_SMT
	VALUES ("59e627c0-59a1-4f38-a8c5-2ef282878c6c",
	"936dd600-59d9-4e07-b5a3-bf6e315d50b1",
	"b17ee145-6959-4c6b-bb68-21ad16df59f1",
	23,
	1,
	'column::prune line: 23');
INSERT INTO ACT_IF
	VALUES ("59e627c0-59a1-4f38-a8c5-2ef282878c6c",
	"075138a7-7f46-41ba-b7de-09f18a166281",
	"759461b8-cb88-48e0-9bbc-a7e31ffa409e",
	"00000000-0000-0000-0000-000000000000",
	"00000000-0000-0000-0000-000000000000");
INSERT INTO ACT_SMT
	VALUES ("b17ee145-6959-4c6b-bb68-21ad16df59f1",
	"936dd600-59d9-4e07-b5a3-bf6e315d50b1",
	"535962cc-2121-45bc-8cda-48e63ae8186d",
	26,
	1,
	'column::prune line: 26');
INSERT INTO ACT_FOR
	VALUES ("b17ee145-6959-4c6b-bb68-21ad16df59f1",
	"6b4499a9-5b71-451a-bd96-0a26cbe7d2b1",
	1,
	"8e69fb9f-61b5-4f97-8675-dd0050000a02",
	"bcaffa82-04c6-4952-ae27-e4b2fa46674b",
	"e488047e-8d3e-455c-a7e9-29120bad505f");
INSERT INTO ACT_SMT
	VALUES ("535962cc-2121-45bc-8cda-48e63ae8186d",
	"936dd600-59d9-4e07-b5a3-bf6e315d50b1",
	"00000000-0000-0000-0000-000000000000",
	38,
	1,
	'column::prune line: 38');
INSERT INTO ACT_RET
	VALUES ("535962cc-2121-45bc-8cda-48e63ae8186d",
	"e34ad8bb-4964-416a-b3d0-f24f0fd74864");
INSERT INTO V_VAL
	VALUES ("ef48198c-1cc3-490f-ab21-f7aabcbc449e",
	1,
	1,
	3,
	1,
	11,
	0,
	0,
	0,
	0,
	"811f1dd7-74f0-407e-b449-939d0de5ee8d",
	"936dd600-59d9-4e07-b5a3-bf6e315d50b1");
INSERT INTO V_TVL
	VALUES ("ef48198c-1cc3-490f-ab21-f7aabcbc449e",
	"1a2e3b2f-d37d-46f4-ab22-edefa676ec40");
INSERT INTO V_VAL
	VALUES ("f8941ea5-7907-4ba9-8e77-42ff7097a3ce",
	0,
	0,
	3,
	15,
	15,
	0,
	0,
	0,
	0,
	"811f1dd7-74f0-407e-b449-939d0de5ee8d",
	"936dd600-59d9-4e07-b5a3-bf6e315d50b1");
INSERT INTO V_LIN
	VALUES ("f8941ea5-7907-4ba9-8e77-42ff7097a3ce",
	'0');
INSERT INTO V_VAL
	VALUES ("e2b5fe69-9467-4913-b451-0aee8adbdf56",
	0,
	0,
	4,
	37,
	40,
	0,
	0,
	0,
	0,
	"1a2907d2-496f-482d-ba4d-df818f73d6fa",
	"936dd600-59d9-4e07-b5a3-bf6e315d50b1");
INSERT INTO V_IRF
	VALUES ("e2b5fe69-9467-4913-b451-0aee8adbdf56",
	"b566deda-5f9a-40b4-83e5-47d527002359");
INSERT INTO V_VAL
	VALUES ("578101fb-d425-4551-bd2b-3f8b5232f144",
	0,
	0,
	4,
	71,
	-1,
	0,
	0,
	0,
	0,
	"1a2907d2-496f-482d-ba4d-df818f73d6fa",
	"936dd600-59d9-4e07-b5a3-bf6e315d50b1");
INSERT INTO V_SLR
	VALUES ("578101fb-d425-4551-bd2b-3f8b5232f144",
	"00000000-0000-0000-0000-000000000000",
	"00000000-0000-0000-0000-000000000000",
	"00000000-0000-0000-0000-000000000000");
INSERT INTO V_VAL
	VALUES ("6562bb64-af19-4399-9e6b-721e339dd34e",
	0,
	0,
	4,
	80,
	84,
	0,
	0,
	0,
	0,
	"811f1dd7-74f0-407e-b449-939d0de5ee8d",
	"936dd600-59d9-4e07-b5a3-bf6e315d50b1");
INSERT INTO V_AVL
	VALUES ("6562bb64-af19-4399-9e6b-721e339dd34e",
	"578101fb-d425-4551-bd2b-3f8b5232f144",
	"8a59e2de-6f5d-4937-ade5-f1ace45cc756",
	"53e80efe-cb6c-4332-b046-1ba6f6005b30");
INSERT INTO V_VAL
	VALUES ("3fd513fc-e899-4d27-af45-adb31f0d2d05",
	0,
	0,
	-1,
	-1,
	-1,
	0,
	0,
	0,
	0,
	"4e005777-df64-4279-9c02-400e239872b9",
	"936dd600-59d9-4e07-b5a3-bf6e315d50b1");
INSERT INTO V_BIN
	VALUES ("3fd513fc-e899-4d27-af45-adb31f0d2d05",
	"5ce61da2-a4f2-447d-b2a9-e989dd748cfe",
	"6562bb64-af19-4399-9e6b-721e339dd34e",
	'!=');
INSERT INTO V_VAL
	VALUES ("5ce61da2-a4f2-447d-b2a9-e989dd748cfe",
	0,
	0,
	4,
	89,
	89,
	0,
	0,
	0,
	0,
	"811f1dd7-74f0-407e-b449-939d0de5ee8d",
	"936dd600-59d9-4e07-b5a3-bf6e315d50b1");
INSERT INTO V_LIN
	VALUES ("5ce61da2-a4f2-447d-b2a9-e989dd748cfe",
	'0');
INSERT INTO V_VAL
	VALUES ("3c9d6df2-1fd6-48c2-a777-884285dc1acb",
	0,
	0,
	5,
	34,
	37,
	0,
	0,
	0,
	0,
	"1a2907d2-496f-482d-ba4d-df818f73d6fa",
	"936dd600-59d9-4e07-b5a3-bf6e315d50b1");
INSERT INTO V_IRF
	VALUES ("3c9d6df2-1fd6-48c2-a777-884285dc1acb",
	"b566deda-5f9a-40b4-83e5-47d527002359");
INSERT INTO V_VAL
	VALUES ("9a91d557-da50-418f-8e96-fe91cb05fd8f",
	0,
	0,
	21,
	34,
	37,
	0,
	0,
	0,
	0,
	"1a2907d2-496f-482d-ba4d-df818f73d6fa",
	"936dd600-59d9-4e07-b5a3-bf6e315d50b1");
INSERT INTO V_IRF
	VALUES ("9a91d557-da50-418f-8e96-fe91cb05fd8f",
	"b566deda-5f9a-40b4-83e5-47d527002359");
INSERT INTO V_VAL
	VALUES ("d0f870e4-1f4c-44f1-93c3-ad215be3c371",
	0,
	0,
	22,
	11,
	-1,
	0,
	0,
	0,
	0,
	"1a2907d2-496f-482d-ba4d-df818f73d6fa",
	"936dd600-59d9-4e07-b5a3-bf6e315d50b1");
INSERT INTO V_SLR
	VALUES ("d0f870e4-1f4c-44f1-93c3-ad215be3c371",
	"00000000-0000-0000-0000-000000000000",
	"00000000-0000-0000-0000-000000000000",
	"00000000-0000-0000-0000-000000000000");
INSERT INTO V_VAL
	VALUES ("60325d97-9e31-4f69-ba08-ee364f4c1812",
	0,
	0,
	22,
	20,
	31,
	0,
	0,
	0,
	0,
	"811f1dd7-74f0-407e-b449-939d0de5ee8d",
	"936dd600-59d9-4e07-b5a3-bf6e315d50b1");
INSERT INTO V_AVL
	VALUES ("60325d97-9e31-4f69-ba08-ee364f4c1812",
	"d0f870e4-1f4c-44f1-93c3-ad215be3c371",
	"e488047e-8d3e-455c-a7e9-29120bad505f",
	"009f5557-7ee7-4e44-9444-4d92eb448359");
INSERT INTO V_VAL
	VALUES ("0445ac4c-7192-4bc5-ac84-f2846c1deab5",
	0,
	0,
	-1,
	-1,
	-1,
	0,
	0,
	0,
	0,
	"4e005777-df64-4279-9c02-400e239872b9",
	"936dd600-59d9-4e07-b5a3-bf6e315d50b1");
INSERT INTO V_BIN
	VALUES ("0445ac4c-7192-4bc5-ac84-f2846c1deab5",
	"e76d2210-f52f-4e9a-9487-67cda5b5cf38",
	"60325d97-9e31-4f69-ba08-ee364f4c1812",
	'==');
INSERT INTO V_VAL
	VALUES ("e76d2210-f52f-4e9a-9487-67cda5b5cf38",
	0,
	0,
	22,
	36,
	36,
	0,
	0,
	0,
	0,
	"811f1dd7-74f0-407e-b449-939d0de5ee8d",
	"936dd600-59d9-4e07-b5a3-bf6e315d50b1");
INSERT INTO V_LIN
	VALUES ("e76d2210-f52f-4e9a-9487-67cda5b5cf38",
	'0');
INSERT INTO V_VAL
	VALUES ("5e80ebf2-64ba-4d7e-ad1a-7db007e67f5f",
	0,
	0,
	23,
	12,
	20,
	0,
	0,
	0,
	0,
	"bd7c827f-c0a0-4115-8268-33db6654fef9",
	"936dd600-59d9-4e07-b5a3-bf6e315d50b1");
INSERT INTO V_ISR
	VALUES ("5e80ebf2-64ba-4d7e-ad1a-7db007e67f5f",
	"bcaffa82-04c6-4952-ae27-e4b2fa46674b");
INSERT INTO V_VAL
	VALUES ("759461b8-cb88-48e0-9bbc-a7e31ffa409e",
	0,
	0,
	-1,
	-1,
	-1,
	0,
	0,
	0,
	0,
	"4e005777-df64-4279-9c02-400e239872b9",
	"936dd600-59d9-4e07-b5a3-bf6e315d50b1");
INSERT INTO V_UNY
	VALUES ("759461b8-cb88-48e0-9bbc-a7e31ffa409e",
	"5e80ebf2-64ba-4d7e-ad1a-7db007e67f5f",
	'empty');
INSERT INTO V_VAL
	VALUES ("e34ad8bb-4964-416a-b3d0-f24f0fd74864",
	0,
	0,
	38,
	8,
	18,
	0,
	0,
	0,
	0,
	"811f1dd7-74f0-407e-b449-939d0de5ee8d",
	"936dd600-59d9-4e07-b5a3-bf6e315d50b1");
INSERT INTO V_TVL
	VALUES ("e34ad8bb-4964-416a-b3d0-f24f0fd74864",
	"1a2e3b2f-d37d-46f4-ab22-edefa676ec40");
INSERT INTO V_VAR
	VALUES ("1a2e3b2f-d37d-46f4-ab22-edefa676ec40",
	"936dd600-59d9-4e07-b5a3-bf6e315d50b1",
	'temperature',
	1,
	"811f1dd7-74f0-407e-b449-939d0de5ee8d");
INSERT INTO V_TRN
	VALUES ("1a2e3b2f-d37d-46f4-ab22-edefa676ec40",
	"00000000-0000-0000-0000-000000000000",
	'');
INSERT INTO V_LOC
	VALUES ("f3e416c5-96be-475e-b723-08d1a698d8c2",
	3,
	1,
	11,
	"1a2e3b2f-d37d-46f4-ab22-edefa676ec40");
INSERT INTO V_LOC
	VALUES ("dd30805e-d4ce-4927-b41c-3f743a2f0087",
	15,
	7,
	17,
	"1a2e3b2f-d37d-46f4-ab22-edefa676ec40");
INSERT INTO V_LOC
	VALUES ("95112154-0adc-452e-b38e-582835e06553",
	24,
	3,
	13,
	"1a2e3b2f-d37d-46f4-ab22-edefa676ec40");
INSERT INTO V_LOC
	VALUES ("7393547a-39ba-4362-b25a-de198c03d421",
	34,
	5,
	15,
	"1a2e3b2f-d37d-46f4-ab22-edefa676ec40");
INSERT INTO V_LOC
	VALUES ("452f76c3-c856-4708-8623-25f78431da38",
	38,
	8,
	18,
	"1a2e3b2f-d37d-46f4-ab22-edefa676ec40");
INSERT INTO V_VAR
	VALUES ("c70cb664-ca38-41a8-a57e-96ce7435083a",
	"936dd600-59d9-4e07-b5a3-bf6e315d50b1",
	'answerdigits',
	1,
	"bd7c827f-c0a0-4115-8268-33db6654fef9");
INSERT INTO V_INS
	VALUES ("c70cb664-ca38-41a8-a57e-96ce7435083a",
	"8a59e2de-6f5d-4937-ade5-f1ace45cc756");
INSERT INTO V_LOC
	VALUES ("74b5276e-7bc7-4c82-b15d-4e4959f0b196",
	4,
	13,
	24,
	"c70cb664-ca38-41a8-a57e-96ce7435083a");
INSERT INTO V_LOC
	VALUES ("b63fa7f0-14cc-4d0e-96b5-b9095130bc49",
	7,
	27,
	38,
	"c70cb664-ca38-41a8-a57e-96ce7435083a");
INSERT INTO V_VAR
	VALUES ("b566deda-5f9a-40b4-83e5-47d527002359",
	"936dd600-59d9-4e07-b5a3-bf6e315d50b1",
	'self',
	1,
	"1a2907d2-496f-482d-ba4d-df818f73d6fa");
INSERT INTO V_INT
	VALUES ("b566deda-5f9a-40b4-83e5-47d527002359",
	0,
	"b7d2c815-d54e-475a-819c-5d9e6dbc66d5");
INSERT INTO V_VAR
	VALUES ("ab1aa35b-797e-4703-915f-e3ebdf92bee3",
	"936dd600-59d9-4e07-b5a3-bf6e315d50b1",
	'eligibles',
	1,
	"bd7c827f-c0a0-4115-8268-33db6654fef9");
INSERT INTO V_INS
	VALUES ("ab1aa35b-797e-4703-915f-e3ebdf92bee3",
	"7dfbb9fe-d109-4356-a43c-8a02617ad46a");
INSERT INTO V_LOC
	VALUES ("fb974234-68b6-4627-b236-66795c30af49",
	5,
	13,
	21,
	"ab1aa35b-797e-4703-915f-e3ebdf92bee3");
INSERT INTO V_LOC
	VALUES ("346d0dbf-f6a1-4a73-9384-6b8c0bf1cb64",
	6,
	22,
	30,
	"ab1aa35b-797e-4703-915f-e3ebdf92bee3");
INSERT INTO V_LOC
	VALUES ("301e6ae0-083a-429c-9830-55d0316efd58",
	28,
	15,
	23,
	"ab1aa35b-797e-4703-915f-e3ebdf92bee3");
INSERT INTO V_VAR
	VALUES ("07185978-6274-4a61-851a-ccf092d780a1",
	"936dd600-59d9-4e07-b5a3-bf6e315d50b1",
	'eligible',
	1,
	"1a2907d2-496f-482d-ba4d-df818f73d6fa");
INSERT INTO V_INT
	VALUES ("07185978-6274-4a61-851a-ccf092d780a1",
	1,
	"7dfbb9fe-d109-4356-a43c-8a02617ad46a");
INSERT INTO V_LOC
	VALUES ("b7405412-d966-46aa-bb71-7f0e6a96592d",
	6,
	10,
	17,
	"07185978-6274-4a61-851a-ccf092d780a1");
INSERT INTO V_LOC
	VALUES ("4ab59c2d-2662-48b9-a42d-b6399247f53f",
	8,
	10,
	17,
	"07185978-6274-4a61-851a-ccf092d780a1");
INSERT INTO V_LOC
	VALUES ("61e7da75-2e3f-4672-a855-b5af4356bd19",
	10,
	37,
	44,
	"07185978-6274-4a61-851a-ccf092d780a1");
INSERT INTO V_LOC
	VALUES ("4e1fc6d3-8c55-4384-8f24-aaf23cd3d5f9",
	11,
	60,
	67,
	"07185978-6274-4a61-851a-ccf092d780a1");
INSERT INTO V_LOC
	VALUES ("7e2a8f6a-65c9-48e5-88bb-0db2ee4496ea",
	12,
	32,
	39,
	"07185978-6274-4a61-851a-ccf092d780a1");
INSERT INTO V_VAR
	VALUES ("bcaffa82-04c6-4952-ae27-e4b2fa46674b",
	"936dd600-59d9-4e07-b5a3-bf6e315d50b1",
	'opencells',
	1,
	"bd7c827f-c0a0-4115-8268-33db6654fef9");
INSERT INTO V_INS
	VALUES ("bcaffa82-04c6-4952-ae27-e4b2fa46674b",
	"e488047e-8d3e-455c-a7e9-29120bad505f");
INSERT INTO V_LOC
	VALUES ("8def6c7d-51fd-4d3a-b4f1-a0f2291366b0",
	21,
	13,
	21,
	"bcaffa82-04c6-4952-ae27-e4b2fa46674b");
INSERT INTO V_LOC
	VALUES ("f1bfaae8-4e79-4369-9fb9-de1f2e5a66b2",
	26,
	22,
	30,
	"bcaffa82-04c6-4952-ae27-e4b2fa46674b");
INSERT INTO V_VAR
	VALUES ("8e69fb9f-61b5-4f97-8675-dd0050000a02",
	"936dd600-59d9-4e07-b5a3-bf6e315d50b1",
	'opencell',
	1,
	"1a2907d2-496f-482d-ba4d-df818f73d6fa");
INSERT INTO V_INT
	VALUES ("8e69fb9f-61b5-4f97-8675-dd0050000a02",
	1,
	"e488047e-8d3e-455c-a7e9-29120bad505f");
INSERT INTO V_LOC
	VALUES ("34784c93-c561-4066-883b-2a947b5ddb56",
	26,
	10,
	17,
	"8e69fb9f-61b5-4f97-8675-dd0050000a02");
INSERT INTO V_LOC
	VALUES ("4f620fe8-4824-46d8-8945-819d4e31065f",
	32,
	5,
	12,
	"8e69fb9f-61b5-4f97-8675-dd0050000a02");
INSERT INTO ACT_BLK
	VALUES ("61442388-2900-4a56-980c-b9b17b521946",
	0,
	0,
	0,
	'',
	'',
	'',
	7,
	3,
	0,
	0,
	0,
	0,
	0,
	0,
	0,
	0,
	0,
	0,
	0,
	"a5da23c6-e8e0-4316-8264-056e5a82b1fb",
	"00000000-0000-0000-0000-000000000000");
INSERT INTO ACT_SMT
	VALUES ("e5235235-1ea9-4c41-9e54-85f9862db384",
	"61442388-2900-4a56-980c-b9b17b521946",
	"00000000-0000-0000-0000-000000000000",
	7,
	3,
	'column::prune line: 7');
INSERT INTO ACT_FOR
	VALUES ("e5235235-1ea9-4c41-9e54-85f9862db384",
	"c34a116e-d1e4-4811-aafb-0d7c5b7b3ef9",
	1,
	"9785f6bf-86bb-4fd0-9d40-831b45472362",
	"c70cb664-ca38-41a8-a57e-96ce7435083a",
	"8a59e2de-6f5d-4937-ade5-f1ace45cc756");
INSERT INTO V_VAR
	VALUES ("9785f6bf-86bb-4fd0-9d40-831b45472362",
	"61442388-2900-4a56-980c-b9b17b521946",
	'answerdigit',
	1,
	"1a2907d2-496f-482d-ba4d-df818f73d6fa");
INSERT INTO V_INT
	VALUES ("9785f6bf-86bb-4fd0-9d40-831b45472362",
	1,
	"8a59e2de-6f5d-4937-ade5-f1ace45cc756");
INSERT INTO V_LOC
	VALUES ("605d851a-8d8f-4610-9965-8aa8723657a4",
	7,
	12,
	22,
	"9785f6bf-86bb-4fd0-9d40-831b45472362");
INSERT INTO V_LOC
	VALUES ("44fa5229-2cfc-4105-9fb8-e5b736c289d9",
	8,
	34,
	44,
	"9785f6bf-86bb-4fd0-9d40-831b45472362");
INSERT INTO V_LOC
	VALUES ("883d33b5-a19b-4be6-ba9f-4846bba65fde",
	11,
	18,
	28,
	"9785f6bf-86bb-4fd0-9d40-831b45472362");
INSERT INTO ACT_BLK
	VALUES ("c34a116e-d1e4-4811-aafb-0d7c5b7b3ef9",
	0,
	0,
	0,
	'',
	'',
	'',
	8,
	5,
	0,
	0,
	0,
	0,
	0,
	0,
	0,
	0,
	0,
	0,
	0,
	"a5da23c6-e8e0-4316-8264-056e5a82b1fb",
	"00000000-0000-0000-0000-000000000000");
INSERT INTO ACT_SMT
	VALUES ("745d649b-2e78-48af-8cbc-9b8a80f001f5",
	"c34a116e-d1e4-4811-aafb-0d7c5b7b3ef9",
	"00000000-0000-0000-0000-000000000000",
	8,
	5,
	'column::prune line: 8');
INSERT INTO ACT_IF
	VALUES ("745d649b-2e78-48af-8cbc-9b8a80f001f5",
	"f94f279b-9538-47a5-92ab-609094a22746",
	"6c4cd079-c8b0-499a-bd1f-c980e9c20377",
	"00000000-0000-0000-0000-000000000000",
	"00000000-0000-0000-0000-000000000000");
INSERT INTO V_VAL
	VALUES ("060ef72e-46df-4f0d-8ad3-1bdf8701693f",
	0,
	0,
	8,
	10,
	17,
	0,
	0,
	0,
	0,
	"1a2907d2-496f-482d-ba4d-df818f73d6fa",
	"c34a116e-d1e4-4811-aafb-0d7c5b7b3ef9");
INSERT INTO V_IRF
	VALUES ("060ef72e-46df-4f0d-8ad3-1bdf8701693f",
	"07185978-6274-4a61-851a-ccf092d780a1");
INSERT INTO V_VAL
	VALUES ("a730c9cf-b3ce-4d22-8ba9-46b1634959ae",
	0,
	0,
	8,
	19,
	29,
	0,
	0,
	0,
	0,
	"811f1dd7-74f0-407e-b449-939d0de5ee8d",
	"c34a116e-d1e4-4811-aafb-0d7c5b7b3ef9");
INSERT INTO V_AVL
	VALUES ("a730c9cf-b3ce-4d22-8ba9-46b1634959ae",
	"060ef72e-46df-4f0d-8ad3-1bdf8701693f",
	"7dfbb9fe-d109-4356-a43c-8a02617ad46a",
	"a460f509-7c57-4f06-af25-d200aed49293");
INSERT INTO V_VAL
	VALUES ("6c4cd079-c8b0-499a-bd1f-c980e9c20377",
	0,
	0,
	-1,
	-1,
	-1,
	0,
	0,
	0,
	0,
	"4e005777-df64-4279-9c02-400e239872b9",
	"c34a116e-d1e4-4811-aafb-0d7c5b7b3ef9");
INSERT INTO V_BIN
	VALUES ("6c4cd079-c8b0-499a-bd1f-c980e9c20377",
	"60ce3f48-6f67-4ea2-a110-e464463efb92",
	"a730c9cf-b3ce-4d22-8ba9-46b1634959ae",
	'==');
INSERT INTO V_VAL
	VALUES ("26d9de52-6923-465b-b147-697a8991bd3a",
	0,
	0,
	8,
	34,
	44,
	0,
	0,
	0,
	0,
	"1a2907d2-496f-482d-ba4d-df818f73d6fa",
	"c34a116e-d1e4-4811-aafb-0d7c5b7b3ef9");
INSERT INTO V_IRF
	VALUES ("26d9de52-6923-465b-b147-697a8991bd3a",
	"9785f6bf-86bb-4fd0-9d40-831b45472362");
INSERT INTO V_VAL
	VALUES ("60ce3f48-6f67-4ea2-a110-e464463efb92",
	0,
	0,
	8,
	46,
	50,
	0,
	0,
	0,
	0,
	"811f1dd7-74f0-407e-b449-939d0de5ee8d",
	"c34a116e-d1e4-4811-aafb-0d7c5b7b3ef9");
INSERT INTO V_AVL
	VALUES ("60ce3f48-6f67-4ea2-a110-e464463efb92",
	"26d9de52-6923-465b-b147-697a8991bd3a",
	"8a59e2de-6f5d-4937-ade5-f1ace45cc756",
	"53e80efe-cb6c-4332-b046-1ba6f6005b30");
INSERT INTO ACT_BLK
	VALUES ("f94f279b-9538-47a5-92ab-609094a22746",
	1,
	0,
	0,
	'',
	'',
	'',
	16,
	7,
	9,
	48,
	0,
	0,
	9,
	53,
	0,
	0,
	0,
	0,
	0,
	"a5da23c6-e8e0-4316-8264-056e5a82b1fb",
	"00000000-0000-0000-0000-000000000000");
INSERT INTO ACT_SMT
	VALUES ("62c086c6-643d-4b5f-8e37-7c91804c21d4",
	"f94f279b-9538-47a5-92ab-609094a22746",
	"9f7fafbe-4fb3-453a-a20c-7653946ab980",
	9,
	7,
	'column::prune line: 9');
INSERT INTO ACT_SEL
	VALUES ("62c086c6-643d-4b5f-8e37-7c91804c21d4",
	"d4c1058e-9f29-455e-a612-69fe635320e9",
	1,
	'one',
	"e84efa80-c194-466a-926f-4e22b7975989");
INSERT INTO ACT_SR
	VALUES ("62c086c6-643d-4b5f-8e37-7c91804c21d4");
INSERT INTO ACT_LNK
	VALUES ("df1dfb96-232c-4442-bad6-7c0218de693c",
	'',
	"62c086c6-643d-4b5f-8e37-7c91804c21d4",
	"62a93566-2203-4db8-ba18-f7c15ca2072a",
	"00000000-0000-0000-0000-000000000000",
	2,
	"e488047e-8d3e-455c-a7e9-29120bad505f",
	9,
	48,
	9,
	53,
	0,
	0);
INSERT INTO ACT_SMT
	VALUES ("9f7fafbe-4fb3-453a-a20c-7653946ab980",
	"f94f279b-9538-47a5-92ab-609094a22746",
	"40ee3278-b927-4eed-8eaf-ba385f463877",
	10,
	7,
	'column::prune line: 10');
INSERT INTO ACT_IF
	VALUES ("9f7fafbe-4fb3-453a-a20c-7653946ab980",
	"fd28ddb2-f6e0-4f5b-9d46-8e5db7f7d799",
	"c0dcbd1a-b457-427b-9ea2-52170061e291",
	"00000000-0000-0000-0000-000000000000",
	"00000000-0000-0000-0000-000000000000");
INSERT INTO ACT_SMT
	VALUES ("40ee3278-b927-4eed-8eaf-ba385f463877",
	"f94f279b-9538-47a5-92ab-609094a22746",
	"47c94eb4-fa31-4917-80ac-f79c2828ac6f",
	15,
	7,
	'column::prune line: 15');
INSERT INTO ACT_AI
	VALUES ("40ee3278-b927-4eed-8eaf-ba385f463877",
	"a14db5bf-1074-455d-9883-74168f6464e3",
	"f67b267f-5a14-4bb7-b320-3981bfd30ca5",
	0,
	0);
INSERT INTO ACT_SMT
	VALUES ("47c94eb4-fa31-4917-80ac-f79c2828ac6f",
	"f94f279b-9538-47a5-92ab-609094a22746",
	"00000000-0000-0000-0000-000000000000",
	16,
	7,
	'column::prune line: 16');
INSERT INTO ACT_BRK
	VALUES ("47c94eb4-fa31-4917-80ac-f79c2828ac6f");
INSERT INTO V_VAL
	VALUES ("e84efa80-c194-466a-926f-4e22b7975989",
	0,
	0,
	9,
	38,
	45,
	0,
	0,
	0,
	0,
	"1a2907d2-496f-482d-ba4d-df818f73d6fa",
	"f94f279b-9538-47a5-92ab-609094a22746");
INSERT INTO V_IRF
	VALUES ("e84efa80-c194-466a-926f-4e22b7975989",
	"07185978-6274-4a61-851a-ccf092d780a1");
INSERT INTO V_VAL
	VALUES ("5586e3eb-56f7-423b-9fdb-c72e73d374f9",
	0,
	0,
	10,
	12,
	19,
	0,
	0,
	0,
	0,
	"1a2907d2-496f-482d-ba4d-df818f73d6fa",
	"f94f279b-9538-47a5-92ab-609094a22746");
INSERT INTO V_IRF
	VALUES ("5586e3eb-56f7-423b-9fdb-c72e73d374f9",
	"d4c1058e-9f29-455e-a612-69fe635320e9");
INSERT INTO V_VAL
	VALUES ("80aeb786-6a92-43f9-80d5-2f493709094d",
	0,
	0,
	10,
	21,
	32,
	0,
	0,
	0,
	0,
	"811f1dd7-74f0-407e-b449-939d0de5ee8d",
	"f94f279b-9538-47a5-92ab-609094a22746");
INSERT INTO V_AVL
	VALUES ("80aeb786-6a92-43f9-80d5-2f493709094d",
	"5586e3eb-56f7-423b-9fdb-c72e73d374f9",
	"e488047e-8d3e-455c-a7e9-29120bad505f",
	"009f5557-7ee7-4e44-9444-4d92eb448359");
INSERT INTO V_VAL
	VALUES ("c0dcbd1a-b457-427b-9ea2-52170061e291",
	0,
	0,
	-1,
	-1,
	-1,
	0,
	0,
	0,
	0,
	"4e005777-df64-4279-9c02-400e239872b9",
	"f94f279b-9538-47a5-92ab-609094a22746");
INSERT INTO V_BIN
	VALUES ("c0dcbd1a-b457-427b-9ea2-52170061e291",
	"b0d0fc30-c2b2-4f2b-9124-c059ac1b33ac",
	"80aeb786-6a92-43f9-80d5-2f493709094d",
	'!=');
INSERT INTO V_VAL
	VALUES ("94b4a93d-304f-411d-b898-248c3f30a22e",
	0,
	0,
	10,
	37,
	44,
	0,
	0,
	0,
	0,
	"1a2907d2-496f-482d-ba4d-df818f73d6fa",
	"f94f279b-9538-47a5-92ab-609094a22746");
INSERT INTO V_IRF
	VALUES ("94b4a93d-304f-411d-b898-248c3f30a22e",
	"07185978-6274-4a61-851a-ccf092d780a1");
INSERT INTO V_VAL
	VALUES ("b0d0fc30-c2b2-4f2b-9124-c059ac1b33ac",
	0,
	0,
	10,
	46,
	56,
	0,
	0,
	0,
	0,
	"811f1dd7-74f0-407e-b449-939d0de5ee8d",
	"f94f279b-9538-47a5-92ab-609094a22746");
INSERT INTO V_AVL
	VALUES ("b0d0fc30-c2b2-4f2b-9124-c059ac1b33ac",
	"94b4a93d-304f-411d-b898-248c3f30a22e",
	"7dfbb9fe-d109-4356-a43c-8a02617ad46a",
	"a460f509-7c57-4f06-af25-d200aed49293");
INSERT INTO V_VAL
	VALUES ("f67b267f-5a14-4bb7-b320-3981bfd30ca5",
	1,
	0,
	15,
	7,
	17,
	0,
	0,
	0,
	0,
	"811f1dd7-74f0-407e-b449-939d0de5ee8d",
	"f94f279b-9538-47a5-92ab-609094a22746");
INSERT INTO V_TVL
	VALUES ("f67b267f-5a14-4bb7-b320-3981bfd30ca5",
	"1a2e3b2f-d37d-46f4-ab22-edefa676ec40");
INSERT INTO V_VAL
	VALUES ("a14db5bf-1074-455d-9883-74168f6464e3",
	0,
	0,
	15,
	21,
	21,
	0,
	0,
	0,
	0,
	"811f1dd7-74f0-407e-b449-939d0de5ee8d",
	"f94f279b-9538-47a5-92ab-609094a22746");
INSERT INTO V_LIN
	VALUES ("a14db5bf-1074-455d-9883-74168f6464e3",
	'1');
INSERT INTO V_VAR
	VALUES ("d4c1058e-9f29-455e-a612-69fe635320e9",
	"f94f279b-9538-47a5-92ab-609094a22746",
	'opencell',
	1,
	"1a2907d2-496f-482d-ba4d-df818f73d6fa");
INSERT INTO V_INT
	VALUES ("d4c1058e-9f29-455e-a612-69fe635320e9",
	0,
	"e488047e-8d3e-455c-a7e9-29120bad505f");
INSERT INTO V_LOC
	VALUES ("bbe0e64c-cecc-4f3d-ba2f-af8dd08a80a8",
	9,
	18,
	25,
	"d4c1058e-9f29-455e-a612-69fe635320e9");
INSERT INTO V_LOC
	VALUES ("cb3983ed-ce54-4ba9-8ea7-4cd64d3d2a61",
	10,
	12,
	19,
	"d4c1058e-9f29-455e-a612-69fe635320e9");
INSERT INTO V_LOC
	VALUES ("d6469cd9-07d9-455c-a6c7-ae4e31b59a82",
	11,
	35,
	42,
	"d4c1058e-9f29-455e-a612-69fe635320e9");
INSERT INTO ACT_BLK
	VALUES ("fd28ddb2-f6e0-4f5b-9d46-8e5db7f7d799",
	0,
	0,
	0,
	'',
	'',
	'',
	12,
	9,
	0,
	0,
	0,
	0,
	11,
	51,
	0,
	0,
	0,
	0,
	0,
	"a5da23c6-e8e0-4316-8264-056e5a82b1fb",
	"00000000-0000-0000-0000-000000000000");
INSERT INTO ACT_SMT
	VALUES ("6e5cbff7-5157-4c7d-8bd5-ec68b644b999",
	"fd28ddb2-f6e0-4f5b-9d46-8e5db7f7d799",
	"4ad100d6-1e94-4259-81e4-a76ceb363ade",
	11,
	9,
	'column::prune line: 11');
INSERT INTO ACT_URU
	VALUES ("6e5cbff7-5157-4c7d-8bd5-ec68b644b999",
	"9785f6bf-86bb-4fd0-9d40-831b45472362",
	"d4c1058e-9f29-455e-a612-69fe635320e9",
	"07185978-6274-4a61-851a-ccf092d780a1",
	'',
	"62a93566-2203-4db8-ba18-f7c15ca2072a",
	11,
	51,
	0,
	0);
INSERT INTO ACT_SMT
	VALUES ("4ad100d6-1e94-4259-81e4-a76ceb363ade",
	"fd28ddb2-f6e0-4f5b-9d46-8e5db7f7d799",
	"00000000-0000-0000-0000-000000000000",
	12,
	9,
	'column::prune line: 12');
INSERT INTO ACT_DEL
	VALUES ("4ad100d6-1e94-4259-81e4-a76ceb363ade",
	"07185978-6274-4a61-851a-ccf092d780a1");
INSERT INTO ACT_BLK
	VALUES ("075138a7-7f46-41ba-b7de-09f18a166281",
	0,
	0,
	0,
	'',
	'',
	'',
	24,
	3,
	0,
	0,
	0,
	0,
	0,
	0,
	0,
	0,
	0,
	0,
	0,
	"a5da23c6-e8e0-4316-8264-056e5a82b1fb",
	"00000000-0000-0000-0000-000000000000");
INSERT INTO ACT_SMT
	VALUES ("24d634a2-2fe2-49b5-9a34-1534b98b262f",
	"075138a7-7f46-41ba-b7de-09f18a166281",
	"00000000-0000-0000-0000-000000000000",
	24,
	3,
	'column::prune line: 24');
INSERT INTO ACT_AI
	VALUES ("24d634a2-2fe2-49b5-9a34-1534b98b262f",
	"6f091a46-4e1a-41cd-898e-705d7fc7f387",
	"2cbc8cb3-96f3-4585-9b53-d02fb14659a7",
	0,
	0);
INSERT INTO V_VAL
	VALUES ("2cbc8cb3-96f3-4585-9b53-d02fb14659a7",
	1,
	0,
	24,
	3,
	13,
	0,
	0,
	0,
	0,
	"811f1dd7-74f0-407e-b449-939d0de5ee8d",
	"075138a7-7f46-41ba-b7de-09f18a166281");
INSERT INTO V_TVL
	VALUES ("2cbc8cb3-96f3-4585-9b53-d02fb14659a7",
	"1a2e3b2f-d37d-46f4-ab22-edefa676ec40");
INSERT INTO V_VAL
	VALUES ("6f091a46-4e1a-41cd-898e-705d7fc7f387",
	0,
	0,
	24,
	17,
	19,
	0,
	0,
	0,
	0,
	"811f1dd7-74f0-407e-b449-939d0de5ee8d",
	"075138a7-7f46-41ba-b7de-09f18a166281");
INSERT INTO V_LIN
	VALUES ("6f091a46-4e1a-41cd-898e-705d7fc7f387",
	'100');
INSERT INTO ACT_BLK
	VALUES ("6b4499a9-5b71-451a-bd96-0a26cbe7d2b1",
	1,
	0,
	0,
	'',
	'',
	'',
	30,
	3,
	28,
	46,
	0,
	0,
	28,
	55,
	0,
	0,
	0,
	0,
	0,
	"a5da23c6-e8e0-4316-8264-056e5a82b1fb",
	"00000000-0000-0000-0000-000000000000");
INSERT INTO ACT_SMT
	VALUES ("25437798-8191-45b2-99b2-cc546332c164",
	"6b4499a9-5b71-451a-bd96-0a26cbe7d2b1",
	"d7730705-c579-4b33-90eb-882f50c0599f",
	28,
	3,
	'column::prune line: 28');
INSERT INTO ACT_SEL
	VALUES ("25437798-8191-45b2-99b2-cc546332c164",
	"ab1aa35b-797e-4703-915f-e3ebdf92bee3",
	0,
	'many',
	"0874f729-1637-4555-ba01-ef2272764e72");
INSERT INTO ACT_SR
	VALUES ("25437798-8191-45b2-99b2-cc546332c164");
INSERT INTO ACT_LNK
	VALUES ("c7039ab5-dc7c-4c85-9442-cbea81f323f8",
	'',
	"25437798-8191-45b2-99b2-cc546332c164",
	"62a93566-2203-4db8-ba18-f7c15ca2072a",
	"00000000-0000-0000-0000-000000000000",
	3,
	"7dfbb9fe-d109-4356-a43c-8a02617ad46a",
	28,
	46,
	28,
	55,
	0,
	0);
INSERT INTO ACT_SMT
	VALUES ("d7730705-c579-4b33-90eb-882f50c0599f",
	"6b4499a9-5b71-451a-bd96-0a26cbe7d2b1",
	"958f1610-a994-44ef-8aa7-156e1b1daa8d",
	29,
	3,
	'column::prune line: 29');
INSERT INTO ACT_AI
	VALUES ("d7730705-c579-4b33-90eb-882f50c0599f",
	"c91dd459-2fe8-474a-a721-a5a6439fad6f",
	"8ed90172-1230-4ec8-893e-baf3381e267c",
	0,
	0);
INSERT INTO ACT_SMT
	VALUES ("958f1610-a994-44ef-8aa7-156e1b1daa8d",
	"6b4499a9-5b71-451a-bd96-0a26cbe7d2b1",
	"00000000-0000-0000-0000-000000000000",
	30,
	3,
	'column::prune line: 30');
INSERT INTO ACT_IF
	VALUES ("958f1610-a994-44ef-8aa7-156e1b1daa8d",
	"e95a9898-efe8-4891-ab8f-2bade8a6ef60",
	"08742123-0fbe-4eea-820b-86a80c38754b",
	"00000000-0000-0000-0000-000000000000",
	"00000000-0000-0000-0000-000000000000");
INSERT INTO V_VAL
	VALUES ("0874f729-1637-4555-ba01-ef2272764e72",
	0,
	0,
	28,
	36,
	43,
	0,
	0,
	0,
	0,
	"1a2907d2-496f-482d-ba4d-df818f73d6fa",
	"6b4499a9-5b71-451a-bd96-0a26cbe7d2b1");
INSERT INTO V_IRF
	VALUES ("0874f729-1637-4555-ba01-ef2272764e72",
	"8e69fb9f-61b5-4f97-8675-dd0050000a02");
INSERT INTO V_VAL
	VALUES ("8ed90172-1230-4ec8-893e-baf3381e267c",
	1,
	1,
	29,
	3,
	3,
	0,
	0,
	0,
	0,
	"811f1dd7-74f0-407e-b449-939d0de5ee8d",
	"6b4499a9-5b71-451a-bd96-0a26cbe7d2b1");
INSERT INTO V_TVL
	VALUES ("8ed90172-1230-4ec8-893e-baf3381e267c",
	"30b0c06b-f865-484b-aec3-ff50e21d9fda");
INSERT INTO V_VAL
	VALUES ("e13aa229-c895-49d2-a983-193a70348498",
	0,
	0,
	29,
	19,
	27,
	0,
	0,
	0,
	0,
	"bd7c827f-c0a0-4115-8268-33db6654fef9",
	"6b4499a9-5b71-451a-bd96-0a26cbe7d2b1");
INSERT INTO V_ISR
	VALUES ("e13aa229-c895-49d2-a983-193a70348498",
	"ab1aa35b-797e-4703-915f-e3ebdf92bee3");
INSERT INTO V_VAL
	VALUES ("c91dd459-2fe8-474a-a721-a5a6439fad6f",
	0,
	0,
	-1,
	-1,
	-1,
	0,
	0,
	0,
	0,
	"811f1dd7-74f0-407e-b449-939d0de5ee8d",
	"6b4499a9-5b71-451a-bd96-0a26cbe7d2b1");
INSERT INTO V_UNY
	VALUES ("c91dd459-2fe8-474a-a721-a5a6439fad6f",
	"e13aa229-c895-49d2-a983-193a70348498",
	'cardinality');
INSERT INTO V_VAL
	VALUES ("70a67698-8aee-419a-a1cb-ecab06b7ad30",
	0,
	0,
	30,
	8,
	8,
	0,
	0,
	0,
	0,
	"811f1dd7-74f0-407e-b449-939d0de5ee8d",
	"6b4499a9-5b71-451a-bd96-0a26cbe7d2b1");
INSERT INTO V_LIN
	VALUES ("70a67698-8aee-419a-a1cb-ecab06b7ad30",
	'1');
INSERT INTO V_VAL
	VALUES ("08742123-0fbe-4eea-820b-86a80c38754b",
	0,
	0,
	-1,
	-1,
	-1,
	0,
	0,
	0,
	0,
	"4e005777-df64-4279-9c02-400e239872b9",
	"6b4499a9-5b71-451a-bd96-0a26cbe7d2b1");
INSERT INTO V_BIN
	VALUES ("08742123-0fbe-4eea-820b-86a80c38754b",
	"7b1a3afa-1cc7-4368-a59d-5d094ff9ecd4",
	"70a67698-8aee-419a-a1cb-ecab06b7ad30",
	'==');
INSERT INTO V_VAL
	VALUES ("7b1a3afa-1cc7-4368-a59d-5d094ff9ecd4",
	0,
	0,
	30,
	13,
	13,
	0,
	0,
	0,
	0,
	"811f1dd7-74f0-407e-b449-939d0de5ee8d",
	"6b4499a9-5b71-451a-bd96-0a26cbe7d2b1");
INSERT INTO V_TVL
	VALUES ("7b1a3afa-1cc7-4368-a59d-5d094ff9ecd4",
	"30b0c06b-f865-484b-aec3-ff50e21d9fda");
INSERT INTO V_VAR
	VALUES ("30b0c06b-f865-484b-aec3-ff50e21d9fda",
	"6b4499a9-5b71-451a-bd96-0a26cbe7d2b1",
	'c',
	1,
	"811f1dd7-74f0-407e-b449-939d0de5ee8d");
INSERT INTO V_TRN
	VALUES ("30b0c06b-f865-484b-aec3-ff50e21d9fda",
	"00000000-0000-0000-0000-000000000000",
	'');
INSERT INTO V_LOC
	VALUES ("264ff266-9c1c-4057-b74d-ebdc642f8854",
	29,
	3,
	3,
	"30b0c06b-f865-484b-aec3-ff50e21d9fda");
INSERT INTO V_LOC
	VALUES ("f14a8090-2c6a-4422-9d97-cf5e05d81ffb",
	30,
	13,
	13,
	"30b0c06b-f865-484b-aec3-ff50e21d9fda");
INSERT INTO ACT_BLK
	VALUES ("e95a9898-efe8-4891-ab8f-2bade8a6ef60",
	1,
	0,
	0,
	'',
	'',
	'',
	34,
	5,
	31,
	44,
	0,
	0,
	31,
	53,
	0,
	0,
	0,
	0,
	0,
	"a5da23c6-e8e0-4316-8264-056e5a82b1fb",
	"00000000-0000-0000-0000-000000000000");
INSERT INTO ACT_SMT
	VALUES ("3f0babd3-fb0e-4840-8ab1-bde45666e084",
	"e95a9898-efe8-4891-ab8f-2bade8a6ef60",
	"f1e2b4e5-6811-4421-adbb-e0dd1b30ffe3",
	31,
	5,
	'column::prune line: 31');
INSERT INTO ACT_SEL
	VALUES ("3f0babd3-fb0e-4840-8ab1-bde45666e084",
	"6b760baf-eafc-47c2-9007-2a3d02d6ba16",
	1,
	'any',
	"54153595-7b7e-4898-bf06-d0a756fd64f2");
INSERT INTO ACT_SR
	VALUES ("3f0babd3-fb0e-4840-8ab1-bde45666e084");
INSERT INTO ACT_LNK
	VALUES ("a11665a9-6498-4fa7-ae1d-91e99341db5f",
	'',
	"3f0babd3-fb0e-4840-8ab1-bde45666e084",
	"62a93566-2203-4db8-ba18-f7c15ca2072a",
	"00000000-0000-0000-0000-000000000000",
	3,
	"7dfbb9fe-d109-4356-a43c-8a02617ad46a",
	31,
	44,
	31,
	53,
	0,
	0);
INSERT INTO ACT_SMT
	VALUES ("f1e2b4e5-6811-4421-adbb-e0dd1b30ffe3",
	"e95a9898-efe8-4891-ab8f-2bade8a6ef60",
	"47cc7156-dcd9-432a-9b9f-34f4d63d5d14",
	32,
	5,
	'column::prune line: 32');
INSERT INTO ACT_TFM
	VALUES ("f1e2b4e5-6811-4421-adbb-e0dd1b30ffe3",
	"a3632caa-a4af-4c7b-8e5d-212826ddcf99",
	"8e69fb9f-61b5-4f97-8675-dd0050000a02",
	32,
	14,
	0,
	0);
INSERT INTO ACT_SMT
	VALUES ("47cc7156-dcd9-432a-9b9f-34f4d63d5d14",
	"e95a9898-efe8-4891-ab8f-2bade8a6ef60",
	"00000000-0000-0000-0000-000000000000",
	34,
	5,
	'column::prune line: 34');
INSERT INTO ACT_AI
	VALUES ("47cc7156-dcd9-432a-9b9f-34f4d63d5d14",
	"50e47b1a-ff8b-47f9-babe-0cb57885e733",
	"0051a4ae-ef38-4984-bde5-2fa1de5fec6c",
	0,
	0);
INSERT INTO V_VAL
	VALUES ("54153595-7b7e-4898-bf06-d0a756fd64f2",
	0,
	0,
	31,
	34,
	41,
	0,
	0,
	0,
	0,
	"1a2907d2-496f-482d-ba4d-df818f73d6fa",
	"e95a9898-efe8-4891-ab8f-2bade8a6ef60");
INSERT INTO V_IRF
	VALUES ("54153595-7b7e-4898-bf06-d0a756fd64f2",
	"8e69fb9f-61b5-4f97-8675-dd0050000a02");
INSERT INTO V_VAL
	VALUES ("ece22ad3-ce27-4a47-98ab-59747c028dc6",
	0,
	0,
	32,
	35,
	40,
	0,
	0,
	0,
	0,
	"1a2907d2-496f-482d-ba4d-df818f73d6fa",
	"e95a9898-efe8-4891-ab8f-2bade8a6ef60");
INSERT INTO V_IRF
	VALUES ("ece22ad3-ce27-4a47-98ab-59747c028dc6",
	"6b760baf-eafc-47c2-9007-2a3d02d6ba16");
INSERT INTO V_VAL
	VALUES ("6765c9b3-79cb-44a3-b2be-8bcd40470989",
	0,
	0,
	32,
	42,
	52,
	0,
	0,
	0,
	0,
	"811f1dd7-74f0-407e-b449-939d0de5ee8d",
	"e95a9898-efe8-4891-ab8f-2bade8a6ef60");
INSERT INTO V_AVL
	VALUES ("6765c9b3-79cb-44a3-b2be-8bcd40470989",
	"ece22ad3-ce27-4a47-98ab-59747c028dc6",
	"7dfbb9fe-d109-4356-a43c-8a02617ad46a",
	"a460f509-7c57-4f06-af25-d200aed49293");
INSERT INTO V_PAR
	VALUES ("6765c9b3-79cb-44a3-b2be-8bcd40470989",
	"f1e2b4e5-6811-4421-adbb-e0dd1b30ffe3",
	"00000000-0000-0000-0000-000000000000",
	'answer_digit',
	"00000000-0000-0000-0000-000000000000",
	32,
	22);
INSERT INTO V_VAL
	VALUES ("0051a4ae-ef38-4984-bde5-2fa1de5fec6c",
	1,
	0,
	34,
	5,
	15,
	0,
	0,
	0,
	0,
	"811f1dd7-74f0-407e-b449-939d0de5ee8d",
	"e95a9898-efe8-4891-ab8f-2bade8a6ef60");
INSERT INTO V_TVL
	VALUES ("0051a4ae-ef38-4984-bde5-2fa1de5fec6c",
	"1a2e3b2f-d37d-46f4-ab22-edefa676ec40");
INSERT INTO V_VAL
	VALUES ("50e47b1a-ff8b-47f9-babe-0cb57885e733",
	0,
	0,
	34,
	19,
	19,
	0,
	0,
	0,
	0,
	"811f1dd7-74f0-407e-b449-939d0de5ee8d",
	"e95a9898-efe8-4891-ab8f-2bade8a6ef60");
INSERT INTO V_LIN
	VALUES ("50e47b1a-ff8b-47f9-babe-0cb57885e733",
	'1');
INSERT INTO V_VAR
	VALUES ("6b760baf-eafc-47c2-9007-2a3d02d6ba16",
	"e95a9898-efe8-4891-ab8f-2bade8a6ef60",
	'answer',
	1,
	"1a2907d2-496f-482d-ba4d-df818f73d6fa");
INSERT INTO V_INT
	VALUES ("6b760baf-eafc-47c2-9007-2a3d02d6ba16",
	0,
	"7dfbb9fe-d109-4356-a43c-8a02617ad46a");
INSERT INTO V_LOC
	VALUES ("1eecb812-9a93-4d2e-8659-f91948f564c3",
	31,
	16,
	21,
	"6b760baf-eafc-47c2-9007-2a3d02d6ba16");
INSERT INTO V_LOC
	VALUES ("8a75337a-9386-4e79-a310-0821c1c35707",
	32,
	35,
	40,
	"6b760baf-eafc-47c2-9007-2a3d02d6ba16");
INSERT INTO O_TFR
	VALUES ("3bc8ba55-c728-4dd2-9472-84165cae4da9",
	"b7d2c815-d54e-475a-819c-5d9e6dbc66d5",
	'eliminate',
	'',
	"811f1dd7-74f0-407e-b449-939d0de5ee8d",
	1,
	'// Solve by select all eligible digits.  Notice if any eligible digit appears only once.

temperature = 0;
select many eligibles related by self->CELL[R3]->ELIGIBLE[R8];
c = cardinality eligibles;
if ( 9 == c )
  temperature = 100;
else
for each eligible in eligibles
  select many loners related by self->CELL[R3]->ELIGIBLE[R8]
    where ( selected.digit_value == eligible.digit_value );
  c = cardinality loners;
  if ( 1 == c )
    // This is an answer!
    select one cell related by eligible->CELL[R8];
    cell.answer( answer_digit:eligible.digit_value );
    //generate CELL2:answer( digit:eligible.digit_value ) to cell;
    temperature = 1;
    break;
  end if;
end for;
end if;
return temperature;
',
	1,
	'',
	"00000000-0000-0000-0000-000000000000");
INSERT INTO ACT_OPB
	VALUES ("74ba9c5f-18be-4f28-bcf7-4e97f184760a",
	"3bc8ba55-c728-4dd2-9472-84165cae4da9");
INSERT INTO ACT_ACT
	VALUES ("74ba9c5f-18be-4f28-bcf7-4e97f184760a",
	'operation',
	0,
	"f849f6dc-4c41-4ab9-a7c1-ffe5bd2632b3",
	"00000000-0000-0000-0000-000000000000",
	0,
	'column::eliminate',
	"00000000-0000-0000-0000-000000000000");
INSERT INTO ACT_BLK
	VALUES ("f849f6dc-4c41-4ab9-a7c1-ffe5bd2632b3",
	1,
	0,
	0,
	'',
	'',
	'',
	23,
	1,
	4,
	50,
	0,
	0,
	4,
	59,
	0,
	0,
	0,
	0,
	0,
	"74ba9c5f-18be-4f28-bcf7-4e97f184760a",
	"00000000-0000-0000-0000-000000000000");
INSERT INTO ACT_SMT
	VALUES ("9b53f280-5a06-4152-a789-3d943a869cc3",
	"f849f6dc-4c41-4ab9-a7c1-ffe5bd2632b3",
	"f52ef118-4263-47a9-b39f-1e1d68821fb8",
	3,
	1,
	'column::eliminate line: 3');
INSERT INTO ACT_AI
	VALUES ("9b53f280-5a06-4152-a789-3d943a869cc3",
	"881377fe-3367-4b55-b0d8-a57c7f662893",
	"a617c3f7-6870-4a10-8af7-83aebfe42a7b",
	0,
	0);
INSERT INTO ACT_SMT
	VALUES ("f52ef118-4263-47a9-b39f-1e1d68821fb8",
	"f849f6dc-4c41-4ab9-a7c1-ffe5bd2632b3",
	"6b4dd175-14ba-41ad-803d-4f302caaf4cb",
	4,
	1,
	'column::eliminate line: 4');
INSERT INTO ACT_SEL
	VALUES ("f52ef118-4263-47a9-b39f-1e1d68821fb8",
	"0808ea35-01a9-4268-a3fa-adc44d0490a5",
	1,
	'many',
	"74bf3342-d0e1-421f-9f7f-2f6a2d5e25dd");
INSERT INTO ACT_SR
	VALUES ("f52ef118-4263-47a9-b39f-1e1d68821fb8");
INSERT INTO ACT_LNK
	VALUES ("adddc691-4f97-47b0-b764-363a29c67860",
	'',
	"f52ef118-4263-47a9-b39f-1e1d68821fb8",
	"750a2939-f0a1-475a-a387-d099bd4f6edb",
	"c5f7cee6-086b-4701-9a68-80e9301eb010",
	3,
	"e488047e-8d3e-455c-a7e9-29120bad505f",
	4,
	40,
	4,
	45,
	0,
	0);
INSERT INTO ACT_LNK
	VALUES ("c5f7cee6-086b-4701-9a68-80e9301eb010",
	'',
	"00000000-0000-0000-0000-000000000000",
	"62a93566-2203-4db8-ba18-f7c15ca2072a",
	"00000000-0000-0000-0000-000000000000",
	3,
	"7dfbb9fe-d109-4356-a43c-8a02617ad46a",
	4,
	50,
	4,
	59,
	0,
	0);
INSERT INTO ACT_SMT
	VALUES ("6b4dd175-14ba-41ad-803d-4f302caaf4cb",
	"f849f6dc-4c41-4ab9-a7c1-ffe5bd2632b3",
	"61e58627-2e14-47cd-914d-d00066e5cab5",
	5,
	1,
	'column::eliminate line: 5');
INSERT INTO ACT_AI
	VALUES ("6b4dd175-14ba-41ad-803d-4f302caaf4cb",
	"20793880-089d-4992-bd51-344bdb4f1c96",
	"bed60157-536f-496f-9d0f-576c4a54f2a6",
	0,
	0);
INSERT INTO ACT_SMT
	VALUES ("61e58627-2e14-47cd-914d-d00066e5cab5",
	"f849f6dc-4c41-4ab9-a7c1-ffe5bd2632b3",
	"819a9370-9ded-419d-9180-be94d002688d",
	6,
	1,
	'column::eliminate line: 6');
INSERT INTO ACT_IF
	VALUES ("61e58627-2e14-47cd-914d-d00066e5cab5",
	"c999eb40-1471-4532-ba6c-a1984301d2de",
	"61b76e21-384d-4310-bd63-03ee67da9a13",
	"00000000-0000-0000-0000-000000000000",
	"00000000-0000-0000-0000-000000000000");
INSERT INTO ACT_SMT
	VALUES ("3c8b815e-5387-4200-9f9c-d8cd1df4e935",
	"f849f6dc-4c41-4ab9-a7c1-ffe5bd2632b3",
	"00000000-0000-0000-0000-000000000000",
	8,
	1,
	'column::eliminate line: 8');
INSERT INTO ACT_E
	VALUES ("3c8b815e-5387-4200-9f9c-d8cd1df4e935",
	"b2f6bded-3a5a-4856-ac1c-a6cca3150195",
	"61e58627-2e14-47cd-914d-d00066e5cab5");
INSERT INTO ACT_SMT
	VALUES ("819a9370-9ded-419d-9180-be94d002688d",
	"f849f6dc-4c41-4ab9-a7c1-ffe5bd2632b3",
	"00000000-0000-0000-0000-000000000000",
	23,
	1,
	'column::eliminate line: 23');
INSERT INTO ACT_RET
	VALUES ("819a9370-9ded-419d-9180-be94d002688d",
	"0ef22686-58ae-4f35-a89b-b88d6e4aa495");
INSERT INTO V_VAL
	VALUES ("a617c3f7-6870-4a10-8af7-83aebfe42a7b",
	1,
	1,
	3,
	1,
	11,
	0,
	0,
	0,
	0,
	"811f1dd7-74f0-407e-b449-939d0de5ee8d",
	"f849f6dc-4c41-4ab9-a7c1-ffe5bd2632b3");
INSERT INTO V_TVL
	VALUES ("a617c3f7-6870-4a10-8af7-83aebfe42a7b",
	"4fdc0990-5bdd-4023-a9f7-4dce4138fd5d");
INSERT INTO V_VAL
	VALUES ("881377fe-3367-4b55-b0d8-a57c7f662893",
	0,
	0,
	3,
	15,
	15,
	0,
	0,
	0,
	0,
	"811f1dd7-74f0-407e-b449-939d0de5ee8d",
	"f849f6dc-4c41-4ab9-a7c1-ffe5bd2632b3");
INSERT INTO V_LIN
	VALUES ("881377fe-3367-4b55-b0d8-a57c7f662893",
	'0');
INSERT INTO V_VAL
	VALUES ("74bf3342-d0e1-421f-9f7f-2f6a2d5e25dd",
	0,
	0,
	4,
	34,
	37,
	0,
	0,
	0,
	0,
	"1a2907d2-496f-482d-ba4d-df818f73d6fa",
	"f849f6dc-4c41-4ab9-a7c1-ffe5bd2632b3");
INSERT INTO V_IRF
	VALUES ("74bf3342-d0e1-421f-9f7f-2f6a2d5e25dd",
	"ba2bbb6e-d260-4472-b8a6-7c1a39f52b28");
INSERT INTO V_VAL
	VALUES ("bed60157-536f-496f-9d0f-576c4a54f2a6",
	1,
	1,
	5,
	1,
	1,
	0,
	0,
	0,
	0,
	"811f1dd7-74f0-407e-b449-939d0de5ee8d",
	"f849f6dc-4c41-4ab9-a7c1-ffe5bd2632b3");
INSERT INTO V_TVL
	VALUES ("bed60157-536f-496f-9d0f-576c4a54f2a6",
	"f8153bdd-a8c1-4859-bb5b-b2ef72394e11");
INSERT INTO V_VAL
	VALUES ("0222f743-825a-4610-8395-d201080c6853",
	0,
	0,
	5,
	17,
	25,
	0,
	0,
	0,
	0,
	"bd7c827f-c0a0-4115-8268-33db6654fef9",
	"f849f6dc-4c41-4ab9-a7c1-ffe5bd2632b3");
INSERT INTO V_ISR
	VALUES ("0222f743-825a-4610-8395-d201080c6853",
	"0808ea35-01a9-4268-a3fa-adc44d0490a5");
INSERT INTO V_VAL
	VALUES ("20793880-089d-4992-bd51-344bdb4f1c96",
	0,
	0,
	-1,
	-1,
	-1,
	0,
	0,
	0,
	0,
	"811f1dd7-74f0-407e-b449-939d0de5ee8d",
	"f849f6dc-4c41-4ab9-a7c1-ffe5bd2632b3");
INSERT INTO V_UNY
	VALUES ("20793880-089d-4992-bd51-344bdb4f1c96",
	"0222f743-825a-4610-8395-d201080c6853",
	'cardinality');
INSERT INTO V_VAL
	VALUES ("50ee568f-3eca-4ab2-b4d9-3152cbd35bed",
	0,
	0,
	6,
	6,
	6,
	0,
	0,
	0,
	0,
	"811f1dd7-74f0-407e-b449-939d0de5ee8d",
	"f849f6dc-4c41-4ab9-a7c1-ffe5bd2632b3");
INSERT INTO V_LIN
	VALUES ("50ee568f-3eca-4ab2-b4d9-3152cbd35bed",
	'9');
INSERT INTO V_VAL
	VALUES ("61b76e21-384d-4310-bd63-03ee67da9a13",
	0,
	0,
	-1,
	-1,
	-1,
	0,
	0,
	0,
	0,
	"4e005777-df64-4279-9c02-400e239872b9",
	"f849f6dc-4c41-4ab9-a7c1-ffe5bd2632b3");
INSERT INTO V_BIN
	VALUES ("61b76e21-384d-4310-bd63-03ee67da9a13",
	"b8201c41-1ef3-4ba2-92af-6631b33398f0",
	"50ee568f-3eca-4ab2-b4d9-3152cbd35bed",
	'==');
INSERT INTO V_VAL
	VALUES ("b8201c41-1ef3-4ba2-92af-6631b33398f0",
	0,
	0,
	6,
	11,
	11,
	0,
	0,
	0,
	0,
	"811f1dd7-74f0-407e-b449-939d0de5ee8d",
	"f849f6dc-4c41-4ab9-a7c1-ffe5bd2632b3");
INSERT INTO V_TVL
	VALUES ("b8201c41-1ef3-4ba2-92af-6631b33398f0",
	"f8153bdd-a8c1-4859-bb5b-b2ef72394e11");
INSERT INTO V_VAL
	VALUES ("0ef22686-58ae-4f35-a89b-b88d6e4aa495",
	0,
	0,
	23,
	8,
	18,
	0,
	0,
	0,
	0,
	"811f1dd7-74f0-407e-b449-939d0de5ee8d",
	"f849f6dc-4c41-4ab9-a7c1-ffe5bd2632b3");
INSERT INTO V_TVL
	VALUES ("0ef22686-58ae-4f35-a89b-b88d6e4aa495",
	"4fdc0990-5bdd-4023-a9f7-4dce4138fd5d");
INSERT INTO V_VAR
	VALUES ("4fdc0990-5bdd-4023-a9f7-4dce4138fd5d",
	"f849f6dc-4c41-4ab9-a7c1-ffe5bd2632b3",
	'temperature',
	1,
	"811f1dd7-74f0-407e-b449-939d0de5ee8d");
INSERT INTO V_TRN
	VALUES ("4fdc0990-5bdd-4023-a9f7-4dce4138fd5d",
	"00000000-0000-0000-0000-000000000000",
	'');
INSERT INTO V_LOC
	VALUES ("3d3e8794-2d48-43ca-9d36-ede48fa22c20",
	3,
	1,
	11,
	"4fdc0990-5bdd-4023-a9f7-4dce4138fd5d");
INSERT INTO V_LOC
	VALUES ("9c81d593-a78c-40a1-96b0-13cd1596c937",
	7,
	3,
	13,
	"4fdc0990-5bdd-4023-a9f7-4dce4138fd5d");
INSERT INTO V_LOC
	VALUES ("c2498fe3-618d-4529-98b4-9b9e617541f1",
	18,
	5,
	15,
	"4fdc0990-5bdd-4023-a9f7-4dce4138fd5d");
INSERT INTO V_LOC
	VALUES ("8b369fe2-ce60-4ce3-9930-cbcd58750047",
	23,
	8,
	18,
	"4fdc0990-5bdd-4023-a9f7-4dce4138fd5d");
INSERT INTO V_VAR
	VALUES ("0808ea35-01a9-4268-a3fa-adc44d0490a5",
	"f849f6dc-4c41-4ab9-a7c1-ffe5bd2632b3",
	'eligibles',
	1,
	"bd7c827f-c0a0-4115-8268-33db6654fef9");
INSERT INTO V_INS
	VALUES ("0808ea35-01a9-4268-a3fa-adc44d0490a5",
	"7dfbb9fe-d109-4356-a43c-8a02617ad46a");
INSERT INTO V_LOC
	VALUES ("8774263b-c193-4a47-b9ad-5d238ff95a94",
	4,
	13,
	21,
	"0808ea35-01a9-4268-a3fa-adc44d0490a5");
INSERT INTO V_LOC
	VALUES ("0969b7e0-5c62-40a6-9e31-7dfd3191566a",
	9,
	22,
	30,
	"0808ea35-01a9-4268-a3fa-adc44d0490a5");
INSERT INTO V_VAR
	VALUES ("ba2bbb6e-d260-4472-b8a6-7c1a39f52b28",
	"f849f6dc-4c41-4ab9-a7c1-ffe5bd2632b3",
	'self',
	1,
	"1a2907d2-496f-482d-ba4d-df818f73d6fa");
INSERT INTO V_INT
	VALUES ("ba2bbb6e-d260-4472-b8a6-7c1a39f52b28",
	0,
	"b7d2c815-d54e-475a-819c-5d9e6dbc66d5");
INSERT INTO V_VAR
	VALUES ("f8153bdd-a8c1-4859-bb5b-b2ef72394e11",
	"f849f6dc-4c41-4ab9-a7c1-ffe5bd2632b3",
	'c',
	1,
	"811f1dd7-74f0-407e-b449-939d0de5ee8d");
INSERT INTO V_TRN
	VALUES ("f8153bdd-a8c1-4859-bb5b-b2ef72394e11",
	"00000000-0000-0000-0000-000000000000",
	'');
INSERT INTO V_LOC
	VALUES ("bb26a20e-2e0b-4133-8ebf-2ae93ad4adf6",
	5,
	1,
	1,
	"f8153bdd-a8c1-4859-bb5b-b2ef72394e11");
INSERT INTO V_LOC
	VALUES ("d2b39ae0-4a75-4026-ae0d-9dc1291e7b8d",
	6,
	11,
	11,
	"f8153bdd-a8c1-4859-bb5b-b2ef72394e11");
INSERT INTO V_LOC
	VALUES ("2e1e67be-cbb9-42d4-8e66-61848a52a15f",
	12,
	3,
	3,
	"f8153bdd-a8c1-4859-bb5b-b2ef72394e11");
INSERT INTO V_LOC
	VALUES ("c9a05ef9-b8e4-4487-ba74-f55edf333ca9",
	13,
	13,
	13,
	"f8153bdd-a8c1-4859-bb5b-b2ef72394e11");
INSERT INTO ACT_BLK
	VALUES ("c999eb40-1471-4532-ba6c-a1984301d2de",
	0,
	0,
	0,
	'',
	'',
	'',
	7,
	3,
	0,
	0,
	0,
	0,
	0,
	0,
	0,
	0,
	0,
	0,
	0,
	"74ba9c5f-18be-4f28-bcf7-4e97f184760a",
	"00000000-0000-0000-0000-000000000000");
INSERT INTO ACT_SMT
	VALUES ("b1d1a938-33e1-490b-9c0c-1d14a8ced062",
	"c999eb40-1471-4532-ba6c-a1984301d2de",
	"00000000-0000-0000-0000-000000000000",
	7,
	3,
	'column::eliminate line: 7');
INSERT INTO ACT_AI
	VALUES ("b1d1a938-33e1-490b-9c0c-1d14a8ced062",
	"ededd836-f71f-4c05-a1a3-c39d59c3feab",
	"bf0c796d-124a-43ce-92b8-e04cc3ee9773",
	0,
	0);
INSERT INTO V_VAL
	VALUES ("bf0c796d-124a-43ce-92b8-e04cc3ee9773",
	1,
	0,
	7,
	3,
	13,
	0,
	0,
	0,
	0,
	"811f1dd7-74f0-407e-b449-939d0de5ee8d",
	"c999eb40-1471-4532-ba6c-a1984301d2de");
INSERT INTO V_TVL
	VALUES ("bf0c796d-124a-43ce-92b8-e04cc3ee9773",
	"4fdc0990-5bdd-4023-a9f7-4dce4138fd5d");
INSERT INTO V_VAL
	VALUES ("ededd836-f71f-4c05-a1a3-c39d59c3feab",
	0,
	0,
	7,
	17,
	19,
	0,
	0,
	0,
	0,
	"811f1dd7-74f0-407e-b449-939d0de5ee8d",
	"c999eb40-1471-4532-ba6c-a1984301d2de");
INSERT INTO V_LIN
	VALUES ("ededd836-f71f-4c05-a1a3-c39d59c3feab",
	'100');
INSERT INTO ACT_BLK
	VALUES ("b2f6bded-3a5a-4856-ac1c-a6cca3150195",
	0,
	0,
	0,
	'',
	'',
	'',
	9,
	1,
	0,
	0,
	0,
	0,
	0,
	0,
	0,
	0,
	0,
	0,
	0,
	"74ba9c5f-18be-4f28-bcf7-4e97f184760a",
	"00000000-0000-0000-0000-000000000000");
INSERT INTO ACT_SMT
	VALUES ("3fbb65d5-8170-4de6-94d0-aa61988c3343",
	"b2f6bded-3a5a-4856-ac1c-a6cca3150195",
	"00000000-0000-0000-0000-000000000000",
	9,
	1,
	'column::eliminate line: 9');
INSERT INTO ACT_FOR
	VALUES ("3fbb65d5-8170-4de6-94d0-aa61988c3343",
	"8057e209-cea7-4b47-af84-b8e3f18bf955",
	1,
	"c846f9dc-96ba-4a52-acc7-36120cadeb87",
	"0808ea35-01a9-4268-a3fa-adc44d0490a5",
	"7dfbb9fe-d109-4356-a43c-8a02617ad46a");
INSERT INTO V_VAR
	VALUES ("c846f9dc-96ba-4a52-acc7-36120cadeb87",
	"b2f6bded-3a5a-4856-ac1c-a6cca3150195",
	'eligible',
	1,
	"1a2907d2-496f-482d-ba4d-df818f73d6fa");
INSERT INTO V_INT
	VALUES ("c846f9dc-96ba-4a52-acc7-36120cadeb87",
	1,
	"7dfbb9fe-d109-4356-a43c-8a02617ad46a");
INSERT INTO V_LOC
	VALUES ("37fb086e-78e9-49a1-8df9-cd48d551bb02",
	9,
	10,
	17,
	"c846f9dc-96ba-4a52-acc7-36120cadeb87");
INSERT INTO V_LOC
	VALUES ("a0365f78-edd7-40b5-87ee-916d0adc7a7b",
	11,
	37,
	44,
	"c846f9dc-96ba-4a52-acc7-36120cadeb87");
INSERT INTO V_LOC
	VALUES ("784e0b24-b0ad-44d8-963b-1158f154b9fd",
	16,
	31,
	38,
	"c846f9dc-96ba-4a52-acc7-36120cadeb87");
INSERT INTO ACT_BLK
	VALUES ("8057e209-cea7-4b47-af84-b8e3f18bf955",
	1,
	0,
	1,
	'',
	'',
	'',
	13,
	3,
	10,
	49,
	0,
	0,
	10,
	58,
	0,
	0,
	0,
	0,
	0,
	"74ba9c5f-18be-4f28-bcf7-4e97f184760a",
	"00000000-0000-0000-0000-000000000000");
INSERT INTO ACT_SMT
	VALUES ("782e5dfd-ac02-4094-b725-ee247bb4758a",
	"8057e209-cea7-4b47-af84-b8e3f18bf955",
	"b4944836-7f3d-4ca9-b548-94a526417d75",
	10,
	3,
	'column::eliminate line: 10');
INSERT INTO ACT_SEL
	VALUES ("782e5dfd-ac02-4094-b725-ee247bb4758a",
	"0d194979-fcc1-4a40-bb7f-8714f5fb54a0",
	1,
	'many',
	"7787a11f-7940-4555-8e8a-7ffdf1f47e07");
INSERT INTO ACT_SRW
	VALUES ("782e5dfd-ac02-4094-b725-ee247bb4758a",
	"4497fe4f-3422-440d-9343-05ebeea1d3b5");
INSERT INTO ACT_LNK
	VALUES ("8327f25e-83bb-402f-9e61-9c5bcf2624bf",
	'',
	"782e5dfd-ac02-4094-b725-ee247bb4758a",
	"750a2939-f0a1-475a-a387-d099bd4f6edb",
	"b4dd3b96-837c-4d53-80fd-b4661b102191",
	3,
	"e488047e-8d3e-455c-a7e9-29120bad505f",
	10,
	39,
	10,
	44,
	0,
	0);
INSERT INTO ACT_LNK
	VALUES ("b4dd3b96-837c-4d53-80fd-b4661b102191",
	'',
	"00000000-0000-0000-0000-000000000000",
	"62a93566-2203-4db8-ba18-f7c15ca2072a",
	"00000000-0000-0000-0000-000000000000",
	3,
	"7dfbb9fe-d109-4356-a43c-8a02617ad46a",
	10,
	49,
	10,
	58,
	0,
	0);
INSERT INTO ACT_SMT
	VALUES ("b4944836-7f3d-4ca9-b548-94a526417d75",
	"8057e209-cea7-4b47-af84-b8e3f18bf955",
	"b78d1121-73d5-4db3-9a23-effaa949ae37",
	12,
	3,
	'column::eliminate line: 12');
INSERT INTO ACT_AI
	VALUES ("b4944836-7f3d-4ca9-b548-94a526417d75",
	"f96a9820-2f53-43cb-9f51-27198f036fbe",
	"df50ebb8-ff7a-4aae-893b-9dff9def0d09",
	0,
	0);
INSERT INTO ACT_SMT
	VALUES ("b78d1121-73d5-4db3-9a23-effaa949ae37",
	"8057e209-cea7-4b47-af84-b8e3f18bf955",
	"00000000-0000-0000-0000-000000000000",
	13,
	3,
	'column::eliminate line: 13');
INSERT INTO ACT_IF
	VALUES ("b78d1121-73d5-4db3-9a23-effaa949ae37",
	"c751c089-6c17-46e0-96a9-491fbfcbaf93",
	"7df97c15-461d-43e9-b27f-9f0b033ec8f0",
	"00000000-0000-0000-0000-000000000000",
	"00000000-0000-0000-0000-000000000000");
INSERT INTO V_VAL
	VALUES ("7787a11f-7940-4555-8e8a-7ffdf1f47e07",
	0,
	0,
	10,
	33,
	36,
	0,
	0,
	0,
	0,
	"1a2907d2-496f-482d-ba4d-df818f73d6fa",
	"8057e209-cea7-4b47-af84-b8e3f18bf955");
INSERT INTO V_IRF
	VALUES ("7787a11f-7940-4555-8e8a-7ffdf1f47e07",
	"ba2bbb6e-d260-4472-b8a6-7c1a39f52b28");
INSERT INTO V_VAL
	VALUES ("796e3676-b515-4e09-a9f0-744bd435305a",
	0,
	0,
	11,
	13,
	-1,
	0,
	0,
	0,
	0,
	"1a2907d2-496f-482d-ba4d-df818f73d6fa",
	"8057e209-cea7-4b47-af84-b8e3f18bf955");
INSERT INTO V_SLR
	VALUES ("796e3676-b515-4e09-a9f0-744bd435305a",
	"00000000-0000-0000-0000-000000000000",
	"00000000-0000-0000-0000-000000000000",
	"00000000-0000-0000-0000-000000000000");
INSERT INTO V_VAL
	VALUES ("d19dd729-bb26-4f91-9aea-c9f638eaf998",
	0,
	0,
	11,
	22,
	32,
	0,
	0,
	0,
	0,
	"811f1dd7-74f0-407e-b449-939d0de5ee8d",
	"8057e209-cea7-4b47-af84-b8e3f18bf955");
INSERT INTO V_AVL
	VALUES ("d19dd729-bb26-4f91-9aea-c9f638eaf998",
	"796e3676-b515-4e09-a9f0-744bd435305a",
	"7dfbb9fe-d109-4356-a43c-8a02617ad46a",
	"a460f509-7c57-4f06-af25-d200aed49293");
INSERT INTO V_VAL
	VALUES ("4497fe4f-3422-440d-9343-05ebeea1d3b5",
	0,
	0,
	-1,
	-1,
	-1,
	0,
	0,
	0,
	0,
	"4e005777-df64-4279-9c02-400e239872b9",
	"8057e209-cea7-4b47-af84-b8e3f18bf955");
INSERT INTO V_BIN
	VALUES ("4497fe4f-3422-440d-9343-05ebeea1d3b5",
	"aa6db69f-1b25-40e3-b721-6d9725c08721",
	"d19dd729-bb26-4f91-9aea-c9f638eaf998",
	'==');
INSERT INTO V_VAL
	VALUES ("74f266a6-d5ac-402b-bb71-0eb472b7c7d3",
	0,
	0,
	11,
	37,
	44,
	0,
	0,
	0,
	0,
	"1a2907d2-496f-482d-ba4d-df818f73d6fa",
	"8057e209-cea7-4b47-af84-b8e3f18bf955");
INSERT INTO V_IRF
	VALUES ("74f266a6-d5ac-402b-bb71-0eb472b7c7d3",
	"c846f9dc-96ba-4a52-acc7-36120cadeb87");
INSERT INTO V_VAL
	VALUES ("aa6db69f-1b25-40e3-b721-6d9725c08721",
	0,
	0,
	11,
	46,
	56,
	0,
	0,
	0,
	0,
	"811f1dd7-74f0-407e-b449-939d0de5ee8d",
	"8057e209-cea7-4b47-af84-b8e3f18bf955");
INSERT INTO V_AVL
	VALUES ("aa6db69f-1b25-40e3-b721-6d9725c08721",
	"74f266a6-d5ac-402b-bb71-0eb472b7c7d3",
	"7dfbb9fe-d109-4356-a43c-8a02617ad46a",
	"a460f509-7c57-4f06-af25-d200aed49293");
INSERT INTO V_VAL
	VALUES ("df50ebb8-ff7a-4aae-893b-9dff9def0d09",
	1,
	0,
	12,
	3,
	3,
	0,
	0,
	0,
	0,
	"811f1dd7-74f0-407e-b449-939d0de5ee8d",
	"8057e209-cea7-4b47-af84-b8e3f18bf955");
INSERT INTO V_TVL
	VALUES ("df50ebb8-ff7a-4aae-893b-9dff9def0d09",
	"f8153bdd-a8c1-4859-bb5b-b2ef72394e11");
INSERT INTO V_VAL
	VALUES ("92abce6d-1fa3-418c-baad-296b2a4ffda6",
	0,
	0,
	12,
	19,
	24,
	0,
	0,
	0,
	0,
	"bd7c827f-c0a0-4115-8268-33db6654fef9",
	"8057e209-cea7-4b47-af84-b8e3f18bf955");
INSERT INTO V_ISR
	VALUES ("92abce6d-1fa3-418c-baad-296b2a4ffda6",
	"0d194979-fcc1-4a40-bb7f-8714f5fb54a0");
INSERT INTO V_VAL
	VALUES ("f96a9820-2f53-43cb-9f51-27198f036fbe",
	0,
	0,
	-1,
	-1,
	-1,
	0,
	0,
	0,
	0,
	"811f1dd7-74f0-407e-b449-939d0de5ee8d",
	"8057e209-cea7-4b47-af84-b8e3f18bf955");
INSERT INTO V_UNY
	VALUES ("f96a9820-2f53-43cb-9f51-27198f036fbe",
	"92abce6d-1fa3-418c-baad-296b2a4ffda6",
	'cardinality');
INSERT INTO V_VAL
	VALUES ("5b2f598f-c1c4-4365-829b-568c8836c18e",
	0,
	0,
	13,
	8,
	8,
	0,
	0,
	0,
	0,
	"811f1dd7-74f0-407e-b449-939d0de5ee8d",
	"8057e209-cea7-4b47-af84-b8e3f18bf955");
INSERT INTO V_LIN
	VALUES ("5b2f598f-c1c4-4365-829b-568c8836c18e",
	'1');
INSERT INTO V_VAL
	VALUES ("7df97c15-461d-43e9-b27f-9f0b033ec8f0",
	0,
	0,
	-1,
	-1,
	-1,
	0,
	0,
	0,
	0,
	"4e005777-df64-4279-9c02-400e239872b9",
	"8057e209-cea7-4b47-af84-b8e3f18bf955");
INSERT INTO V_BIN
	VALUES ("7df97c15-461d-43e9-b27f-9f0b033ec8f0",
	"b6df764e-4602-479c-a0fc-fc56754a96c0",
	"5b2f598f-c1c4-4365-829b-568c8836c18e",
	'==');
INSERT INTO V_VAL
	VALUES ("b6df764e-4602-479c-a0fc-fc56754a96c0",
	0,
	0,
	13,
	13,
	13,
	0,
	0,
	0,
	0,
	"811f1dd7-74f0-407e-b449-939d0de5ee8d",
	"8057e209-cea7-4b47-af84-b8e3f18bf955");
INSERT INTO V_TVL
	VALUES ("b6df764e-4602-479c-a0fc-fc56754a96c0",
	"f8153bdd-a8c1-4859-bb5b-b2ef72394e11");
INSERT INTO V_VAR
	VALUES ("0d194979-fcc1-4a40-bb7f-8714f5fb54a0",
	"8057e209-cea7-4b47-af84-b8e3f18bf955",
	'loners',
	1,
	"bd7c827f-c0a0-4115-8268-33db6654fef9");
INSERT INTO V_INS
	VALUES ("0d194979-fcc1-4a40-bb7f-8714f5fb54a0",
	"7dfbb9fe-d109-4356-a43c-8a02617ad46a");
INSERT INTO V_LOC
	VALUES ("84f3ff20-99d5-4efa-a944-943839a0d8af",
	10,
	15,
	20,
	"0d194979-fcc1-4a40-bb7f-8714f5fb54a0");
INSERT INTO ACT_BLK
	VALUES ("c751c089-6c17-46e0-96a9-491fbfcbaf93",
	1,
	0,
	0,
	'',
	'',
	'',
	19,
	5,
	15,
	42,
	0,
	0,
	15,
	47,
	0,
	0,
	0,
	0,
	0,
	"74ba9c5f-18be-4f28-bcf7-4e97f184760a",
	"00000000-0000-0000-0000-000000000000");
INSERT INTO ACT_SMT
	VALUES ("2e8b8011-4fc5-4556-bc88-d9cb6e985b73",
	"c751c089-6c17-46e0-96a9-491fbfcbaf93",
	"073b6b29-8fd1-4685-8564-1b6918084bd1",
	15,
	5,
	'column::eliminate line: 15');
INSERT INTO ACT_SEL
	VALUES ("2e8b8011-4fc5-4556-bc88-d9cb6e985b73",
	"a622ccd6-87a0-4f4f-8bde-671744c42477",
	1,
	'one',
	"ef2983f3-5ce2-49c6-86c2-ede0de78e92a");
INSERT INTO ACT_SR
	VALUES ("2e8b8011-4fc5-4556-bc88-d9cb6e985b73");
INSERT INTO ACT_LNK
	VALUES ("09c3b455-538f-4236-a4d0-88f19e9ebd94",
	'',
	"2e8b8011-4fc5-4556-bc88-d9cb6e985b73",
	"62a93566-2203-4db8-ba18-f7c15ca2072a",
	"00000000-0000-0000-0000-000000000000",
	2,
	"e488047e-8d3e-455c-a7e9-29120bad505f",
	15,
	42,
	15,
	47,
	0,
	0);
INSERT INTO ACT_SMT
	VALUES ("073b6b29-8fd1-4685-8564-1b6918084bd1",
	"c751c089-6c17-46e0-96a9-491fbfcbaf93",
	"55c43d36-ffd3-4a73-ac6d-9dacf94e00ff",
	16,
	5,
	'column::eliminate line: 16');
INSERT INTO ACT_TFM
	VALUES ("073b6b29-8fd1-4685-8564-1b6918084bd1",
	"a3632caa-a4af-4c7b-8e5d-212826ddcf99",
	"a622ccd6-87a0-4f4f-8bde-671744c42477",
	16,
	10,
	0,
	0);
INSERT INTO ACT_SMT
	VALUES ("55c43d36-ffd3-4a73-ac6d-9dacf94e00ff",
	"c751c089-6c17-46e0-96a9-491fbfcbaf93",
	"c566cf6a-f64c-43a1-b097-65da4e792d31",
	18,
	5,
	'column::eliminate line: 18');
INSERT INTO ACT_AI
	VALUES ("55c43d36-ffd3-4a73-ac6d-9dacf94e00ff",
	"71e2898f-1f5e-4d08-bf41-d84206600e8c",
	"719cc316-4f76-49ff-9c77-e8aa9000cb12",
	0,
	0);
INSERT INTO ACT_SMT
	VALUES ("c566cf6a-f64c-43a1-b097-65da4e792d31",
	"c751c089-6c17-46e0-96a9-491fbfcbaf93",
	"00000000-0000-0000-0000-000000000000",
	19,
	5,
	'column::eliminate line: 19');
INSERT INTO ACT_BRK
	VALUES ("c566cf6a-f64c-43a1-b097-65da4e792d31");
INSERT INTO V_VAL
	VALUES ("ef2983f3-5ce2-49c6-86c2-ede0de78e92a",
	0,
	0,
	15,
	32,
	39,
	0,
	0,
	0,
	0,
	"1a2907d2-496f-482d-ba4d-df818f73d6fa",
	"c751c089-6c17-46e0-96a9-491fbfcbaf93");
INSERT INTO V_IRF
	VALUES ("ef2983f3-5ce2-49c6-86c2-ede0de78e92a",
	"c846f9dc-96ba-4a52-acc7-36120cadeb87");
INSERT INTO V_VAL
	VALUES ("fabb5616-c790-4613-a86c-e98a94378944",
	0,
	0,
	16,
	31,
	38,
	0,
	0,
	0,
	0,
	"1a2907d2-496f-482d-ba4d-df818f73d6fa",
	"c751c089-6c17-46e0-96a9-491fbfcbaf93");
INSERT INTO V_IRF
	VALUES ("fabb5616-c790-4613-a86c-e98a94378944",
	"c846f9dc-96ba-4a52-acc7-36120cadeb87");
INSERT INTO V_VAL
	VALUES ("7fe0db9c-6148-4709-8120-319d4e7de29e",
	0,
	0,
	16,
	40,
	50,
	0,
	0,
	0,
	0,
	"811f1dd7-74f0-407e-b449-939d0de5ee8d",
	"c751c089-6c17-46e0-96a9-491fbfcbaf93");
INSERT INTO V_AVL
	VALUES ("7fe0db9c-6148-4709-8120-319d4e7de29e",
	"fabb5616-c790-4613-a86c-e98a94378944",
	"7dfbb9fe-d109-4356-a43c-8a02617ad46a",
	"a460f509-7c57-4f06-af25-d200aed49293");
INSERT INTO V_PAR
	VALUES ("7fe0db9c-6148-4709-8120-319d4e7de29e",
	"073b6b29-8fd1-4685-8564-1b6918084bd1",
	"00000000-0000-0000-0000-000000000000",
	'answer_digit',
	"00000000-0000-0000-0000-000000000000",
	16,
	18);
INSERT INTO V_VAL
	VALUES ("719cc316-4f76-49ff-9c77-e8aa9000cb12",
	1,
	0,
	18,
	5,
	15,
	0,
	0,
	0,
	0,
	"811f1dd7-74f0-407e-b449-939d0de5ee8d",
	"c751c089-6c17-46e0-96a9-491fbfcbaf93");
INSERT INTO V_TVL
	VALUES ("719cc316-4f76-49ff-9c77-e8aa9000cb12",
	"4fdc0990-5bdd-4023-a9f7-4dce4138fd5d");
INSERT INTO V_VAL
	VALUES ("71e2898f-1f5e-4d08-bf41-d84206600e8c",
	0,
	0,
	18,
	19,
	19,
	0,
	0,
	0,
	0,
	"811f1dd7-74f0-407e-b449-939d0de5ee8d",
	"c751c089-6c17-46e0-96a9-491fbfcbaf93");
INSERT INTO V_LIN
	VALUES ("71e2898f-1f5e-4d08-bf41-d84206600e8c",
	'1');
INSERT INTO V_VAR
	VALUES ("a622ccd6-87a0-4f4f-8bde-671744c42477",
	"c751c089-6c17-46e0-96a9-491fbfcbaf93",
	'cell',
	1,
	"1a2907d2-496f-482d-ba4d-df818f73d6fa");
INSERT INTO V_INT
	VALUES ("a622ccd6-87a0-4f4f-8bde-671744c42477",
	0,
	"e488047e-8d3e-455c-a7e9-29120bad505f");
INSERT INTO V_LOC
	VALUES ("a4ee5c31-6a5d-49d8-a215-fad32d1a3bb4",
	15,
	16,
	19,
	"a622ccd6-87a0-4f4f-8bde-671744c42477");
INSERT INTO V_LOC
	VALUES ("75bf3e51-1516-445b-a99d-54bd2b208b15",
	16,
	5,
	8,
	"a622ccd6-87a0-4f4f-8bde-671744c42477");
INSERT INTO O_NBATTR
	VALUES ("90e0d09a-7fa5-45f0-ac4f-f519aa651f29",
	"b7d2c815-d54e-475a-819c-5d9e6dbc66d5");
INSERT INTO O_BATTR
	VALUES ("90e0d09a-7fa5-45f0-ac4f-f519aa651f29",
	"b7d2c815-d54e-475a-819c-5d9e6dbc66d5");
INSERT INTO O_ATTR
	VALUES ("90e0d09a-7fa5-45f0-ac4f-f519aa651f29",
	"b7d2c815-d54e-475a-819c-5d9e6dbc66d5",
	"00000000-0000-0000-0000-000000000000",
	'number',
	'',
	'',
	'number',
	0,
	"811f1dd7-74f0-407e-b449-939d0de5ee8d",
	'',
	'');
INSERT INTO O_NBATTR
	VALUES ("b4b801fb-a013-46a7-a236-07ca7963c923",
	"b7d2c815-d54e-475a-819c-5d9e6dbc66d5");
INSERT INTO O_BATTR
	VALUES ("b4b801fb-a013-46a7-a236-07ca7963c923",
	"b7d2c815-d54e-475a-819c-5d9e6dbc66d5");
INSERT INTO O_ATTR
	VALUES ("b4b801fb-a013-46a7-a236-07ca7963c923",
	"b7d2c815-d54e-475a-819c-5d9e6dbc66d5",
	"90e0d09a-7fa5-45f0-ac4f-f519aa651f29",
	'current_state',
	'',
	'',
	'current_state',
	0,
	"ea4f2014-da78-4798-8130-991e8750cff6",
	'',
	'');
INSERT INTO O_ID
	VALUES (0,
	"b7d2c815-d54e-475a-819c-5d9e6dbc66d5");
INSERT INTO O_ID
	VALUES (1,
	"b7d2c815-d54e-475a-819c-5d9e6dbc66d5");
INSERT INTO O_OIDA
	VALUES ("90e0d09a-7fa5-45f0-ac4f-f519aa651f29",
	"b7d2c815-d54e-475a-819c-5d9e6dbc66d5",
	1);
INSERT INTO O_ID
	VALUES (2,
	"b7d2c815-d54e-475a-819c-5d9e6dbc66d5");
INSERT INTO SM_ISM
	VALUES ("191f3cac-3a11-4a29-a15a-2cf0b5518da2",
	"b7d2c815-d54e-475a-819c-5d9e6dbc66d5");
INSERT INTO SM_SM
	VALUES ("191f3cac-3a11-4a29-a15a-2cf0b5518da2",
	'',
	0);
INSERT INTO SM_MOORE
	VALUES ("191f3cac-3a11-4a29-a15a-2cf0b5518da2");
INSERT INTO SM_LEVT
	VALUES ("ee87929d-8d33-409c-be82-b312e01b87ec",
	"191f3cac-3a11-4a29-a15a-2cf0b5518da2",
	"00000000-0000-0000-0000-000000000000");
INSERT INTO SM_SEVT
	VALUES ("ee87929d-8d33-409c-be82-b312e01b87ec",
	"191f3cac-3a11-4a29-a15a-2cf0b5518da2",
	"00000000-0000-0000-0000-000000000000");
INSERT INTO SM_EVT
	VALUES ("ee87929d-8d33-409c-be82-b312e01b87ec",
	"191f3cac-3a11-4a29-a15a-2cf0b5518da2",
	"00000000-0000-0000-0000-000000000000",
	1,
	'update',
	0,
	'',
	'COLUMN1',
	'');
INSERT INTO SM_LEVT
	VALUES ("87fca4be-2420-428e-be5e-4afc33485f64",
	"191f3cac-3a11-4a29-a15a-2cf0b5518da2",
	"00000000-0000-0000-0000-000000000000");
INSERT INTO SM_SEVT
	VALUES ("87fca4be-2420-428e-be5e-4afc33485f64",
	"191f3cac-3a11-4a29-a15a-2cf0b5518da2",
	"00000000-0000-0000-0000-000000000000");
INSERT INTO SM_EVT
	VALUES ("87fca4be-2420-428e-be5e-4afc33485f64",
	"191f3cac-3a11-4a29-a15a-2cf0b5518da2",
	"00000000-0000-0000-0000-000000000000",
	2,
	'solved',
	0,
	'',
	'COLUMN2',
	'');
INSERT INTO SM_STATE
	VALUES ("607760d9-e4a5-435a-bab4-8c5cefc62a3b",
	"191f3cac-3a11-4a29-a15a-2cf0b5518da2",
	"00000000-0000-0000-0000-000000000000",
	'solving',
	1,
	0);
INSERT INTO SM_SEME
	VALUES ("607760d9-e4a5-435a-bab4-8c5cefc62a3b",
	"ee87929d-8d33-409c-be82-b312e01b87ec",
	"191f3cac-3a11-4a29-a15a-2cf0b5518da2",
	"00000000-0000-0000-0000-000000000000");
INSERT INTO SM_SEME
	VALUES ("607760d9-e4a5-435a-bab4-8c5cefc62a3b",
	"87fca4be-2420-428e-be5e-4afc33485f64",
	"191f3cac-3a11-4a29-a15a-2cf0b5518da2",
	"00000000-0000-0000-0000-000000000000");
INSERT INTO SM_MOAH
	VALUES ("cc005406-aa07-41cb-8483-dd5d403794d3",
	"191f3cac-3a11-4a29-a15a-2cf0b5518da2",
	"607760d9-e4a5-435a-bab4-8c5cefc62a3b");
INSERT INTO SM_AH
	VALUES ("cc005406-aa07-41cb-8483-dd5d403794d3",
	"191f3cac-3a11-4a29-a15a-2cf0b5518da2");
INSERT INTO SM_ACT
	VALUES ("cc005406-aa07-41cb-8483-dd5d403794d3",
	"191f3cac-3a11-4a29-a15a-2cf0b5518da2",
	1,
	'if ( 100 == self.prune() )
  generate COLUMN2:solved() to self;
elif ( 100 == self.eliminate() )
  generate COLUMN2:solved() to self;
else
  select one sequence related by self->SEQUENCE[R1];
  if ( sequence.requests >= 1 )
    sequence.requests = 1;
    c = self;
    generate COLUMN1:update() to c;
  else
    sequence.requests = 0;
  end if;
end if;
',
	'');
INSERT INTO ACT_SAB
	VALUES ("03309149-81d2-483a-8d28-8b8893668995",
	"191f3cac-3a11-4a29-a15a-2cf0b5518da2",
	"cc005406-aa07-41cb-8483-dd5d403794d3");
INSERT INTO ACT_ACT
	VALUES ("03309149-81d2-483a-8d28-8b8893668995",
	'state',
	0,
	"0ad32427-ba9a-4989-ae41-5c00f054c1d9",
	"00000000-0000-0000-0000-000000000000",
	0,
	'column::solving',
	"00000000-0000-0000-0000-000000000000");
INSERT INTO ACT_BLK
	VALUES ("0ad32427-ba9a-4989-ae41-5c00f054c1d9",
	0,
	0,
	0,
	'',
	'',
	'',
	5,
	1,
	0,
	0,
	0,
	0,
	0,
	0,
	0,
	0,
	0,
	0,
	0,
	"03309149-81d2-483a-8d28-8b8893668995",
	"00000000-0000-0000-0000-000000000000");
INSERT INTO ACT_SMT
	VALUES ("1987908b-8fa8-487d-aa47-d8d94d5503bf",
	"0ad32427-ba9a-4989-ae41-5c00f054c1d9",
	"00000000-0000-0000-0000-000000000000",
	1,
	1,
	'column::solving line: 1');
INSERT INTO ACT_IF
	VALUES ("1987908b-8fa8-487d-aa47-d8d94d5503bf",
	"e5181e8e-f2f2-44a0-906e-db05f19c6f28",
	"8735bac9-8c58-46b1-8abe-01ff496bde1f",
	"00000000-0000-0000-0000-000000000000",
	"00000000-0000-0000-0000-000000000000");
INSERT INTO ACT_SMT
	VALUES ("4d221aa4-637e-41c3-a2ce-416b57c0842f",
	"0ad32427-ba9a-4989-ae41-5c00f054c1d9",
	"00000000-0000-0000-0000-000000000000",
	3,
	1,
	'column::solving line: 3');
INSERT INTO ACT_EL
	VALUES ("4d221aa4-637e-41c3-a2ce-416b57c0842f",
	"1f4da9ae-1a8f-45c5-97b7-5db2f4ad9b19",
	"caed90d2-f3bc-4d3b-85de-4a2eb16dbec6",
	"1987908b-8fa8-487d-aa47-d8d94d5503bf");
INSERT INTO ACT_SMT
	VALUES ("ba36cea7-822b-4059-ba4a-38cb348c1f55",
	"0ad32427-ba9a-4989-ae41-5c00f054c1d9",
	"00000000-0000-0000-0000-000000000000",
	5,
	1,
	'column::solving line: 5');
INSERT INTO ACT_E
	VALUES ("ba36cea7-822b-4059-ba4a-38cb348c1f55",
	"d12c72e6-fa1d-458b-bf75-18ddab325208",
	"1987908b-8fa8-487d-aa47-d8d94d5503bf");
INSERT INTO V_VAL
	VALUES ("4609dc90-f493-4b07-94cb-7229cb077bc2",
	0,
	0,
	1,
	6,
	8,
	0,
	0,
	0,
	0,
	"811f1dd7-74f0-407e-b449-939d0de5ee8d",
	"0ad32427-ba9a-4989-ae41-5c00f054c1d9");
INSERT INTO V_LIN
	VALUES ("4609dc90-f493-4b07-94cb-7229cb077bc2",
	'100');
INSERT INTO V_VAL
	VALUES ("8735bac9-8c58-46b1-8abe-01ff496bde1f",
	0,
	0,
	-1,
	-1,
	-1,
	0,
	0,
	0,
	0,
	"4e005777-df64-4279-9c02-400e239872b9",
	"0ad32427-ba9a-4989-ae41-5c00f054c1d9");
INSERT INTO V_BIN
	VALUES ("8735bac9-8c58-46b1-8abe-01ff496bde1f",
	"74b18180-1fcc-4fe1-ab70-b9a535a7fa28",
	"4609dc90-f493-4b07-94cb-7229cb077bc2",
	'==');
INSERT INTO V_VAL
	VALUES ("74b18180-1fcc-4fe1-ab70-b9a535a7fa28",
	0,
	0,
	1,
	18,
	-1,
	0,
	0,
	0,
	0,
	"811f1dd7-74f0-407e-b449-939d0de5ee8d",
	"0ad32427-ba9a-4989-ae41-5c00f054c1d9");
INSERT INTO V_TRV
	VALUES ("74b18180-1fcc-4fe1-ab70-b9a535a7fa28",
	"477fe3eb-500d-4bd6-b226-d1d06d05d9ea",
	"2cb0bbff-c84c-47e4-a8bb-a9b72f96dc96",
	1,
	0,
	0);
INSERT INTO V_VAL
	VALUES ("369a2c7c-8f40-4574-b2c4-745467e7f0e9",
	0,
	0,
	3,
	8,
	10,
	0,
	0,
	0,
	0,
	"811f1dd7-74f0-407e-b449-939d0de5ee8d",
	"0ad32427-ba9a-4989-ae41-5c00f054c1d9");
INSERT INTO V_LIN
	VALUES ("369a2c7c-8f40-4574-b2c4-745467e7f0e9",
	'100');
INSERT INTO V_VAL
	VALUES ("caed90d2-f3bc-4d3b-85de-4a2eb16dbec6",
	0,
	0,
	-1,
	-1,
	-1,
	0,
	0,
	0,
	0,
	"4e005777-df64-4279-9c02-400e239872b9",
	"0ad32427-ba9a-4989-ae41-5c00f054c1d9");
INSERT INTO V_BIN
	VALUES ("caed90d2-f3bc-4d3b-85de-4a2eb16dbec6",
	"0d343e08-4aeb-479a-a341-5f83d48a347f",
	"369a2c7c-8f40-4574-b2c4-745467e7f0e9",
	'==');
INSERT INTO V_VAL
	VALUES ("0d343e08-4aeb-479a-a341-5f83d48a347f",
	0,
	0,
	3,
	20,
	-1,
	0,
	0,
	0,
	0,
	"811f1dd7-74f0-407e-b449-939d0de5ee8d",
	"0ad32427-ba9a-4989-ae41-5c00f054c1d9");
INSERT INTO V_TRV
	VALUES ("0d343e08-4aeb-479a-a341-5f83d48a347f",
	"3bc8ba55-c728-4dd2-9472-84165cae4da9",
	"2cb0bbff-c84c-47e4-a8bb-a9b72f96dc96",
	1,
	0,
	0);
INSERT INTO V_VAR
	VALUES ("2cb0bbff-c84c-47e4-a8bb-a9b72f96dc96",
	"0ad32427-ba9a-4989-ae41-5c00f054c1d9",
	'self',
	1,
	"1a2907d2-496f-482d-ba4d-df818f73d6fa");
INSERT INTO V_INT
	VALUES ("2cb0bbff-c84c-47e4-a8bb-a9b72f96dc96",
	0,
	"b7d2c815-d54e-475a-819c-5d9e6dbc66d5");
INSERT INTO V_LOC
	VALUES ("8cf7e2e8-8561-4b9e-9cfd-583b59a5f3b7",
	1,
	13,
	16,
	"2cb0bbff-c84c-47e4-a8bb-a9b72f96dc96");
INSERT INTO V_LOC
	VALUES ("15388b00-66c1-496d-8f94-0a38f0cf1c92",
	2,
	32,
	35,
	"2cb0bbff-c84c-47e4-a8bb-a9b72f96dc96");
INSERT INTO V_LOC
	VALUES ("d61a7984-e961-49d1-a6a3-6b3c12311c7e",
	3,
	15,
	18,
	"2cb0bbff-c84c-47e4-a8bb-a9b72f96dc96");
INSERT INTO V_LOC
	VALUES ("5686034d-47a6-4156-98be-4e699ea07d26",
	4,
	32,
	35,
	"2cb0bbff-c84c-47e4-a8bb-a9b72f96dc96");
INSERT INTO V_LOC
	VALUES ("b45909c5-22f0-4d2b-8b03-c69a7b1262ce",
	9,
	9,
	12,
	"2cb0bbff-c84c-47e4-a8bb-a9b72f96dc96");
INSERT INTO ACT_BLK
	VALUES ("e5181e8e-f2f2-44a0-906e-db05f19c6f28",
	0,
	0,
	0,
	'V_VAR.Var_ID',
	'',
	'',
	2,
	3,
	0,
	0,
	0,
	0,
	0,
	0,
	0,
	0,
	0,
	0,
	0,
	"03309149-81d2-483a-8d28-8b8893668995",
	"00000000-0000-0000-0000-000000000000");
INSERT INTO ACT_SMT
	VALUES ("49fc4d00-fc00-4692-af7d-fde8796653c2",
	"e5181e8e-f2f2-44a0-906e-db05f19c6f28",
	"00000000-0000-0000-0000-000000000000",
	2,
	3,
	'column::solving line: 2');
INSERT INTO E_ESS
	VALUES ("49fc4d00-fc00-4692-af7d-fde8796653c2",
	1,
	0,
	2,
	12,
	2,
	20,
	0,
	0,
	0,
	0,
	0,
	0);
INSERT INTO E_GES
	VALUES ("49fc4d00-fc00-4692-af7d-fde8796653c2");
INSERT INTO E_GSME
	VALUES ("49fc4d00-fc00-4692-af7d-fde8796653c2",
	"87fca4be-2420-428e-be5e-4afc33485f64",
	"191f3cac-3a11-4a29-a15a-2cf0b5518da2");
INSERT INTO E_GEN
	VALUES ("49fc4d00-fc00-4692-af7d-fde8796653c2",
	"2cb0bbff-c84c-47e4-a8bb-a9b72f96dc96");
INSERT INTO ACT_BLK
	VALUES ("1f4da9ae-1a8f-45c5-97b7-5db2f4ad9b19",
	0,
	0,
	0,
	'V_VAR.Var_ID',
	'',
	'',
	4,
	3,
	0,
	0,
	0,
	0,
	0,
	0,
	0,
	0,
	0,
	0,
	0,
	"03309149-81d2-483a-8d28-8b8893668995",
	"00000000-0000-0000-0000-000000000000");
INSERT INTO ACT_SMT
	VALUES ("bbe69804-298a-4b69-a774-6ab3ef26a50f",
	"1f4da9ae-1a8f-45c5-97b7-5db2f4ad9b19",
	"00000000-0000-0000-0000-000000000000",
	4,
	3,
	'column::solving line: 4');
INSERT INTO E_ESS
	VALUES ("bbe69804-298a-4b69-a774-6ab3ef26a50f",
	1,
	0,
	4,
	12,
	4,
	20,
	0,
	0,
	0,
	0,
	0,
	0);
INSERT INTO E_GES
	VALUES ("bbe69804-298a-4b69-a774-6ab3ef26a50f");
INSERT INTO E_GSME
	VALUES ("bbe69804-298a-4b69-a774-6ab3ef26a50f",
	"87fca4be-2420-428e-be5e-4afc33485f64",
	"191f3cac-3a11-4a29-a15a-2cf0b5518da2");
INSERT INTO E_GEN
	VALUES ("bbe69804-298a-4b69-a774-6ab3ef26a50f",
	"2cb0bbff-c84c-47e4-a8bb-a9b72f96dc96");
INSERT INTO ACT_BLK
	VALUES ("d12c72e6-fa1d-458b-bf75-18ddab325208",
	1,
	0,
	0,
	'',
	'',
	'',
	11,
	3,
	6,
	40,
	0,
	0,
	6,
	49,
	0,
	0,
	0,
	0,
	0,
	"03309149-81d2-483a-8d28-8b8893668995",
	"00000000-0000-0000-0000-000000000000");
INSERT INTO ACT_SMT
	VALUES ("88258c91-5217-422e-b214-85d586817004",
	"d12c72e6-fa1d-458b-bf75-18ddab325208",
	"fd6d68c0-9344-4321-9a54-03a2cc5ee8e9",
	6,
	3,
	'column::solving line: 6');
INSERT INTO ACT_SEL
	VALUES ("88258c91-5217-422e-b214-85d586817004",
	"5089dc53-adab-4213-9236-55b344349588",
	1,
	'one',
	"e4b2e521-f0e8-4245-80c9-4d9f166c8c7e");
INSERT INTO ACT_SR
	VALUES ("88258c91-5217-422e-b214-85d586817004");
INSERT INTO ACT_LNK
	VALUES ("6b2dc574-cbac-455c-9d21-1830bb3662ee",
	'',
	"88258c91-5217-422e-b214-85d586817004",
	"8894c5f7-bffa-4974-ac54-7678f0a478b0",
	"00000000-0000-0000-0000-000000000000",
	2,
	"03ac2337-ce3a-497f-a3de-92a1101b2208",
	6,
	40,
	6,
	49,
	0,
	0);
INSERT INTO ACT_SMT
	VALUES ("fd6d68c0-9344-4321-9a54-03a2cc5ee8e9",
	"d12c72e6-fa1d-458b-bf75-18ddab325208",
	"00000000-0000-0000-0000-000000000000",
	7,
	3,
	'column::solving line: 7');
INSERT INTO ACT_IF
	VALUES ("fd6d68c0-9344-4321-9a54-03a2cc5ee8e9",
	"184459b8-2c02-474a-9685-b5c722d59899",
	"84a8f8b5-f0f0-4f8c-92f3-b43b127196e4",
	"00000000-0000-0000-0000-000000000000",
	"00000000-0000-0000-0000-000000000000");
INSERT INTO ACT_SMT
	VALUES ("e1f182f8-fba9-4b77-b83d-33072512ea29",
	"d12c72e6-fa1d-458b-bf75-18ddab325208",
	"00000000-0000-0000-0000-000000000000",
	11,
	3,
	'column::solving line: 11');
INSERT INTO ACT_E
	VALUES ("e1f182f8-fba9-4b77-b83d-33072512ea29",
	"f657b2af-d81a-4c16-8bc3-f621b0bc1575",
	"fd6d68c0-9344-4321-9a54-03a2cc5ee8e9");
INSERT INTO V_VAL
	VALUES ("e4b2e521-f0e8-4245-80c9-4d9f166c8c7e",
	0,
	0,
	6,
	34,
	37,
	0,
	0,
	0,
	0,
	"1a2907d2-496f-482d-ba4d-df818f73d6fa",
	"d12c72e6-fa1d-458b-bf75-18ddab325208");
INSERT INTO V_IRF
	VALUES ("e4b2e521-f0e8-4245-80c9-4d9f166c8c7e",
	"2cb0bbff-c84c-47e4-a8bb-a9b72f96dc96");
INSERT INTO V_VAL
	VALUES ("f6f81bcf-7343-4086-b65d-ce6376de17a3",
	0,
	0,
	7,
	8,
	15,
	0,
	0,
	0,
	0,
	"1a2907d2-496f-482d-ba4d-df818f73d6fa",
	"d12c72e6-fa1d-458b-bf75-18ddab325208");
INSERT INTO V_IRF
	VALUES ("f6f81bcf-7343-4086-b65d-ce6376de17a3",
	"5089dc53-adab-4213-9236-55b344349588");
INSERT INTO V_VAL
	VALUES ("0ef8dfae-d127-4fb5-af30-cae3922bc167",
	0,
	0,
	7,
	17,
	24,
	0,
	0,
	0,
	0,
	"811f1dd7-74f0-407e-b449-939d0de5ee8d",
	"d12c72e6-fa1d-458b-bf75-18ddab325208");
INSERT INTO V_AVL
	VALUES ("0ef8dfae-d127-4fb5-af30-cae3922bc167",
	"f6f81bcf-7343-4086-b65d-ce6376de17a3",
	"03ac2337-ce3a-497f-a3de-92a1101b2208",
	"1d98774f-c8bd-4c43-8f75-530b0ff40265");
INSERT INTO V_VAL
	VALUES ("84a8f8b5-f0f0-4f8c-92f3-b43b127196e4",
	0,
	0,
	-1,
	-1,
	-1,
	0,
	0,
	0,
	0,
	"4e005777-df64-4279-9c02-400e239872b9",
	"d12c72e6-fa1d-458b-bf75-18ddab325208");
INSERT INTO V_BIN
	VALUES ("84a8f8b5-f0f0-4f8c-92f3-b43b127196e4",
	"14a734b0-e222-4726-90f7-c2fb478e8d65",
	"0ef8dfae-d127-4fb5-af30-cae3922bc167",
	'>=');
INSERT INTO V_VAL
	VALUES ("14a734b0-e222-4726-90f7-c2fb478e8d65",
	0,
	0,
	7,
	29,
	29,
	0,
	0,
	0,
	0,
	"811f1dd7-74f0-407e-b449-939d0de5ee8d",
	"d12c72e6-fa1d-458b-bf75-18ddab325208");
INSERT INTO V_LIN
	VALUES ("14a734b0-e222-4726-90f7-c2fb478e8d65",
	'1');
INSERT INTO V_VAR
	VALUES ("5089dc53-adab-4213-9236-55b344349588",
	"d12c72e6-fa1d-458b-bf75-18ddab325208",
	'sequence',
	1,
	"1a2907d2-496f-482d-ba4d-df818f73d6fa");
INSERT INTO V_INT
	VALUES ("5089dc53-adab-4213-9236-55b344349588",
	0,
	"03ac2337-ce3a-497f-a3de-92a1101b2208");
INSERT INTO V_LOC
	VALUES ("1f74b381-c829-4b99-ab06-80c89fd846ca",
	6,
	14,
	21,
	"5089dc53-adab-4213-9236-55b344349588");
INSERT INTO V_LOC
	VALUES ("4b16efb5-5ce5-44fc-b42e-61411b2c144d",
	7,
	8,
	15,
	"5089dc53-adab-4213-9236-55b344349588");
INSERT INTO V_LOC
	VALUES ("f07d7d41-531f-4721-914c-fc25ab24e12e",
	8,
	5,
	12,
	"5089dc53-adab-4213-9236-55b344349588");
INSERT INTO V_LOC
	VALUES ("e86a7b94-ee3e-4ec3-8a61-dbb2f9e2fd0b",
	12,
	5,
	12,
	"5089dc53-adab-4213-9236-55b344349588");
INSERT INTO ACT_BLK
	VALUES ("184459b8-2c02-474a-9685-b5c722d59899",
	0,
	0,
	0,
	'V_VAR.Var_ID',
	'',
	'',
	10,
	5,
	0,
	0,
	0,
	0,
	0,
	0,
	0,
	0,
	0,
	0,
	0,
	"03309149-81d2-483a-8d28-8b8893668995",
	"00000000-0000-0000-0000-000000000000");
INSERT INTO ACT_SMT
	VALUES ("5af9e9a4-a1b1-4266-896e-2938f064c871",
	"184459b8-2c02-474a-9685-b5c722d59899",
	"dc3f6af1-7d9a-4f3c-81c2-e7539ad8f33a",
	8,
	5,
	'column::solving line: 8');
INSERT INTO ACT_AI
	VALUES ("5af9e9a4-a1b1-4266-896e-2938f064c871",
	"38679af0-a77a-48e5-b6a7-b8570dd1a5a8",
	"50fba88e-093a-4bdb-bccf-7e4f9ad1376f",
	0,
	0);
INSERT INTO ACT_SMT
	VALUES ("dc3f6af1-7d9a-4f3c-81c2-e7539ad8f33a",
	"184459b8-2c02-474a-9685-b5c722d59899",
	"2e29778e-c94a-4dc0-a7aa-b866ef9042d8",
	9,
	5,
	'column::solving line: 9');
INSERT INTO ACT_AI
	VALUES ("dc3f6af1-7d9a-4f3c-81c2-e7539ad8f33a",
	"69250732-5f00-47af-9600-2c5881b90467",
	"eabbb9f1-f18b-446e-bb83-d5725edf54b0",
	0,
	0);
INSERT INTO ACT_SMT
	VALUES ("2e29778e-c94a-4dc0-a7aa-b866ef9042d8",
	"184459b8-2c02-474a-9685-b5c722d59899",
	"00000000-0000-0000-0000-000000000000",
	10,
	5,
	'column::solving line: 10');
INSERT INTO E_ESS
	VALUES ("2e29778e-c94a-4dc0-a7aa-b866ef9042d8",
	1,
	0,
	10,
	14,
	10,
	22,
	0,
	0,
	0,
	0,
	0,
	0);
INSERT INTO E_GES
	VALUES ("2e29778e-c94a-4dc0-a7aa-b866ef9042d8");
INSERT INTO E_GSME
	VALUES ("2e29778e-c94a-4dc0-a7aa-b866ef9042d8",
	"ee87929d-8d33-409c-be82-b312e01b87ec",
	"191f3cac-3a11-4a29-a15a-2cf0b5518da2");
INSERT INTO E_GEN
	VALUES ("2e29778e-c94a-4dc0-a7aa-b866ef9042d8",
	"888b68e6-3efd-44b6-9b22-825f656d77f9");
INSERT INTO V_VAL
	VALUES ("1aea4ec3-f276-4a25-aa28-463d34cc2c74",
	1,
	0,
	8,
	5,
	12,
	0,
	0,
	0,
	0,
	"1a2907d2-496f-482d-ba4d-df818f73d6fa",
	"184459b8-2c02-474a-9685-b5c722d59899");
INSERT INTO V_IRF
	VALUES ("1aea4ec3-f276-4a25-aa28-463d34cc2c74",
	"5089dc53-adab-4213-9236-55b344349588");
INSERT INTO V_VAL
	VALUES ("50fba88e-093a-4bdb-bccf-7e4f9ad1376f",
	1,
	0,
	8,
	14,
	21,
	0,
	0,
	0,
	0,
	"811f1dd7-74f0-407e-b449-939d0de5ee8d",
	"184459b8-2c02-474a-9685-b5c722d59899");
INSERT INTO V_AVL
	VALUES ("50fba88e-093a-4bdb-bccf-7e4f9ad1376f",
	"1aea4ec3-f276-4a25-aa28-463d34cc2c74",
	"03ac2337-ce3a-497f-a3de-92a1101b2208",
	"1d98774f-c8bd-4c43-8f75-530b0ff40265");
INSERT INTO V_VAL
	VALUES ("38679af0-a77a-48e5-b6a7-b8570dd1a5a8",
	0,
	0,
	8,
	25,
	25,
	0,
	0,
	0,
	0,
	"811f1dd7-74f0-407e-b449-939d0de5ee8d",
	"184459b8-2c02-474a-9685-b5c722d59899");
INSERT INTO V_LIN
	VALUES ("38679af0-a77a-48e5-b6a7-b8570dd1a5a8",
	'1');
INSERT INTO V_VAL
	VALUES ("eabbb9f1-f18b-446e-bb83-d5725edf54b0",
	1,
	1,
	9,
	5,
	5,
	0,
	0,
	0,
	0,
	"00000000-0000-0000-0000-000000000000",
	"184459b8-2c02-474a-9685-b5c722d59899");
INSERT INTO V_IRF
	VALUES ("eabbb9f1-f18b-446e-bb83-d5725edf54b0",
	"888b68e6-3efd-44b6-9b22-825f656d77f9");
INSERT INTO V_VAL
	VALUES ("69250732-5f00-47af-9600-2c5881b90467",
	0,
	0,
	9,
	9,
	12,
	0,
	0,
	0,
	0,
	"1a2907d2-496f-482d-ba4d-df818f73d6fa",
	"184459b8-2c02-474a-9685-b5c722d59899");
INSERT INTO V_IRF
	VALUES ("69250732-5f00-47af-9600-2c5881b90467",
	"2cb0bbff-c84c-47e4-a8bb-a9b72f96dc96");
INSERT INTO V_VAR
	VALUES ("888b68e6-3efd-44b6-9b22-825f656d77f9",
	"184459b8-2c02-474a-9685-b5c722d59899",
	'c',
	1,
	"1a2907d2-496f-482d-ba4d-df818f73d6fa");
INSERT INTO V_INT
	VALUES ("888b68e6-3efd-44b6-9b22-825f656d77f9",
	0,
	"b7d2c815-d54e-475a-819c-5d9e6dbc66d5");
INSERT INTO V_LOC
	VALUES ("47078eca-8a40-4c89-b884-1a21ee20543c",
	9,
	5,
	5,
	"888b68e6-3efd-44b6-9b22-825f656d77f9");
INSERT INTO V_LOC
	VALUES ("a441634a-187e-47d8-94ef-ecf6d2b06b5e",
	10,
	34,
	34,
	"888b68e6-3efd-44b6-9b22-825f656d77f9");
INSERT INTO ACT_BLK
	VALUES ("f657b2af-d81a-4c16-8bc3-f621b0bc1575",
	0,
	0,
	0,
	'',
	'',
	'',
	12,
	5,
	0,
	0,
	0,
	0,
	0,
	0,
	0,
	0,
	0,
	0,
	0,
	"03309149-81d2-483a-8d28-8b8893668995",
	"00000000-0000-0000-0000-000000000000");
INSERT INTO ACT_SMT
	VALUES ("2008959e-6e7c-4882-b0a1-ce938be56c4b",
	"f657b2af-d81a-4c16-8bc3-f621b0bc1575",
	"00000000-0000-0000-0000-000000000000",
	12,
	5,
	'column::solving line: 12');
INSERT INTO ACT_AI
	VALUES ("2008959e-6e7c-4882-b0a1-ce938be56c4b",
	"28ad4b3c-e5ce-4e97-ac67-8509c21c320a",
	"e68e0d82-1102-430f-816b-41837bfde7fc",
	0,
	0);
INSERT INTO V_VAL
	VALUES ("a6716bf0-3480-4a96-b224-df2a059e29ba",
	1,
	0,
	12,
	5,
	12,
	0,
	0,
	0,
	0,
	"1a2907d2-496f-482d-ba4d-df818f73d6fa",
	"f657b2af-d81a-4c16-8bc3-f621b0bc1575");
INSERT INTO V_IRF
	VALUES ("a6716bf0-3480-4a96-b224-df2a059e29ba",
	"5089dc53-adab-4213-9236-55b344349588");
INSERT INTO V_VAL
	VALUES ("e68e0d82-1102-430f-816b-41837bfde7fc",
	1,
	0,
	12,
	14,
	21,
	0,
	0,
	0,
	0,
	"811f1dd7-74f0-407e-b449-939d0de5ee8d",
	"f657b2af-d81a-4c16-8bc3-f621b0bc1575");
INSERT INTO V_AVL
	VALUES ("e68e0d82-1102-430f-816b-41837bfde7fc",
	"a6716bf0-3480-4a96-b224-df2a059e29ba",
	"03ac2337-ce3a-497f-a3de-92a1101b2208",
	"1d98774f-c8bd-4c43-8f75-530b0ff40265");
INSERT INTO V_VAL
	VALUES ("28ad4b3c-e5ce-4e97-ac67-8509c21c320a",
	0,
	0,
	12,
	25,
	25,
	0,
	0,
	0,
	0,
	"811f1dd7-74f0-407e-b449-939d0de5ee8d",
	"f657b2af-d81a-4c16-8bc3-f621b0bc1575");
INSERT INTO V_LIN
	VALUES ("28ad4b3c-e5ce-4e97-ac67-8509c21c320a",
	'0');
INSERT INTO SM_STATE
	VALUES ("b3bdd826-6e61-4976-9236-2cbacdc18590",
	"191f3cac-3a11-4a29-a15a-2cf0b5518da2",
	"00000000-0000-0000-0000-000000000000",
	'solved',
	2,
	0);
INSERT INTO SM_EIGN
	VALUES ("b3bdd826-6e61-4976-9236-2cbacdc18590",
	"ee87929d-8d33-409c-be82-b312e01b87ec",
	"191f3cac-3a11-4a29-a15a-2cf0b5518da2",
	"00000000-0000-0000-0000-000000000000",
	'');
INSERT INTO SM_SEME
	VALUES ("b3bdd826-6e61-4976-9236-2cbacdc18590",
	"ee87929d-8d33-409c-be82-b312e01b87ec",
	"191f3cac-3a11-4a29-a15a-2cf0b5518da2",
	"00000000-0000-0000-0000-000000000000");
INSERT INTO SM_EIGN
	VALUES ("b3bdd826-6e61-4976-9236-2cbacdc18590",
	"87fca4be-2420-428e-be5e-4afc33485f64",
	"191f3cac-3a11-4a29-a15a-2cf0b5518da2",
	"00000000-0000-0000-0000-000000000000",
	'');
INSERT INTO SM_SEME
	VALUES ("b3bdd826-6e61-4976-9236-2cbacdc18590",
	"87fca4be-2420-428e-be5e-4afc33485f64",
	"191f3cac-3a11-4a29-a15a-2cf0b5518da2",
	"00000000-0000-0000-0000-000000000000");
INSERT INTO SM_MOAH
	VALUES ("15355f69-e6d6-41db-9a2b-1e5c1cb416e4",
	"191f3cac-3a11-4a29-a15a-2cf0b5518da2",
	"b3bdd826-6e61-4976-9236-2cbacdc18590");
INSERT INTO SM_AH
	VALUES ("15355f69-e6d6-41db-9a2b-1e5c1cb416e4",
	"191f3cac-3a11-4a29-a15a-2cf0b5518da2");
INSERT INTO SM_ACT
	VALUES ("15355f69-e6d6-41db-9a2b-1e5c1cb416e4",
	"191f3cac-3a11-4a29-a15a-2cf0b5518da2",
	1,
	'select one sequence related by self->SEQUENCE[R1];
sequence.solved = true;',
	'');
INSERT INTO ACT_SAB
	VALUES ("85820f2c-e79f-44b4-ae72-3fa7b38528a2",
	"191f3cac-3a11-4a29-a15a-2cf0b5518da2",
	"15355f69-e6d6-41db-9a2b-1e5c1cb416e4");
INSERT INTO ACT_ACT
	VALUES ("85820f2c-e79f-44b4-ae72-3fa7b38528a2",
	'state',
	0,
	"c87b797b-252a-4ab1-8ac4-4cc7c8a3dc4a",
	"00000000-0000-0000-0000-000000000000",
	0,
	'column::solved',
	"00000000-0000-0000-0000-000000000000");
INSERT INTO ACT_BLK
	VALUES ("c87b797b-252a-4ab1-8ac4-4cc7c8a3dc4a",
	1,
	0,
	0,
	'',
	'',
	'',
	2,
	1,
	1,
	38,
	0,
	0,
	1,
	47,
	0,
	0,
	0,
	0,
	0,
	"85820f2c-e79f-44b4-ae72-3fa7b38528a2",
	"00000000-0000-0000-0000-000000000000");
INSERT INTO ACT_SMT
	VALUES ("77887195-c12c-42cb-8d18-e1a5ebaf0146",
	"c87b797b-252a-4ab1-8ac4-4cc7c8a3dc4a",
	"2b3ed034-dc54-46a3-879f-6324605e1123",
	1,
	1,
	'column::solved line: 1');
INSERT INTO ACT_SEL
	VALUES ("77887195-c12c-42cb-8d18-e1a5ebaf0146",
	"24c39973-765b-4314-b70c-c0f35f61724a",
	1,
	'one',
	"46cae785-72d9-4116-97ea-4afaf2ea47f0");
INSERT INTO ACT_SR
	VALUES ("77887195-c12c-42cb-8d18-e1a5ebaf0146");
INSERT INTO ACT_LNK
	VALUES ("e8e7a1ea-6392-40fb-95aa-b223ee890bf5",
	'',
	"77887195-c12c-42cb-8d18-e1a5ebaf0146",
	"8894c5f7-bffa-4974-ac54-7678f0a478b0",
	"00000000-0000-0000-0000-000000000000",
	2,
	"03ac2337-ce3a-497f-a3de-92a1101b2208",
	1,
	38,
	1,
	47,
	0,
	0);
INSERT INTO ACT_SMT
	VALUES ("2b3ed034-dc54-46a3-879f-6324605e1123",
	"c87b797b-252a-4ab1-8ac4-4cc7c8a3dc4a",
	"00000000-0000-0000-0000-000000000000",
	2,
	1,
	'column::solved line: 2');
INSERT INTO ACT_AI
	VALUES ("2b3ed034-dc54-46a3-879f-6324605e1123",
	"c4016953-0b5e-4cf3-9642-4a28652ae597",
	"8c63af7a-54b1-4692-9697-f69a5ed1a399",
	0,
	0);
INSERT INTO V_VAL
	VALUES ("46cae785-72d9-4116-97ea-4afaf2ea47f0",
	0,
	0,
	1,
	32,
	35,
	0,
	0,
	0,
	0,
	"1a2907d2-496f-482d-ba4d-df818f73d6fa",
	"c87b797b-252a-4ab1-8ac4-4cc7c8a3dc4a");
INSERT INTO V_IRF
	VALUES ("46cae785-72d9-4116-97ea-4afaf2ea47f0",
	"aee8b97d-79c7-4f69-ac73-46e9d40e60a9");
INSERT INTO V_VAL
	VALUES ("fffab071-5e16-475f-9505-86798cf9ec2b",
	1,
	0,
	2,
	1,
	8,
	0,
	0,
	0,
	0,
	"1a2907d2-496f-482d-ba4d-df818f73d6fa",
	"c87b797b-252a-4ab1-8ac4-4cc7c8a3dc4a");
INSERT INTO V_IRF
	VALUES ("fffab071-5e16-475f-9505-86798cf9ec2b",
	"24c39973-765b-4314-b70c-c0f35f61724a");
INSERT INTO V_VAL
	VALUES ("8c63af7a-54b1-4692-9697-f69a5ed1a399",
	1,
	0,
	2,
	10,
	15,
	0,
	0,
	0,
	0,
	"4e005777-df64-4279-9c02-400e239872b9",
	"c87b797b-252a-4ab1-8ac4-4cc7c8a3dc4a");
INSERT INTO V_AVL
	VALUES ("8c63af7a-54b1-4692-9697-f69a5ed1a399",
	"fffab071-5e16-475f-9505-86798cf9ec2b",
	"03ac2337-ce3a-497f-a3de-92a1101b2208",
	"48d19dd8-8465-49b9-b4d0-dd14aa6d653f");
INSERT INTO V_VAL
	VALUES ("c4016953-0b5e-4cf3-9642-4a28652ae597",
	0,
	0,
	-1,
	-1,
	-1,
	0,
	0,
	0,
	0,
	"4e005777-df64-4279-9c02-400e239872b9",
	"c87b797b-252a-4ab1-8ac4-4cc7c8a3dc4a");
INSERT INTO V_LBO
	VALUES ("c4016953-0b5e-4cf3-9642-4a28652ae597",
	'TRUE');
INSERT INTO V_VAR
	VALUES ("24c39973-765b-4314-b70c-c0f35f61724a",
	"c87b797b-252a-4ab1-8ac4-4cc7c8a3dc4a",
	'sequence',
	1,
	"1a2907d2-496f-482d-ba4d-df818f73d6fa");
INSERT INTO V_INT
	VALUES ("24c39973-765b-4314-b70c-c0f35f61724a",
	0,
	"03ac2337-ce3a-497f-a3de-92a1101b2208");
INSERT INTO V_LOC
	VALUES ("dc833668-44d1-4ac2-b092-25753a9ed3c4",
	1,
	12,
	19,
	"24c39973-765b-4314-b70c-c0f35f61724a");
INSERT INTO V_LOC
	VALUES ("1d794418-402c-4b61-8c08-a7c41b420637",
	2,
	1,
	8,
	"24c39973-765b-4314-b70c-c0f35f61724a");
INSERT INTO V_VAR
	VALUES ("aee8b97d-79c7-4f69-ac73-46e9d40e60a9",
	"c87b797b-252a-4ab1-8ac4-4cc7c8a3dc4a",
	'self',
	1,
	"1a2907d2-496f-482d-ba4d-df818f73d6fa");
INSERT INTO V_INT
	VALUES ("aee8b97d-79c7-4f69-ac73-46e9d40e60a9",
	0,
	"b7d2c815-d54e-475a-819c-5d9e6dbc66d5");
INSERT INTO SM_NSTXN
	VALUES ("92ef5759-b43a-4ddd-9e24-cc641a9b912a",
	"191f3cac-3a11-4a29-a15a-2cf0b5518da2",
	"607760d9-e4a5-435a-bab4-8c5cefc62a3b",
	"ee87929d-8d33-409c-be82-b312e01b87ec",
	"00000000-0000-0000-0000-000000000000");
INSERT INTO SM_TAH
	VALUES ("f70985d2-8b27-4cfc-a033-e1a1e5f6de78",
	"191f3cac-3a11-4a29-a15a-2cf0b5518da2",
	"92ef5759-b43a-4ddd-9e24-cc641a9b912a");
INSERT INTO SM_AH
	VALUES ("f70985d2-8b27-4cfc-a033-e1a1e5f6de78",
	"191f3cac-3a11-4a29-a15a-2cf0b5518da2");
INSERT INTO SM_ACT
	VALUES ("f70985d2-8b27-4cfc-a033-e1a1e5f6de78",
	"191f3cac-3a11-4a29-a15a-2cf0b5518da2",
	1,
	'',
	'');
INSERT INTO ACT_TAB
	VALUES ("18793572-247e-491a-b4a4-7cb757fe04e9",
	"191f3cac-3a11-4a29-a15a-2cf0b5518da2",
	"f70985d2-8b27-4cfc-a033-e1a1e5f6de78");
INSERT INTO ACT_ACT
	VALUES ("18793572-247e-491a-b4a4-7cb757fe04e9",
	'transition',
	0,
	"27380e93-f942-4573-b29d-cfc48b271f9b",
	"00000000-0000-0000-0000-000000000000",
	0,
	'COLUMN1: update in solving to solving',
	"00000000-0000-0000-0000-000000000000");
INSERT INTO ACT_BLK
	VALUES ("27380e93-f942-4573-b29d-cfc48b271f9b",
	0,
	0,
	0,
	'',
	'',
	'',
	0,
	0,
	0,
	0,
	0,
	0,
	0,
	0,
	0,
	0,
	0,
	0,
	0,
	"18793572-247e-491a-b4a4-7cb757fe04e9",
	"00000000-0000-0000-0000-000000000000");
INSERT INTO SM_TXN
	VALUES ("92ef5759-b43a-4ddd-9e24-cc641a9b912a",
	"191f3cac-3a11-4a29-a15a-2cf0b5518da2",
	"607760d9-e4a5-435a-bab4-8c5cefc62a3b",
	"00000000-0000-0000-0000-000000000000");
INSERT INTO SM_NSTXN
	VALUES ("74a3c184-845a-4c6c-9e71-5ab703b3cfca",
	"191f3cac-3a11-4a29-a15a-2cf0b5518da2",
	"607760d9-e4a5-435a-bab4-8c5cefc62a3b",
	"87fca4be-2420-428e-be5e-4afc33485f64",
	"00000000-0000-0000-0000-000000000000");
INSERT INTO SM_TAH
	VALUES ("cc64ff52-2cb9-4d82-92e5-decd9a7e19f6",
	"191f3cac-3a11-4a29-a15a-2cf0b5518da2",
	"74a3c184-845a-4c6c-9e71-5ab703b3cfca");
INSERT INTO SM_AH
	VALUES ("cc64ff52-2cb9-4d82-92e5-decd9a7e19f6",
	"191f3cac-3a11-4a29-a15a-2cf0b5518da2");
INSERT INTO SM_ACT
	VALUES ("cc64ff52-2cb9-4d82-92e5-decd9a7e19f6",
	"191f3cac-3a11-4a29-a15a-2cf0b5518da2",
	1,
	'',
	'');
INSERT INTO ACT_TAB
	VALUES ("e0d0be2c-3d9d-4de6-a620-c9ed4003c9bc",
	"191f3cac-3a11-4a29-a15a-2cf0b5518da2",
	"cc64ff52-2cb9-4d82-92e5-decd9a7e19f6");
INSERT INTO ACT_ACT
	VALUES ("e0d0be2c-3d9d-4de6-a620-c9ed4003c9bc",
	'transition',
	0,
	"d078c7c7-43a0-4e03-b3bf-30093b7d41cc",
	"00000000-0000-0000-0000-000000000000",
	0,
	'COLUMN2: solved in solving to solved',
	"00000000-0000-0000-0000-000000000000");
INSERT INTO ACT_BLK
	VALUES ("d078c7c7-43a0-4e03-b3bf-30093b7d41cc",
	0,
	0,
	0,
	'',
	'',
	'',
	0,
	0,
	0,
	0,
	0,
	0,
	0,
	0,
	0,
	0,
	0,
	0,
	0,
	"e0d0be2c-3d9d-4de6-a620-c9ed4003c9bc",
	"00000000-0000-0000-0000-000000000000");
INSERT INTO SM_TXN
	VALUES ("74a3c184-845a-4c6c-9e71-5ab703b3cfca",
	"191f3cac-3a11-4a29-a15a-2cf0b5518da2",
	"b3bdd826-6e61-4976-9236-2cbacdc18590",
	"00000000-0000-0000-0000-000000000000");
INSERT INTO O_OBJ
	VALUES ("8a59e2de-6f5d-4937-ade5-f1ace45cc756",
	'digit',
	6,
	'DIGIT',
	'',
	"3d0162a5-1c20-4ddf-8686-ff9d4c06e6a1");
INSERT INTO O_NBATTR
	VALUES ("53e80efe-cb6c-4332-b046-1ba6f6005b30",
	"8a59e2de-6f5d-4937-ade5-f1ace45cc756");
INSERT INTO O_BATTR
	VALUES ("53e80efe-cb6c-4332-b046-1ba6f6005b30",
	"8a59e2de-6f5d-4937-ade5-f1ace45cc756");
INSERT INTO O_ATTR
	VALUES ("53e80efe-cb6c-4332-b046-1ba6f6005b30",
	"8a59e2de-6f5d-4937-ade5-f1ace45cc756",
	"00000000-0000-0000-0000-000000000000",
	'value',
	'',
	'',
	'value',
	0,
	"811f1dd7-74f0-407e-b449-939d0de5ee8d",
	'',
	'');
INSERT INTO O_ID
	VALUES (0,
	"8a59e2de-6f5d-4937-ade5-f1ace45cc756");
INSERT INTO O_OIDA
	VALUES ("53e80efe-cb6c-4332-b046-1ba6f6005b30",
	"8a59e2de-6f5d-4937-ade5-f1ace45cc756",
	0);
INSERT INTO O_ID
	VALUES (1,
	"8a59e2de-6f5d-4937-ade5-f1ace45cc756");
INSERT INTO O_ID
	VALUES (2,
	"8a59e2de-6f5d-4937-ade5-f1ace45cc756");
INSERT INTO O_OBJ
	VALUES ("7dfbb9fe-d109-4356-a43c-8a02617ad46a",
	'eligible digit',
	7,
	'ELIGIBLE',
	'',
	"3d0162a5-1c20-4ddf-8686-ff9d4c06e6a1");
INSERT INTO O_TFR
	VALUES ("d02e6fa1-63a8-45ba-8a60-27232a956e33",
	"7dfbb9fe-d109-4356-a43c-8a02617ad46a",
	'eliminate',
	'',
	"606ca061-c661-4bbf-bb1a-bb2345f5239e",
	1,
	'select one digit related by self->DIGIT[R8];
select one cell related by self->CELL[R8];
unrelate cell from digit across R8 using self;',
	1,
	'',
	"00000000-0000-0000-0000-000000000000");
INSERT INTO ACT_OPB
	VALUES ("d8a9c011-e0fc-473b-87dc-f96bdbb7c96b",
	"d02e6fa1-63a8-45ba-8a60-27232a956e33");
INSERT INTO ACT_ACT
	VALUES ("d8a9c011-e0fc-473b-87dc-f96bdbb7c96b",
	'operation',
	0,
	"1114b492-b226-48c5-b64b-9aa7a1583c91",
	"00000000-0000-0000-0000-000000000000",
	0,
	'eligible digit::eliminate',
	"00000000-0000-0000-0000-000000000000");
INSERT INTO ACT_BLK
	VALUES ("1114b492-b226-48c5-b64b-9aa7a1583c91",
	1,
	0,
	0,
	'',
	'',
	'',
	3,
	1,
	2,
	34,
	0,
	0,
	3,
	33,
	0,
	0,
	0,
	0,
	0,
	"d8a9c011-e0fc-473b-87dc-f96bdbb7c96b",
	"00000000-0000-0000-0000-000000000000");
INSERT INTO ACT_SMT
	VALUES ("62af8e34-da74-4960-8d6b-ec441ce497ab",
	"1114b492-b226-48c5-b64b-9aa7a1583c91",
	"8c4578bd-99a8-4d30-8732-089dc01c868e",
	1,
	1,
	'eligible digit::eliminate line: 1');
INSERT INTO ACT_SEL
	VALUES ("62af8e34-da74-4960-8d6b-ec441ce497ab",
	"1dcc5015-f486-4bb2-96b6-fae7dad80f20",
	1,
	'one',
	"b891725a-cc28-4b59-b678-1d47434cf8b7");
INSERT INTO ACT_SR
	VALUES ("62af8e34-da74-4960-8d6b-ec441ce497ab");
INSERT INTO ACT_LNK
	VALUES ("23dcf880-a478-41e1-ba8f-0dd20b610666",
	'',
	"62af8e34-da74-4960-8d6b-ec441ce497ab",
	"62a93566-2203-4db8-ba18-f7c15ca2072a",
	"00000000-0000-0000-0000-000000000000",
	2,
	"8a59e2de-6f5d-4937-ade5-f1ace45cc756",
	1,
	35,
	1,
	41,
	0,
	0);
INSERT INTO ACT_SMT
	VALUES ("8c4578bd-99a8-4d30-8732-089dc01c868e",
	"1114b492-b226-48c5-b64b-9aa7a1583c91",
	"ef4b396f-a940-499b-bae9-47c7098f51c6",
	2,
	1,
	'eligible digit::eliminate line: 2');
INSERT INTO ACT_SEL
	VALUES ("8c4578bd-99a8-4d30-8732-089dc01c868e",
	"ac958797-f7bb-463b-a6a9-71a18bd80c91",
	1,
	'one',
	"dc0d92c4-92c3-4073-a4a3-7aa63810d377");
INSERT INTO ACT_SR
	VALUES ("8c4578bd-99a8-4d30-8732-089dc01c868e");
INSERT INTO ACT_LNK
	VALUES ("d19eec78-0633-4284-aeaf-40b903138fe5",
	'',
	"8c4578bd-99a8-4d30-8732-089dc01c868e",
	"62a93566-2203-4db8-ba18-f7c15ca2072a",
	"00000000-0000-0000-0000-000000000000",
	2,
	"e488047e-8d3e-455c-a7e9-29120bad505f",
	2,
	34,
	2,
	39,
	0,
	0);
INSERT INTO ACT_SMT
	VALUES ("ef4b396f-a940-499b-bae9-47c7098f51c6",
	"1114b492-b226-48c5-b64b-9aa7a1583c91",
	"00000000-0000-0000-0000-000000000000",
	3,
	1,
	'eligible digit::eliminate line: 3');
INSERT INTO ACT_URU
	VALUES ("ef4b396f-a940-499b-bae9-47c7098f51c6",
	"ac958797-f7bb-463b-a6a9-71a18bd80c91",
	"1dcc5015-f486-4bb2-96b6-fae7dad80f20",
	"4bb9cbf0-bd2c-4856-95ba-b5ea9f8f5ca2",
	'',
	"62a93566-2203-4db8-ba18-f7c15ca2072a",
	3,
	33,
	0,
	0);
INSERT INTO V_VAL
	VALUES ("b891725a-cc28-4b59-b678-1d47434cf8b7",
	0,
	0,
	1,
	29,
	32,
	0,
	0,
	0,
	0,
	"1a2907d2-496f-482d-ba4d-df818f73d6fa",
	"1114b492-b226-48c5-b64b-9aa7a1583c91");
INSERT INTO V_IRF
	VALUES ("b891725a-cc28-4b59-b678-1d47434cf8b7",
	"4bb9cbf0-bd2c-4856-95ba-b5ea9f8f5ca2");
INSERT INTO V_VAL
	VALUES ("dc0d92c4-92c3-4073-a4a3-7aa63810d377",
	0,
	0,
	2,
	28,
	31,
	0,
	0,
	0,
	0,
	"1a2907d2-496f-482d-ba4d-df818f73d6fa",
	"1114b492-b226-48c5-b64b-9aa7a1583c91");
INSERT INTO V_IRF
	VALUES ("dc0d92c4-92c3-4073-a4a3-7aa63810d377",
	"4bb9cbf0-bd2c-4856-95ba-b5ea9f8f5ca2");
INSERT INTO V_VAR
	VALUES ("1dcc5015-f486-4bb2-96b6-fae7dad80f20",
	"1114b492-b226-48c5-b64b-9aa7a1583c91",
	'digit',
	1,
	"1a2907d2-496f-482d-ba4d-df818f73d6fa");
INSERT INTO V_INT
	VALUES ("1dcc5015-f486-4bb2-96b6-fae7dad80f20",
	0,
	"8a59e2de-6f5d-4937-ade5-f1ace45cc756");
INSERT INTO V_LOC
	VALUES ("77b2eede-36d8-4660-9a19-3505b1394b4e",
	1,
	12,
	16,
	"1dcc5015-f486-4bb2-96b6-fae7dad80f20");
INSERT INTO V_LOC
	VALUES ("eba7bca9-284e-4680-a30d-094c7d1b6cd4",
	3,
	20,
	24,
	"1dcc5015-f486-4bb2-96b6-fae7dad80f20");
INSERT INTO V_VAR
	VALUES ("4bb9cbf0-bd2c-4856-95ba-b5ea9f8f5ca2",
	"1114b492-b226-48c5-b64b-9aa7a1583c91",
	'self',
	1,
	"1a2907d2-496f-482d-ba4d-df818f73d6fa");
INSERT INTO V_INT
	VALUES ("4bb9cbf0-bd2c-4856-95ba-b5ea9f8f5ca2",
	0,
	"7dfbb9fe-d109-4356-a43c-8a02617ad46a");
INSERT INTO V_LOC
	VALUES ("7bb0305e-f256-41dc-a68a-b04fae4ca3cc",
	3,
	42,
	45,
	"4bb9cbf0-bd2c-4856-95ba-b5ea9f8f5ca2");
INSERT INTO V_VAR
	VALUES ("ac958797-f7bb-463b-a6a9-71a18bd80c91",
	"1114b492-b226-48c5-b64b-9aa7a1583c91",
	'cell',
	1,
	"1a2907d2-496f-482d-ba4d-df818f73d6fa");
INSERT INTO V_INT
	VALUES ("ac958797-f7bb-463b-a6a9-71a18bd80c91",
	0,
	"e488047e-8d3e-455c-a7e9-29120bad505f");
INSERT INTO V_LOC
	VALUES ("85027fec-abf2-4112-b3bb-eec9d4d59419",
	2,
	12,
	15,
	"ac958797-f7bb-463b-a6a9-71a18bd80c91");
INSERT INTO V_LOC
	VALUES ("be7e0fe6-81c9-4b1c-8994-b72a695f66fa",
	3,
	10,
	13,
	"ac958797-f7bb-463b-a6a9-71a18bd80c91");
INSERT INTO O_REF
	VALUES ("7dfbb9fe-d109-4356-a43c-8a02617ad46a",
	"e488047e-8d3e-455c-a7e9-29120bad505f",
	0,
	"53a62320-a206-4d56-a639-c4592f420548",
	"62a93566-2203-4db8-ba18-f7c15ca2072a",
	"bc9dd594-f2f4-4718-be6c-6256312e19a2",
	"63d41502-a15d-4ab0-b59a-b6d1a1e73f19",
	"e58ec10e-1d0b-445d-b204-277e0e02abc5",
	"e75f50ed-fa55-466b-8aaa-9cd32d1816ee",
	"00000000-0000-0000-0000-000000000000",
	0,
	'',
	'cell',
	'row_number',
	'R8');
INSERT INTO O_RATTR
	VALUES ("e58ec10e-1d0b-445d-b204-277e0e02abc5",
	"7dfbb9fe-d109-4356-a43c-8a02617ad46a",
	"b7c46385-7816-4616-9e73-922fad4f4af1",
	"56c54c26-d9b7-409a-83b7-4c701cc02c0e",
	1,
	'number');
INSERT INTO O_ATTR
	VALUES ("e58ec10e-1d0b-445d-b204-277e0e02abc5",
	"7dfbb9fe-d109-4356-a43c-8a02617ad46a",
	"00000000-0000-0000-0000-000000000000",
	'row_number',
	'',
	'',
	'row_number',
	2,
	"1a418377-64f4-47d9-aa0e-0773ca94143a",
	'',
	'');
INSERT INTO O_REF
	VALUES ("7dfbb9fe-d109-4356-a43c-8a02617ad46a",
	"e488047e-8d3e-455c-a7e9-29120bad505f",
	0,
	"d132eb18-d364-4962-a2a9-487279251e05",
	"62a93566-2203-4db8-ba18-f7c15ca2072a",
	"bc9dd594-f2f4-4718-be6c-6256312e19a2",
	"63d41502-a15d-4ab0-b59a-b6d1a1e73f19",
	"65d0ab1b-befc-4ce0-b04c-fa811d06d4ac",
	"d06c5b8e-2bc8-47c7-ab92-ea9c8f85961b",
	"00000000-0000-0000-0000-000000000000",
	0,
	'',
	'cell',
	'column_number',
	'R8');
INSERT INTO O_RATTR
	VALUES ("65d0ab1b-befc-4ce0-b04c-fa811d06d4ac",
	"7dfbb9fe-d109-4356-a43c-8a02617ad46a",
	"90e0d09a-7fa5-45f0-ac4f-f519aa651f29",
	"b7d2c815-d54e-475a-819c-5d9e6dbc66d5",
	1,
	'number');
INSERT INTO O_ATTR
	VALUES ("65d0ab1b-befc-4ce0-b04c-fa811d06d4ac",
	"7dfbb9fe-d109-4356-a43c-8a02617ad46a",
	"e58ec10e-1d0b-445d-b204-277e0e02abc5",
	'column_number',
	'',
	'',
	'column_number',
	2,
	"1a418377-64f4-47d9-aa0e-0773ca94143a",
	'',
	'');
INSERT INTO O_REF
	VALUES ("7dfbb9fe-d109-4356-a43c-8a02617ad46a",
	"8a59e2de-6f5d-4937-ade5-f1ace45cc756",
	0,
	"53e80efe-cb6c-4332-b046-1ba6f6005b30",
	"62a93566-2203-4db8-ba18-f7c15ca2072a",
	"bc9dd594-f2f4-4718-be6c-6256312e19a2",
	"c04bc12c-8d28-4e1f-8b30-835e7f55edc6",
	"a460f509-7c57-4f06-af25-d200aed49293",
	"cb07ba48-a5c1-49c4-b9ef-a170a178574f",
	"00000000-0000-0000-0000-000000000000",
	0,
	'',
	'digit',
	'value',
	'R8');
INSERT INTO O_RATTR
	VALUES ("a460f509-7c57-4f06-af25-d200aed49293",
	"7dfbb9fe-d109-4356-a43c-8a02617ad46a",
	"53e80efe-cb6c-4332-b046-1ba6f6005b30",
	"8a59e2de-6f5d-4937-ade5-f1ace45cc756",
	1,
	'value');
INSERT INTO O_ATTR
	VALUES ("a460f509-7c57-4f06-af25-d200aed49293",
	"7dfbb9fe-d109-4356-a43c-8a02617ad46a",
	"65d0ab1b-befc-4ce0-b04c-fa811d06d4ac",
	'digit_value',
	'',
	'digit_',
	'value',
	1,
	"1a418377-64f4-47d9-aa0e-0773ca94143a",
	'',
	'');
INSERT INTO O_ID
	VALUES (0,
	"7dfbb9fe-d109-4356-a43c-8a02617ad46a");
INSERT INTO O_OIDA
	VALUES ("e58ec10e-1d0b-445d-b204-277e0e02abc5",
	"7dfbb9fe-d109-4356-a43c-8a02617ad46a",
	0);
INSERT INTO O_OIDA
	VALUES ("65d0ab1b-befc-4ce0-b04c-fa811d06d4ac",
	"7dfbb9fe-d109-4356-a43c-8a02617ad46a",
	0);
INSERT INTO O_OIDA
	VALUES ("a460f509-7c57-4f06-af25-d200aed49293",
	"7dfbb9fe-d109-4356-a43c-8a02617ad46a",
	0);
INSERT INTO O_ID
	VALUES (1,
	"7dfbb9fe-d109-4356-a43c-8a02617ad46a");
INSERT INTO O_ID
	VALUES (2,
	"7dfbb9fe-d109-4356-a43c-8a02617ad46a");
INSERT INTO O_OBJ
	VALUES ("56c54c26-d9b7-409a-83b7-4c701cc02c0e",
	'row',
	2,
	'ROW',
	'',
	"3d0162a5-1c20-4ddf-8686-ff9d4c06e6a1");
INSERT INTO O_TFR
	VALUES ("a96f5d87-216f-4cae-a278-9bd89e071d22",
	"56c54c26-d9b7-409a-83b7-4c701cc02c0e",
	'eliminate',
	'',
	"811f1dd7-74f0-407e-b449-939d0de5ee8d",
	1,
	'// Solve by select all eligible digits.  Notice if any eligible digit appears only once.

temperature = 0;
select many eligibles related by self->CELL[R2]->ELIGIBLE[R8];
c = cardinality eligibles;
if ( 9 == c )
  temperature = 100;
else
for each eligible in eligibles
  select many loners related by self->CELL[R2]->ELIGIBLE[R8]
    where ( selected.digit_value == eligible.digit_value );
  c = cardinality loners;
  if ( 1 == c )
    // This is an answer!
    select one cell related by eligible->CELL[R8];
    cell.answer( answer_digit:eligible.digit_value );
    //generate CELL2:answer( digit:eligible.digit_value ) to cell;
    temperature = 1;
    break;
  end if;
end for;
end if;
return temperature;
',
	1,
	'',
	"00000000-0000-0000-0000-000000000000");
INSERT INTO ACT_OPB
	VALUES ("df772aa5-5b7d-4bcf-93e2-c0560d37d708",
	"a96f5d87-216f-4cae-a278-9bd89e071d22");
INSERT INTO ACT_ACT
	VALUES ("df772aa5-5b7d-4bcf-93e2-c0560d37d708",
	'operation',
	0,
	"e31516e6-a3df-44aa-bfcf-3ffe4c467d06",
	"00000000-0000-0000-0000-000000000000",
	0,
	'row::eliminate',
	"00000000-0000-0000-0000-000000000000");
INSERT INTO ACT_BLK
	VALUES ("e31516e6-a3df-44aa-bfcf-3ffe4c467d06",
	1,
	0,
	0,
	'',
	'',
	'',
	23,
	1,
	4,
	50,
	0,
	0,
	4,
	59,
	0,
	0,
	0,
	0,
	0,
	"df772aa5-5b7d-4bcf-93e2-c0560d37d708",
	"00000000-0000-0000-0000-000000000000");
INSERT INTO ACT_SMT
	VALUES ("eae5dfb0-592b-4941-80f9-71a4c8aa11b7",
	"e31516e6-a3df-44aa-bfcf-3ffe4c467d06",
	"e661b74b-070c-499c-8f85-c54d037b04ab",
	3,
	1,
	'row::eliminate line: 3');
INSERT INTO ACT_AI
	VALUES ("eae5dfb0-592b-4941-80f9-71a4c8aa11b7",
	"d8190225-ddaf-4f5f-bc02-7b26828d1867",
	"233d7031-8be1-475e-b466-370142dbf3e2",
	0,
	0);
INSERT INTO ACT_SMT
	VALUES ("e661b74b-070c-499c-8f85-c54d037b04ab",
	"e31516e6-a3df-44aa-bfcf-3ffe4c467d06",
	"9630cf7c-2660-41e4-bdf7-550aaec61007",
	4,
	1,
	'row::eliminate line: 4');
INSERT INTO ACT_SEL
	VALUES ("e661b74b-070c-499c-8f85-c54d037b04ab",
	"63801357-3d9f-4795-b7e7-347a43fc4fa9",
	1,
	'many',
	"790a41ca-d090-4543-8604-0f9342d7ec20");
INSERT INTO ACT_SR
	VALUES ("e661b74b-070c-499c-8f85-c54d037b04ab");
INSERT INTO ACT_LNK
	VALUES ("a7d3e9b1-52ae-43d8-86fd-a8d742000db0",
	'',
	"e661b74b-070c-499c-8f85-c54d037b04ab",
	"c9931c97-9acb-4b55-af72-81add52c1825",
	"ad543c7b-d20a-49cc-a42f-1db8858b247e",
	3,
	"e488047e-8d3e-455c-a7e9-29120bad505f",
	4,
	40,
	4,
	45,
	0,
	0);
INSERT INTO ACT_LNK
	VALUES ("ad543c7b-d20a-49cc-a42f-1db8858b247e",
	'',
	"00000000-0000-0000-0000-000000000000",
	"62a93566-2203-4db8-ba18-f7c15ca2072a",
	"00000000-0000-0000-0000-000000000000",
	3,
	"7dfbb9fe-d109-4356-a43c-8a02617ad46a",
	4,
	50,
	4,
	59,
	0,
	0);
INSERT INTO ACT_SMT
	VALUES ("9630cf7c-2660-41e4-bdf7-550aaec61007",
	"e31516e6-a3df-44aa-bfcf-3ffe4c467d06",
	"63902425-2482-46ce-a6ea-26f60fa86ccf",
	5,
	1,
	'row::eliminate line: 5');
INSERT INTO ACT_AI
	VALUES ("9630cf7c-2660-41e4-bdf7-550aaec61007",
	"3d3496ae-f769-494f-8c35-65cbfb216b79",
	"2ffdbb76-1c30-4720-aa0e-a5f4022dc077",
	0,
	0);
INSERT INTO ACT_SMT
	VALUES ("63902425-2482-46ce-a6ea-26f60fa86ccf",
	"e31516e6-a3df-44aa-bfcf-3ffe4c467d06",
	"3144b17a-67ec-478c-8be9-8045c9322860",
	6,
	1,
	'row::eliminate line: 6');
INSERT INTO ACT_IF
	VALUES ("63902425-2482-46ce-a6ea-26f60fa86ccf",
	"14e44c02-c655-4822-9fd4-3f0d47050c6d",
	"8a601882-a5c2-48d3-904a-83e60de00f82",
	"00000000-0000-0000-0000-000000000000",
	"00000000-0000-0000-0000-000000000000");
INSERT INTO ACT_SMT
	VALUES ("d4f348b9-bc4c-4115-9f74-a12968d37aa8",
	"e31516e6-a3df-44aa-bfcf-3ffe4c467d06",
	"00000000-0000-0000-0000-000000000000",
	8,
	1,
	'row::eliminate line: 8');
INSERT INTO ACT_E
	VALUES ("d4f348b9-bc4c-4115-9f74-a12968d37aa8",
	"84fa5d8b-545f-4f3b-92ae-728fb13eb88c",
	"63902425-2482-46ce-a6ea-26f60fa86ccf");
INSERT INTO ACT_SMT
	VALUES ("3144b17a-67ec-478c-8be9-8045c9322860",
	"e31516e6-a3df-44aa-bfcf-3ffe4c467d06",
	"00000000-0000-0000-0000-000000000000",
	23,
	1,
	'row::eliminate line: 23');
INSERT INTO ACT_RET
	VALUES ("3144b17a-67ec-478c-8be9-8045c9322860",
	"f2457e9a-f958-4cd3-a02e-3cabd6381fe6");
INSERT INTO V_VAL
	VALUES ("233d7031-8be1-475e-b466-370142dbf3e2",
	1,
	1,
	3,
	1,
	11,
	0,
	0,
	0,
	0,
	"811f1dd7-74f0-407e-b449-939d0de5ee8d",
	"e31516e6-a3df-44aa-bfcf-3ffe4c467d06");
INSERT INTO V_TVL
	VALUES ("233d7031-8be1-475e-b466-370142dbf3e2",
	"407ba771-f1ce-4dbf-8501-cdca33163bd7");
INSERT INTO V_VAL
	VALUES ("d8190225-ddaf-4f5f-bc02-7b26828d1867",
	0,
	0,
	3,
	15,
	15,
	0,
	0,
	0,
	0,
	"811f1dd7-74f0-407e-b449-939d0de5ee8d",
	"e31516e6-a3df-44aa-bfcf-3ffe4c467d06");
INSERT INTO V_LIN
	VALUES ("d8190225-ddaf-4f5f-bc02-7b26828d1867",
	'0');
INSERT INTO V_VAL
	VALUES ("790a41ca-d090-4543-8604-0f9342d7ec20",
	0,
	0,
	4,
	34,
	37,
	0,
	0,
	0,
	0,
	"1a2907d2-496f-482d-ba4d-df818f73d6fa",
	"e31516e6-a3df-44aa-bfcf-3ffe4c467d06");
INSERT INTO V_IRF
	VALUES ("790a41ca-d090-4543-8604-0f9342d7ec20",
	"ea5db7c8-88a1-4ab6-be67-2761bcc8dcc2");
INSERT INTO V_VAL
	VALUES ("2ffdbb76-1c30-4720-aa0e-a5f4022dc077",
	1,
	1,
	5,
	1,
	1,
	0,
	0,
	0,
	0,
	"811f1dd7-74f0-407e-b449-939d0de5ee8d",
	"e31516e6-a3df-44aa-bfcf-3ffe4c467d06");
INSERT INTO V_TVL
	VALUES ("2ffdbb76-1c30-4720-aa0e-a5f4022dc077",
	"46ccec9d-8f09-476f-92e0-d4100cd7749b");
INSERT INTO V_VAL
	VALUES ("0c46507a-52cc-4022-ac9a-3bbe34bbf2cc",
	0,
	0,
	5,
	17,
	25,
	0,
	0,
	0,
	0,
	"bd7c827f-c0a0-4115-8268-33db6654fef9",
	"e31516e6-a3df-44aa-bfcf-3ffe4c467d06");
INSERT INTO V_ISR
	VALUES ("0c46507a-52cc-4022-ac9a-3bbe34bbf2cc",
	"63801357-3d9f-4795-b7e7-347a43fc4fa9");
INSERT INTO V_VAL
	VALUES ("3d3496ae-f769-494f-8c35-65cbfb216b79",
	0,
	0,
	-1,
	-1,
	-1,
	0,
	0,
	0,
	0,
	"811f1dd7-74f0-407e-b449-939d0de5ee8d",
	"e31516e6-a3df-44aa-bfcf-3ffe4c467d06");
INSERT INTO V_UNY
	VALUES ("3d3496ae-f769-494f-8c35-65cbfb216b79",
	"0c46507a-52cc-4022-ac9a-3bbe34bbf2cc",
	'cardinality');
INSERT INTO V_VAL
	VALUES ("d6ff0773-8603-48ed-ae25-2e71468701e4",
	0,
	0,
	6,
	6,
	6,
	0,
	0,
	0,
	0,
	"811f1dd7-74f0-407e-b449-939d0de5ee8d",
	"e31516e6-a3df-44aa-bfcf-3ffe4c467d06");
INSERT INTO V_LIN
	VALUES ("d6ff0773-8603-48ed-ae25-2e71468701e4",
	'9');
INSERT INTO V_VAL
	VALUES ("8a601882-a5c2-48d3-904a-83e60de00f82",
	0,
	0,
	-1,
	-1,
	-1,
	0,
	0,
	0,
	0,
	"4e005777-df64-4279-9c02-400e239872b9",
	"e31516e6-a3df-44aa-bfcf-3ffe4c467d06");
INSERT INTO V_BIN
	VALUES ("8a601882-a5c2-48d3-904a-83e60de00f82",
	"9f079184-0802-4b73-b6dc-fff672cc7167",
	"d6ff0773-8603-48ed-ae25-2e71468701e4",
	'==');
INSERT INTO V_VAL
	VALUES ("9f079184-0802-4b73-b6dc-fff672cc7167",
	0,
	0,
	6,
	11,
	11,
	0,
	0,
	0,
	0,
	"811f1dd7-74f0-407e-b449-939d0de5ee8d",
	"e31516e6-a3df-44aa-bfcf-3ffe4c467d06");
INSERT INTO V_TVL
	VALUES ("9f079184-0802-4b73-b6dc-fff672cc7167",
	"46ccec9d-8f09-476f-92e0-d4100cd7749b");
INSERT INTO V_VAL
	VALUES ("f2457e9a-f958-4cd3-a02e-3cabd6381fe6",
	0,
	0,
	23,
	8,
	18,
	0,
	0,
	0,
	0,
	"811f1dd7-74f0-407e-b449-939d0de5ee8d",
	"e31516e6-a3df-44aa-bfcf-3ffe4c467d06");
INSERT INTO V_TVL
	VALUES ("f2457e9a-f958-4cd3-a02e-3cabd6381fe6",
	"407ba771-f1ce-4dbf-8501-cdca33163bd7");
INSERT INTO V_VAR
	VALUES ("407ba771-f1ce-4dbf-8501-cdca33163bd7",
	"e31516e6-a3df-44aa-bfcf-3ffe4c467d06",
	'temperature',
	1,
	"811f1dd7-74f0-407e-b449-939d0de5ee8d");
INSERT INTO V_TRN
	VALUES ("407ba771-f1ce-4dbf-8501-cdca33163bd7",
	"00000000-0000-0000-0000-000000000000",
	'');
INSERT INTO V_LOC
	VALUES ("775235fb-461f-441a-a7b7-2b9beb258036",
	3,
	1,
	11,
	"407ba771-f1ce-4dbf-8501-cdca33163bd7");
INSERT INTO V_LOC
	VALUES ("176f34d8-0004-4f13-b1c7-e4fae97b58fb",
	7,
	3,
	13,
	"407ba771-f1ce-4dbf-8501-cdca33163bd7");
INSERT INTO V_LOC
	VALUES ("f2bbb614-7a1e-4d05-b98c-55e4b838fabc",
	18,
	5,
	15,
	"407ba771-f1ce-4dbf-8501-cdca33163bd7");
INSERT INTO V_LOC
	VALUES ("d9d9708f-8edf-42cb-818e-a5d3b64d4acc",
	23,
	8,
	18,
	"407ba771-f1ce-4dbf-8501-cdca33163bd7");
INSERT INTO V_VAR
	VALUES ("63801357-3d9f-4795-b7e7-347a43fc4fa9",
	"e31516e6-a3df-44aa-bfcf-3ffe4c467d06",
	'eligibles',
	1,
	"bd7c827f-c0a0-4115-8268-33db6654fef9");
INSERT INTO V_INS
	VALUES ("63801357-3d9f-4795-b7e7-347a43fc4fa9",
	"7dfbb9fe-d109-4356-a43c-8a02617ad46a");
INSERT INTO V_LOC
	VALUES ("5b0051cd-7cdc-4a13-86b8-15b119a03f0e",
	4,
	13,
	21,
	"63801357-3d9f-4795-b7e7-347a43fc4fa9");
INSERT INTO V_LOC
	VALUES ("85e8b03d-7c1f-435c-8b05-8d3e1b0e6324",
	9,
	22,
	30,
	"63801357-3d9f-4795-b7e7-347a43fc4fa9");
INSERT INTO V_VAR
	VALUES ("ea5db7c8-88a1-4ab6-be67-2761bcc8dcc2",
	"e31516e6-a3df-44aa-bfcf-3ffe4c467d06",
	'self',
	1,
	"1a2907d2-496f-482d-ba4d-df818f73d6fa");
INSERT INTO V_INT
	VALUES ("ea5db7c8-88a1-4ab6-be67-2761bcc8dcc2",
	0,
	"56c54c26-d9b7-409a-83b7-4c701cc02c0e");
INSERT INTO V_VAR
	VALUES ("46ccec9d-8f09-476f-92e0-d4100cd7749b",
	"e31516e6-a3df-44aa-bfcf-3ffe4c467d06",
	'c',
	1,
	"811f1dd7-74f0-407e-b449-939d0de5ee8d");
INSERT INTO V_TRN
	VALUES ("46ccec9d-8f09-476f-92e0-d4100cd7749b",
	"00000000-0000-0000-0000-000000000000",
	'');
INSERT INTO V_LOC
	VALUES ("2e8aa3da-1722-4021-9c38-bb79cf81c3aa",
	5,
	1,
	1,
	"46ccec9d-8f09-476f-92e0-d4100cd7749b");
INSERT INTO V_LOC
	VALUES ("32ab3ff0-cafc-41de-b1bf-0a3a2581e267",
	6,
	11,
	11,
	"46ccec9d-8f09-476f-92e0-d4100cd7749b");
INSERT INTO V_LOC
	VALUES ("2f963c0b-826a-4342-84d9-5132609486b5",
	12,
	3,
	3,
	"46ccec9d-8f09-476f-92e0-d4100cd7749b");
INSERT INTO V_LOC
	VALUES ("be3f7d5a-2129-43f7-a1af-9780922b3cc4",
	13,
	13,
	13,
	"46ccec9d-8f09-476f-92e0-d4100cd7749b");
INSERT INTO ACT_BLK
	VALUES ("14e44c02-c655-4822-9fd4-3f0d47050c6d",
	0,
	0,
	0,
	'',
	'',
	'',
	7,
	3,
	0,
	0,
	0,
	0,
	0,
	0,
	0,
	0,
	0,
	0,
	0,
	"df772aa5-5b7d-4bcf-93e2-c0560d37d708",
	"00000000-0000-0000-0000-000000000000");
INSERT INTO ACT_SMT
	VALUES ("75e49aa4-698c-4c8a-96f1-41b4ae85660d",
	"14e44c02-c655-4822-9fd4-3f0d47050c6d",
	"00000000-0000-0000-0000-000000000000",
	7,
	3,
	'row::eliminate line: 7');
INSERT INTO ACT_AI
	VALUES ("75e49aa4-698c-4c8a-96f1-41b4ae85660d",
	"88f8a720-c5eb-4f2e-b5e4-a31654a608eb",
	"3e225f19-3acd-4777-b29b-1adacc7f6064",
	0,
	0);
INSERT INTO V_VAL
	VALUES ("3e225f19-3acd-4777-b29b-1adacc7f6064",
	1,
	0,
	7,
	3,
	13,
	0,
	0,
	0,
	0,
	"811f1dd7-74f0-407e-b449-939d0de5ee8d",
	"14e44c02-c655-4822-9fd4-3f0d47050c6d");
INSERT INTO V_TVL
	VALUES ("3e225f19-3acd-4777-b29b-1adacc7f6064",
	"407ba771-f1ce-4dbf-8501-cdca33163bd7");
INSERT INTO V_VAL
	VALUES ("88f8a720-c5eb-4f2e-b5e4-a31654a608eb",
	0,
	0,
	7,
	17,
	19,
	0,
	0,
	0,
	0,
	"811f1dd7-74f0-407e-b449-939d0de5ee8d",
	"14e44c02-c655-4822-9fd4-3f0d47050c6d");
INSERT INTO V_LIN
	VALUES ("88f8a720-c5eb-4f2e-b5e4-a31654a608eb",
	'100');
INSERT INTO ACT_BLK
	VALUES ("84fa5d8b-545f-4f3b-92ae-728fb13eb88c",
	0,
	0,
	0,
	'',
	'',
	'',
	9,
	1,
	0,
	0,
	0,
	0,
	0,
	0,
	0,
	0,
	0,
	0,
	0,
	"df772aa5-5b7d-4bcf-93e2-c0560d37d708",
	"00000000-0000-0000-0000-000000000000");
INSERT INTO ACT_SMT
	VALUES ("471ad7bb-378b-4e17-9786-5a225b47a42a",
	"84fa5d8b-545f-4f3b-92ae-728fb13eb88c",
	"00000000-0000-0000-0000-000000000000",
	9,
	1,
	'row::eliminate line: 9');
INSERT INTO ACT_FOR
	VALUES ("471ad7bb-378b-4e17-9786-5a225b47a42a",
	"b1f66982-d108-41ec-a236-3ebc2966b455",
	1,
	"38687cc3-2a00-4162-9ca5-0433b1bf0b70",
	"63801357-3d9f-4795-b7e7-347a43fc4fa9",
	"7dfbb9fe-d109-4356-a43c-8a02617ad46a");
INSERT INTO V_VAR
	VALUES ("38687cc3-2a00-4162-9ca5-0433b1bf0b70",
	"84fa5d8b-545f-4f3b-92ae-728fb13eb88c",
	'eligible',
	1,
	"1a2907d2-496f-482d-ba4d-df818f73d6fa");
INSERT INTO V_INT
	VALUES ("38687cc3-2a00-4162-9ca5-0433b1bf0b70",
	1,
	"7dfbb9fe-d109-4356-a43c-8a02617ad46a");
INSERT INTO V_LOC
	VALUES ("9074752e-c9c0-4c64-bc0f-f0d93ddca39f",
	9,
	10,
	17,
	"38687cc3-2a00-4162-9ca5-0433b1bf0b70");
INSERT INTO V_LOC
	VALUES ("ed0f5a01-c568-410f-a734-b4a25ba652ee",
	11,
	37,
	44,
	"38687cc3-2a00-4162-9ca5-0433b1bf0b70");
INSERT INTO V_LOC
	VALUES ("ef62467f-257e-45d4-99e9-c764dbd1f8c7",
	16,
	31,
	38,
	"38687cc3-2a00-4162-9ca5-0433b1bf0b70");
INSERT INTO ACT_BLK
	VALUES ("b1f66982-d108-41ec-a236-3ebc2966b455",
	1,
	0,
	1,
	'',
	'',
	'',
	13,
	3,
	10,
	49,
	0,
	0,
	10,
	58,
	0,
	0,
	0,
	0,
	0,
	"df772aa5-5b7d-4bcf-93e2-c0560d37d708",
	"00000000-0000-0000-0000-000000000000");
INSERT INTO ACT_SMT
	VALUES ("27db5ee2-50a0-49e2-8df0-7f14ac9f5038",
	"b1f66982-d108-41ec-a236-3ebc2966b455",
	"3f0c1e89-a2cc-4cb5-a378-20c0acac263b",
	10,
	3,
	'row::eliminate line: 10');
INSERT INTO ACT_SEL
	VALUES ("27db5ee2-50a0-49e2-8df0-7f14ac9f5038",
	"e06b1582-eef8-493a-bdd5-6263a9ff7401",
	1,
	'many',
	"8b76d3cb-1054-4689-80f3-2ce595f94e8f");
INSERT INTO ACT_SRW
	VALUES ("27db5ee2-50a0-49e2-8df0-7f14ac9f5038",
	"cfff5a02-c930-47f3-b863-399f3447ac54");
INSERT INTO ACT_LNK
	VALUES ("1dfc3c90-8ee2-4199-8d9e-d673ef8eda43",
	'',
	"27db5ee2-50a0-49e2-8df0-7f14ac9f5038",
	"c9931c97-9acb-4b55-af72-81add52c1825",
	"7e6e66a5-7451-4289-8f2e-b65de35d6181",
	3,
	"e488047e-8d3e-455c-a7e9-29120bad505f",
	10,
	39,
	10,
	44,
	0,
	0);
INSERT INTO ACT_LNK
	VALUES ("7e6e66a5-7451-4289-8f2e-b65de35d6181",
	'',
	"00000000-0000-0000-0000-000000000000",
	"62a93566-2203-4db8-ba18-f7c15ca2072a",
	"00000000-0000-0000-0000-000000000000",
	3,
	"7dfbb9fe-d109-4356-a43c-8a02617ad46a",
	10,
	49,
	10,
	58,
	0,
	0);
INSERT INTO ACT_SMT
	VALUES ("3f0c1e89-a2cc-4cb5-a378-20c0acac263b",
	"b1f66982-d108-41ec-a236-3ebc2966b455",
	"39a35368-838b-4d41-9cbf-332592093fcf",
	12,
	3,
	'row::eliminate line: 12');
INSERT INTO ACT_AI
	VALUES ("3f0c1e89-a2cc-4cb5-a378-20c0acac263b",
	"c7f59ddf-cf64-4b42-8632-264962f14c8f",
	"f015e278-9d5d-4736-b1a6-cbf04b09e218",
	0,
	0);
INSERT INTO ACT_SMT
	VALUES ("39a35368-838b-4d41-9cbf-332592093fcf",
	"b1f66982-d108-41ec-a236-3ebc2966b455",
	"00000000-0000-0000-0000-000000000000",
	13,
	3,
	'row::eliminate line: 13');
INSERT INTO ACT_IF
	VALUES ("39a35368-838b-4d41-9cbf-332592093fcf",
	"3ed319ed-8b85-422b-b3ba-4d7ffc13d0c0",
	"6e76d2f3-1229-4844-a7d2-ae0b74f7b6cd",
	"00000000-0000-0000-0000-000000000000",
	"00000000-0000-0000-0000-000000000000");
INSERT INTO V_VAL
	VALUES ("8b76d3cb-1054-4689-80f3-2ce595f94e8f",
	0,
	0,
	10,
	33,
	36,
	0,
	0,
	0,
	0,
	"1a2907d2-496f-482d-ba4d-df818f73d6fa",
	"b1f66982-d108-41ec-a236-3ebc2966b455");
INSERT INTO V_IRF
	VALUES ("8b76d3cb-1054-4689-80f3-2ce595f94e8f",
	"ea5db7c8-88a1-4ab6-be67-2761bcc8dcc2");
INSERT INTO V_VAL
	VALUES ("f766cadc-3a10-4a32-a926-10b8f7fefde3",
	0,
	0,
	11,
	13,
	-1,
	0,
	0,
	0,
	0,
	"1a2907d2-496f-482d-ba4d-df818f73d6fa",
	"b1f66982-d108-41ec-a236-3ebc2966b455");
INSERT INTO V_SLR
	VALUES ("f766cadc-3a10-4a32-a926-10b8f7fefde3",
	"00000000-0000-0000-0000-000000000000",
	"00000000-0000-0000-0000-000000000000",
	"00000000-0000-0000-0000-000000000000");
INSERT INTO V_VAL
	VALUES ("d07ac6b5-3919-4cd7-9126-a70f089fd6df",
	0,
	0,
	11,
	22,
	32,
	0,
	0,
	0,
	0,
	"811f1dd7-74f0-407e-b449-939d0de5ee8d",
	"b1f66982-d108-41ec-a236-3ebc2966b455");
INSERT INTO V_AVL
	VALUES ("d07ac6b5-3919-4cd7-9126-a70f089fd6df",
	"f766cadc-3a10-4a32-a926-10b8f7fefde3",
	"7dfbb9fe-d109-4356-a43c-8a02617ad46a",
	"a460f509-7c57-4f06-af25-d200aed49293");
INSERT INTO V_VAL
	VALUES ("cfff5a02-c930-47f3-b863-399f3447ac54",
	0,
	0,
	-1,
	-1,
	-1,
	0,
	0,
	0,
	0,
	"4e005777-df64-4279-9c02-400e239872b9",
	"b1f66982-d108-41ec-a236-3ebc2966b455");
INSERT INTO V_BIN
	VALUES ("cfff5a02-c930-47f3-b863-399f3447ac54",
	"25e161ba-0f53-4bf2-b45d-946f2ba7b40a",
	"d07ac6b5-3919-4cd7-9126-a70f089fd6df",
	'==');
INSERT INTO V_VAL
	VALUES ("1bd42a1a-b122-4d41-a1fd-652a22aa7ca0",
	0,
	0,
	11,
	37,
	44,
	0,
	0,
	0,
	0,
	"1a2907d2-496f-482d-ba4d-df818f73d6fa",
	"b1f66982-d108-41ec-a236-3ebc2966b455");
INSERT INTO V_IRF
	VALUES ("1bd42a1a-b122-4d41-a1fd-652a22aa7ca0",
	"38687cc3-2a00-4162-9ca5-0433b1bf0b70");
INSERT INTO V_VAL
	VALUES ("25e161ba-0f53-4bf2-b45d-946f2ba7b40a",
	0,
	0,
	11,
	46,
	56,
	0,
	0,
	0,
	0,
	"811f1dd7-74f0-407e-b449-939d0de5ee8d",
	"b1f66982-d108-41ec-a236-3ebc2966b455");
INSERT INTO V_AVL
	VALUES ("25e161ba-0f53-4bf2-b45d-946f2ba7b40a",
	"1bd42a1a-b122-4d41-a1fd-652a22aa7ca0",
	"7dfbb9fe-d109-4356-a43c-8a02617ad46a",
	"a460f509-7c57-4f06-af25-d200aed49293");
INSERT INTO V_VAL
	VALUES ("f015e278-9d5d-4736-b1a6-cbf04b09e218",
	1,
	0,
	12,
	3,
	3,
	0,
	0,
	0,
	0,
	"811f1dd7-74f0-407e-b449-939d0de5ee8d",
	"b1f66982-d108-41ec-a236-3ebc2966b455");
INSERT INTO V_TVL
	VALUES ("f015e278-9d5d-4736-b1a6-cbf04b09e218",
	"46ccec9d-8f09-476f-92e0-d4100cd7749b");
INSERT INTO V_VAL
	VALUES ("b7138cfc-8ed7-432a-9cbd-527a57b981df",
	0,
	0,
	12,
	19,
	24,
	0,
	0,
	0,
	0,
	"bd7c827f-c0a0-4115-8268-33db6654fef9",
	"b1f66982-d108-41ec-a236-3ebc2966b455");
INSERT INTO V_ISR
	VALUES ("b7138cfc-8ed7-432a-9cbd-527a57b981df",
	"e06b1582-eef8-493a-bdd5-6263a9ff7401");
INSERT INTO V_VAL
	VALUES ("c7f59ddf-cf64-4b42-8632-264962f14c8f",
	0,
	0,
	-1,
	-1,
	-1,
	0,
	0,
	0,
	0,
	"811f1dd7-74f0-407e-b449-939d0de5ee8d",
	"b1f66982-d108-41ec-a236-3ebc2966b455");
INSERT INTO V_UNY
	VALUES ("c7f59ddf-cf64-4b42-8632-264962f14c8f",
	"b7138cfc-8ed7-432a-9cbd-527a57b981df",
	'cardinality');
INSERT INTO V_VAL
	VALUES ("db98b9b9-01fa-4b96-a145-631c4a7a6b0b",
	0,
	0,
	13,
	8,
	8,
	0,
	0,
	0,
	0,
	"811f1dd7-74f0-407e-b449-939d0de5ee8d",
	"b1f66982-d108-41ec-a236-3ebc2966b455");
INSERT INTO V_LIN
	VALUES ("db98b9b9-01fa-4b96-a145-631c4a7a6b0b",
	'1');
INSERT INTO V_VAL
	VALUES ("6e76d2f3-1229-4844-a7d2-ae0b74f7b6cd",
	0,
	0,
	-1,
	-1,
	-1,
	0,
	0,
	0,
	0,
	"4e005777-df64-4279-9c02-400e239872b9",
	"b1f66982-d108-41ec-a236-3ebc2966b455");
INSERT INTO V_BIN
	VALUES ("6e76d2f3-1229-4844-a7d2-ae0b74f7b6cd",
	"2da4337a-b197-49cd-855b-3c0fc2b2316c",
	"db98b9b9-01fa-4b96-a145-631c4a7a6b0b",
	'==');
INSERT INTO V_VAL
	VALUES ("2da4337a-b197-49cd-855b-3c0fc2b2316c",
	0,
	0,
	13,
	13,
	13,
	0,
	0,
	0,
	0,
	"811f1dd7-74f0-407e-b449-939d0de5ee8d",
	"b1f66982-d108-41ec-a236-3ebc2966b455");
INSERT INTO V_TVL
	VALUES ("2da4337a-b197-49cd-855b-3c0fc2b2316c",
	"46ccec9d-8f09-476f-92e0-d4100cd7749b");
INSERT INTO V_VAR
	VALUES ("e06b1582-eef8-493a-bdd5-6263a9ff7401",
	"b1f66982-d108-41ec-a236-3ebc2966b455",
	'loners',
	1,
	"bd7c827f-c0a0-4115-8268-33db6654fef9");
INSERT INTO V_INS
	VALUES ("e06b1582-eef8-493a-bdd5-6263a9ff7401",
	"7dfbb9fe-d109-4356-a43c-8a02617ad46a");
INSERT INTO V_LOC
	VALUES ("84cb0296-247c-4e12-b38f-fcc8df59c7b8",
	10,
	15,
	20,
	"e06b1582-eef8-493a-bdd5-6263a9ff7401");
INSERT INTO ACT_BLK
	VALUES ("3ed319ed-8b85-422b-b3ba-4d7ffc13d0c0",
	1,
	0,
	0,
	'',
	'',
	'',
	19,
	5,
	15,
	42,
	0,
	0,
	15,
	47,
	0,
	0,
	0,
	0,
	0,
	"df772aa5-5b7d-4bcf-93e2-c0560d37d708",
	"00000000-0000-0000-0000-000000000000");
INSERT INTO ACT_SMT
	VALUES ("14f97967-a512-4da1-ba0d-66853593a397",
	"3ed319ed-8b85-422b-b3ba-4d7ffc13d0c0",
	"09a8619c-7528-4f85-a89b-e1135a026826",
	15,
	5,
	'row::eliminate line: 15');
INSERT INTO ACT_SEL
	VALUES ("14f97967-a512-4da1-ba0d-66853593a397",
	"0b9bfb03-ac9d-40b9-857c-8de6e0cd3610",
	1,
	'one',
	"ee207bd7-400d-496c-89fc-0e20fb15bc92");
INSERT INTO ACT_SR
	VALUES ("14f97967-a512-4da1-ba0d-66853593a397");
INSERT INTO ACT_LNK
	VALUES ("53304f83-00a3-4ba7-b512-f84219adb70a",
	'',
	"14f97967-a512-4da1-ba0d-66853593a397",
	"62a93566-2203-4db8-ba18-f7c15ca2072a",
	"00000000-0000-0000-0000-000000000000",
	2,
	"e488047e-8d3e-455c-a7e9-29120bad505f",
	15,
	42,
	15,
	47,
	0,
	0);
INSERT INTO ACT_SMT
	VALUES ("09a8619c-7528-4f85-a89b-e1135a026826",
	"3ed319ed-8b85-422b-b3ba-4d7ffc13d0c0",
	"137219ca-c4aa-4900-9e95-82c5ea484cea",
	16,
	5,
	'row::eliminate line: 16');
INSERT INTO ACT_TFM
	VALUES ("09a8619c-7528-4f85-a89b-e1135a026826",
	"a3632caa-a4af-4c7b-8e5d-212826ddcf99",
	"0b9bfb03-ac9d-40b9-857c-8de6e0cd3610",
	16,
	10,
	0,
	0);
INSERT INTO ACT_SMT
	VALUES ("137219ca-c4aa-4900-9e95-82c5ea484cea",
	"3ed319ed-8b85-422b-b3ba-4d7ffc13d0c0",
	"e3ecca6e-f555-4c3f-8716-141ab801fedf",
	18,
	5,
	'row::eliminate line: 18');
INSERT INTO ACT_AI
	VALUES ("137219ca-c4aa-4900-9e95-82c5ea484cea",
	"b0cca5ee-8b5b-406b-bb05-0e402693a413",
	"083d908b-6a46-4bb3-9f5e-6b10cf476692",
	0,
	0);
INSERT INTO ACT_SMT
	VALUES ("e3ecca6e-f555-4c3f-8716-141ab801fedf",
	"3ed319ed-8b85-422b-b3ba-4d7ffc13d0c0",
	"00000000-0000-0000-0000-000000000000",
	19,
	5,
	'row::eliminate line: 19');
INSERT INTO ACT_BRK
	VALUES ("e3ecca6e-f555-4c3f-8716-141ab801fedf");
INSERT INTO V_VAL
	VALUES ("ee207bd7-400d-496c-89fc-0e20fb15bc92",
	0,
	0,
	15,
	32,
	39,
	0,
	0,
	0,
	0,
	"1a2907d2-496f-482d-ba4d-df818f73d6fa",
	"3ed319ed-8b85-422b-b3ba-4d7ffc13d0c0");
INSERT INTO V_IRF
	VALUES ("ee207bd7-400d-496c-89fc-0e20fb15bc92",
	"38687cc3-2a00-4162-9ca5-0433b1bf0b70");
INSERT INTO V_VAL
	VALUES ("77e78f10-797d-411c-a0d8-dc793aedc589",
	0,
	0,
	16,
	31,
	38,
	0,
	0,
	0,
	0,
	"1a2907d2-496f-482d-ba4d-df818f73d6fa",
	"3ed319ed-8b85-422b-b3ba-4d7ffc13d0c0");
INSERT INTO V_IRF
	VALUES ("77e78f10-797d-411c-a0d8-dc793aedc589",
	"38687cc3-2a00-4162-9ca5-0433b1bf0b70");
INSERT INTO V_VAL
	VALUES ("40716a33-e4c7-4e24-9761-3d660208c195",
	0,
	0,
	16,
	40,
	50,
	0,
	0,
	0,
	0,
	"811f1dd7-74f0-407e-b449-939d0de5ee8d",
	"3ed319ed-8b85-422b-b3ba-4d7ffc13d0c0");
INSERT INTO V_AVL
	VALUES ("40716a33-e4c7-4e24-9761-3d660208c195",
	"77e78f10-797d-411c-a0d8-dc793aedc589",
	"7dfbb9fe-d109-4356-a43c-8a02617ad46a",
	"a460f509-7c57-4f06-af25-d200aed49293");
INSERT INTO V_PAR
	VALUES ("40716a33-e4c7-4e24-9761-3d660208c195",
	"09a8619c-7528-4f85-a89b-e1135a026826",
	"00000000-0000-0000-0000-000000000000",
	'answer_digit',
	"00000000-0000-0000-0000-000000000000",
	16,
	18);
INSERT INTO V_VAL
	VALUES ("083d908b-6a46-4bb3-9f5e-6b10cf476692",
	1,
	0,
	18,
	5,
	15,
	0,
	0,
	0,
	0,
	"811f1dd7-74f0-407e-b449-939d0de5ee8d",
	"3ed319ed-8b85-422b-b3ba-4d7ffc13d0c0");
INSERT INTO V_TVL
	VALUES ("083d908b-6a46-4bb3-9f5e-6b10cf476692",
	"407ba771-f1ce-4dbf-8501-cdca33163bd7");
INSERT INTO V_VAL
	VALUES ("b0cca5ee-8b5b-406b-bb05-0e402693a413",
	0,
	0,
	18,
	19,
	19,
	0,
	0,
	0,
	0,
	"811f1dd7-74f0-407e-b449-939d0de5ee8d",
	"3ed319ed-8b85-422b-b3ba-4d7ffc13d0c0");
INSERT INTO V_LIN
	VALUES ("b0cca5ee-8b5b-406b-bb05-0e402693a413",
	'1');
INSERT INTO V_VAR
	VALUES ("0b9bfb03-ac9d-40b9-857c-8de6e0cd3610",
	"3ed319ed-8b85-422b-b3ba-4d7ffc13d0c0",
	'cell',
	1,
	"1a2907d2-496f-482d-ba4d-df818f73d6fa");
INSERT INTO V_INT
	VALUES ("0b9bfb03-ac9d-40b9-857c-8de6e0cd3610",
	0,
	"e488047e-8d3e-455c-a7e9-29120bad505f");
INSERT INTO V_LOC
	VALUES ("61a5737d-62aa-4183-bd2c-3533b09b3f10",
	15,
	16,
	19,
	"0b9bfb03-ac9d-40b9-857c-8de6e0cd3610");
INSERT INTO V_LOC
	VALUES ("162e4a35-06fb-40c9-8076-cc91858789b0",
	16,
	5,
	8,
	"0b9bfb03-ac9d-40b9-857c-8de6e0cd3610");
INSERT INTO O_TFR
	VALUES ("450e3398-ff08-488c-94ba-b761702968e3",
	"56c54c26-d9b7-409a-83b7-4c701cc02c0e",
	'prune',
	'',
	"811f1dd7-74f0-407e-b449-939d0de5ee8d",
	1,
	'// Eliminate eligible digits that match any answer digit for this sequence.

temperature = 0;
select many answerdigits related by self->CELL[R2]->DIGIT[R9] where ( selected.value != 0 );
select many eligibles related by self->CELL[R2]->ELIGIBLE[R8];
for each eligible in eligibles
  for each answerdigit in answerdigits
    if ( eligible.digit_value == answerdigit.value )
      select one opencell related by eligible->CELL[R8];
      if ( opencell.answer_value != eligible.digit_value )
        unrelate answerdigit from opencell across R8 using eligible;
        delete object instance eligible;
        //generate CELL1:eliminate( digit:answerdigit.value ) to opencell;
      end if;
      temperature = 1;
      break;
    end if;
  end for;
end for;
  
select many opencells related by self->CELL[R2]
  where ( selected.answer_value == 0 );
if ( empty opencells )
  temperature = 100;
end if;
for each opencell in opencells
  // Notice if we have the answer now.
  select many eligibles related by opencell->ELIGIBLE[R8];
  c = cardinality eligibles;
  if ( 1 == c )
    select any answer related by opencell->ELIGIBLE[R8];
    opencell.answer( answer_digit:answer.digit_value );
    //generate CELL2:answer( digit:answer.digit_value ) to opencell;
    temperature = 1;
  end if;
end for;

return temperature;
',
	1,
	'',
	"a96f5d87-216f-4cae-a278-9bd89e071d22");
INSERT INTO ACT_OPB
	VALUES ("8e33a0ba-7dc1-449a-87d5-9425aa564bc1",
	"450e3398-ff08-488c-94ba-b761702968e3");
INSERT INTO ACT_ACT
	VALUES ("8e33a0ba-7dc1-449a-87d5-9425aa564bc1",
	'operation',
	0,
	"db5a4671-72e0-4a69-ab39-dc36c4e7646b",
	"00000000-0000-0000-0000-000000000000",
	0,
	'row::prune',
	"00000000-0000-0000-0000-000000000000");
INSERT INTO ACT_BLK
	VALUES ("db5a4671-72e0-4a69-ab39-dc36c4e7646b",
	1,
	0,
	1,
	'',
	'',
	'',
	38,
	1,
	21,
	40,
	0,
	0,
	21,
	45,
	0,
	0,
	0,
	0,
	0,
	"8e33a0ba-7dc1-449a-87d5-9425aa564bc1",
	"00000000-0000-0000-0000-000000000000");
INSERT INTO ACT_SMT
	VALUES ("36b84b17-184c-470f-b07e-a21b15ef3f91",
	"db5a4671-72e0-4a69-ab39-dc36c4e7646b",
	"b2747267-de94-4c9c-8657-589373d1e084",
	3,
	1,
	'row::prune line: 3');
INSERT INTO ACT_AI
	VALUES ("36b84b17-184c-470f-b07e-a21b15ef3f91",
	"83c81a62-749e-4340-ac8b-d23e7b10328c",
	"b894dd74-fb97-4190-82a7-f32dbc4b5c06",
	0,
	0);
INSERT INTO ACT_SMT
	VALUES ("b2747267-de94-4c9c-8657-589373d1e084",
	"db5a4671-72e0-4a69-ab39-dc36c4e7646b",
	"6c0b21ac-a615-4672-a2e2-9a4ef4a9c3f4",
	4,
	1,
	'row::prune line: 4');
INSERT INTO ACT_SEL
	VALUES ("b2747267-de94-4c9c-8657-589373d1e084",
	"1c557cf4-2b99-4b2c-a4e7-6e53b5af7317",
	1,
	'many',
	"2274421d-04cd-4ea8-8383-4c2167598272");
INSERT INTO ACT_SRW
	VALUES ("b2747267-de94-4c9c-8657-589373d1e084",
	"949e5ea4-41da-434b-8954-5437ea2dcc3e");
INSERT INTO ACT_LNK
	VALUES ("95a0cb74-deb0-4192-9387-41383cb35901",
	'',
	"b2747267-de94-4c9c-8657-589373d1e084",
	"c9931c97-9acb-4b55-af72-81add52c1825",
	"81502020-e926-4f15-ba17-f6c0c240c6a7",
	3,
	"e488047e-8d3e-455c-a7e9-29120bad505f",
	4,
	43,
	4,
	48,
	0,
	0);
INSERT INTO ACT_LNK
	VALUES ("81502020-e926-4f15-ba17-f6c0c240c6a7",
	'',
	"00000000-0000-0000-0000-000000000000",
	"52e5a3de-5d5d-4eaf-a076-5b96609c9130",
	"00000000-0000-0000-0000-000000000000",
	2,
	"8a59e2de-6f5d-4937-ade5-f1ace45cc756",
	4,
	53,
	4,
	59,
	0,
	0);
INSERT INTO ACT_SMT
	VALUES ("6c0b21ac-a615-4672-a2e2-9a4ef4a9c3f4",
	"db5a4671-72e0-4a69-ab39-dc36c4e7646b",
	"c04ae2a1-bcce-4d85-bfb3-863ced236397",
	5,
	1,
	'row::prune line: 5');
INSERT INTO ACT_SEL
	VALUES ("6c0b21ac-a615-4672-a2e2-9a4ef4a9c3f4",
	"0747d1ca-e01a-4034-90ef-1a4b90cffcd3",
	1,
	'many',
	"d0fe1c25-9504-43e1-b476-faf5b3b76ed4");
INSERT INTO ACT_SR
	VALUES ("6c0b21ac-a615-4672-a2e2-9a4ef4a9c3f4");
INSERT INTO ACT_LNK
	VALUES ("17104076-8229-4e12-9e68-868585b13556",
	'',
	"6c0b21ac-a615-4672-a2e2-9a4ef4a9c3f4",
	"c9931c97-9acb-4b55-af72-81add52c1825",
	"79d8184b-701f-42cd-83b2-006b5ec5071e",
	3,
	"e488047e-8d3e-455c-a7e9-29120bad505f",
	5,
	40,
	5,
	45,
	0,
	0);
INSERT INTO ACT_LNK
	VALUES ("79d8184b-701f-42cd-83b2-006b5ec5071e",
	'',
	"00000000-0000-0000-0000-000000000000",
	"62a93566-2203-4db8-ba18-f7c15ca2072a",
	"00000000-0000-0000-0000-000000000000",
	3,
	"7dfbb9fe-d109-4356-a43c-8a02617ad46a",
	5,
	50,
	5,
	59,
	0,
	0);
INSERT INTO ACT_SMT
	VALUES ("c04ae2a1-bcce-4d85-bfb3-863ced236397",
	"db5a4671-72e0-4a69-ab39-dc36c4e7646b",
	"59ae3628-8a79-4043-a4fd-9b9ca266d0b5",
	6,
	1,
	'row::prune line: 6');
INSERT INTO ACT_FOR
	VALUES ("c04ae2a1-bcce-4d85-bfb3-863ced236397",
	"ddcbdc82-2757-44fe-bed3-b2874f204ca1",
	1,
	"24cb2c26-6882-4c7e-804f-2c1cdb9c49af",
	"0747d1ca-e01a-4034-90ef-1a4b90cffcd3",
	"7dfbb9fe-d109-4356-a43c-8a02617ad46a");
INSERT INTO ACT_SMT
	VALUES ("59ae3628-8a79-4043-a4fd-9b9ca266d0b5",
	"db5a4671-72e0-4a69-ab39-dc36c4e7646b",
	"6ef50763-d332-4aea-aa14-2bca60b5b075",
	21,
	1,
	'row::prune line: 21');
INSERT INTO ACT_SEL
	VALUES ("59ae3628-8a79-4043-a4fd-9b9ca266d0b5",
	"472cd25b-07e7-4ca5-a465-9f58ac5a1167",
	1,
	'many',
	"1cbca4a4-44cb-4e3a-bf87-daafda31bb4f");
INSERT INTO ACT_SRW
	VALUES ("59ae3628-8a79-4043-a4fd-9b9ca266d0b5",
	"3493a57d-7d78-45d6-a4d1-5905943159c1");
INSERT INTO ACT_LNK
	VALUES ("03ab3d8a-0f12-4be2-a99f-864b3922013f",
	'',
	"59ae3628-8a79-4043-a4fd-9b9ca266d0b5",
	"c9931c97-9acb-4b55-af72-81add52c1825",
	"00000000-0000-0000-0000-000000000000",
	3,
	"e488047e-8d3e-455c-a7e9-29120bad505f",
	21,
	40,
	21,
	45,
	0,
	0);
INSERT INTO ACT_SMT
	VALUES ("6ef50763-d332-4aea-aa14-2bca60b5b075",
	"db5a4671-72e0-4a69-ab39-dc36c4e7646b",
	"89751f80-01e8-431b-bbdd-54db55eb3d2f",
	23,
	1,
	'row::prune line: 23');
INSERT INTO ACT_IF
	VALUES ("6ef50763-d332-4aea-aa14-2bca60b5b075",
	"31dd6a16-3670-4510-aff6-65715acf858e",
	"cbb7d2c4-3843-48dc-8dbd-708c7033dadb",
	"00000000-0000-0000-0000-000000000000",
	"00000000-0000-0000-0000-000000000000");
INSERT INTO ACT_SMT
	VALUES ("89751f80-01e8-431b-bbdd-54db55eb3d2f",
	"db5a4671-72e0-4a69-ab39-dc36c4e7646b",
	"b1b777f0-d739-4014-a2bd-321b9900c43f",
	26,
	1,
	'row::prune line: 26');
INSERT INTO ACT_FOR
	VALUES ("89751f80-01e8-431b-bbdd-54db55eb3d2f",
	"d7653efb-5bcc-4fb4-991e-655fde266344",
	1,
	"79328582-68fc-4b0e-bb52-95259e3e43e7",
	"472cd25b-07e7-4ca5-a465-9f58ac5a1167",
	"e488047e-8d3e-455c-a7e9-29120bad505f");
INSERT INTO ACT_SMT
	VALUES ("b1b777f0-d739-4014-a2bd-321b9900c43f",
	"db5a4671-72e0-4a69-ab39-dc36c4e7646b",
	"00000000-0000-0000-0000-000000000000",
	38,
	1,
	'row::prune line: 38');
INSERT INTO ACT_RET
	VALUES ("b1b777f0-d739-4014-a2bd-321b9900c43f",
	"99a6ee35-0c06-4f43-aad3-30e6d93a2a9c");
INSERT INTO V_VAL
	VALUES ("b894dd74-fb97-4190-82a7-f32dbc4b5c06",
	1,
	1,
	3,
	1,
	11,
	0,
	0,
	0,
	0,
	"811f1dd7-74f0-407e-b449-939d0de5ee8d",
	"db5a4671-72e0-4a69-ab39-dc36c4e7646b");
INSERT INTO V_TVL
	VALUES ("b894dd74-fb97-4190-82a7-f32dbc4b5c06",
	"b7d30736-8ec9-4f93-8710-f54ba069389a");
INSERT INTO V_VAL
	VALUES ("83c81a62-749e-4340-ac8b-d23e7b10328c",
	0,
	0,
	3,
	15,
	15,
	0,
	0,
	0,
	0,
	"811f1dd7-74f0-407e-b449-939d0de5ee8d",
	"db5a4671-72e0-4a69-ab39-dc36c4e7646b");
INSERT INTO V_LIN
	VALUES ("83c81a62-749e-4340-ac8b-d23e7b10328c",
	'0');
INSERT INTO V_VAL
	VALUES ("2274421d-04cd-4ea8-8383-4c2167598272",
	0,
	0,
	4,
	37,
	40,
	0,
	0,
	0,
	0,
	"1a2907d2-496f-482d-ba4d-df818f73d6fa",
	"db5a4671-72e0-4a69-ab39-dc36c4e7646b");
INSERT INTO V_IRF
	VALUES ("2274421d-04cd-4ea8-8383-4c2167598272",
	"a8006f02-05ac-42e2-8699-25411e34dd27");
INSERT INTO V_VAL
	VALUES ("e8d5025e-8376-4306-b714-cafc9f6e62ae",
	0,
	0,
	4,
	71,
	-1,
	0,
	0,
	0,
	0,
	"1a2907d2-496f-482d-ba4d-df818f73d6fa",
	"db5a4671-72e0-4a69-ab39-dc36c4e7646b");
INSERT INTO V_SLR
	VALUES ("e8d5025e-8376-4306-b714-cafc9f6e62ae",
	"00000000-0000-0000-0000-000000000000",
	"00000000-0000-0000-0000-000000000000",
	"00000000-0000-0000-0000-000000000000");
INSERT INTO V_VAL
	VALUES ("f369bc34-27c8-4bbd-8634-dd288451bc55",
	0,
	0,
	4,
	80,
	84,
	0,
	0,
	0,
	0,
	"811f1dd7-74f0-407e-b449-939d0de5ee8d",
	"db5a4671-72e0-4a69-ab39-dc36c4e7646b");
INSERT INTO V_AVL
	VALUES ("f369bc34-27c8-4bbd-8634-dd288451bc55",
	"e8d5025e-8376-4306-b714-cafc9f6e62ae",
	"8a59e2de-6f5d-4937-ade5-f1ace45cc756",
	"53e80efe-cb6c-4332-b046-1ba6f6005b30");
INSERT INTO V_VAL
	VALUES ("949e5ea4-41da-434b-8954-5437ea2dcc3e",
	0,
	0,
	-1,
	-1,
	-1,
	0,
	0,
	0,
	0,
	"4e005777-df64-4279-9c02-400e239872b9",
	"db5a4671-72e0-4a69-ab39-dc36c4e7646b");
INSERT INTO V_BIN
	VALUES ("949e5ea4-41da-434b-8954-5437ea2dcc3e",
	"6a7c22af-c38f-4a99-acd9-8207e3e2f792",
	"f369bc34-27c8-4bbd-8634-dd288451bc55",
	'!=');
INSERT INTO V_VAL
	VALUES ("6a7c22af-c38f-4a99-acd9-8207e3e2f792",
	0,
	0,
	4,
	89,
	89,
	0,
	0,
	0,
	0,
	"811f1dd7-74f0-407e-b449-939d0de5ee8d",
	"db5a4671-72e0-4a69-ab39-dc36c4e7646b");
INSERT INTO V_LIN
	VALUES ("6a7c22af-c38f-4a99-acd9-8207e3e2f792",
	'0');
INSERT INTO V_VAL
	VALUES ("d0fe1c25-9504-43e1-b476-faf5b3b76ed4",
	0,
	0,
	5,
	34,
	37,
	0,
	0,
	0,
	0,
	"1a2907d2-496f-482d-ba4d-df818f73d6fa",
	"db5a4671-72e0-4a69-ab39-dc36c4e7646b");
INSERT INTO V_IRF
	VALUES ("d0fe1c25-9504-43e1-b476-faf5b3b76ed4",
	"a8006f02-05ac-42e2-8699-25411e34dd27");
INSERT INTO V_VAL
	VALUES ("1cbca4a4-44cb-4e3a-bf87-daafda31bb4f",
	0,
	0,
	21,
	34,
	37,
	0,
	0,
	0,
	0,
	"1a2907d2-496f-482d-ba4d-df818f73d6fa",
	"db5a4671-72e0-4a69-ab39-dc36c4e7646b");
INSERT INTO V_IRF
	VALUES ("1cbca4a4-44cb-4e3a-bf87-daafda31bb4f",
	"a8006f02-05ac-42e2-8699-25411e34dd27");
INSERT INTO V_VAL
	VALUES ("cf183df8-71c5-438a-842a-4a9172a9ba3d",
	0,
	0,
	22,
	11,
	-1,
	0,
	0,
	0,
	0,
	"1a2907d2-496f-482d-ba4d-df818f73d6fa",
	"db5a4671-72e0-4a69-ab39-dc36c4e7646b");
INSERT INTO V_SLR
	VALUES ("cf183df8-71c5-438a-842a-4a9172a9ba3d",
	"00000000-0000-0000-0000-000000000000",
	"00000000-0000-0000-0000-000000000000",
	"00000000-0000-0000-0000-000000000000");
INSERT INTO V_VAL
	VALUES ("bad26de5-8a64-42f0-9a0f-5ee1b4f7f80a",
	0,
	0,
	22,
	20,
	31,
	0,
	0,
	0,
	0,
	"811f1dd7-74f0-407e-b449-939d0de5ee8d",
	"db5a4671-72e0-4a69-ab39-dc36c4e7646b");
INSERT INTO V_AVL
	VALUES ("bad26de5-8a64-42f0-9a0f-5ee1b4f7f80a",
	"cf183df8-71c5-438a-842a-4a9172a9ba3d",
	"e488047e-8d3e-455c-a7e9-29120bad505f",
	"009f5557-7ee7-4e44-9444-4d92eb448359");
INSERT INTO V_VAL
	VALUES ("3493a57d-7d78-45d6-a4d1-5905943159c1",
	0,
	0,
	-1,
	-1,
	-1,
	0,
	0,
	0,
	0,
	"4e005777-df64-4279-9c02-400e239872b9",
	"db5a4671-72e0-4a69-ab39-dc36c4e7646b");
INSERT INTO V_BIN
	VALUES ("3493a57d-7d78-45d6-a4d1-5905943159c1",
	"5e824e59-997f-4ac8-ab97-c7547435f7df",
	"bad26de5-8a64-42f0-9a0f-5ee1b4f7f80a",
	'==');
INSERT INTO V_VAL
	VALUES ("5e824e59-997f-4ac8-ab97-c7547435f7df",
	0,
	0,
	22,
	36,
	36,
	0,
	0,
	0,
	0,
	"811f1dd7-74f0-407e-b449-939d0de5ee8d",
	"db5a4671-72e0-4a69-ab39-dc36c4e7646b");
INSERT INTO V_LIN
	VALUES ("5e824e59-997f-4ac8-ab97-c7547435f7df",
	'0');
INSERT INTO V_VAL
	VALUES ("b39be073-3ab7-4aaf-bf3f-d91b7847dff2",
	0,
	0,
	23,
	12,
	20,
	0,
	0,
	0,
	0,
	"bd7c827f-c0a0-4115-8268-33db6654fef9",
	"db5a4671-72e0-4a69-ab39-dc36c4e7646b");
INSERT INTO V_ISR
	VALUES ("b39be073-3ab7-4aaf-bf3f-d91b7847dff2",
	"472cd25b-07e7-4ca5-a465-9f58ac5a1167");
INSERT INTO V_VAL
	VALUES ("cbb7d2c4-3843-48dc-8dbd-708c7033dadb",
	0,
	0,
	-1,
	-1,
	-1,
	0,
	0,
	0,
	0,
	"4e005777-df64-4279-9c02-400e239872b9",
	"db5a4671-72e0-4a69-ab39-dc36c4e7646b");
INSERT INTO V_UNY
	VALUES ("cbb7d2c4-3843-48dc-8dbd-708c7033dadb",
	"b39be073-3ab7-4aaf-bf3f-d91b7847dff2",
	'empty');
INSERT INTO V_VAL
	VALUES ("99a6ee35-0c06-4f43-aad3-30e6d93a2a9c",
	0,
	0,
	38,
	8,
	18,
	0,
	0,
	0,
	0,
	"811f1dd7-74f0-407e-b449-939d0de5ee8d",
	"db5a4671-72e0-4a69-ab39-dc36c4e7646b");
INSERT INTO V_TVL
	VALUES ("99a6ee35-0c06-4f43-aad3-30e6d93a2a9c",
	"b7d30736-8ec9-4f93-8710-f54ba069389a");
INSERT INTO V_VAR
	VALUES ("b7d30736-8ec9-4f93-8710-f54ba069389a",
	"db5a4671-72e0-4a69-ab39-dc36c4e7646b",
	'temperature',
	1,
	"811f1dd7-74f0-407e-b449-939d0de5ee8d");
INSERT INTO V_TRN
	VALUES ("b7d30736-8ec9-4f93-8710-f54ba069389a",
	"00000000-0000-0000-0000-000000000000",
	'');
INSERT INTO V_LOC
	VALUES ("13100d7f-0885-4b11-8c46-be72729e3251",
	3,
	1,
	11,
	"b7d30736-8ec9-4f93-8710-f54ba069389a");
INSERT INTO V_LOC
	VALUES ("5687d846-4e48-4dec-997e-9efb1bfe8b46",
	15,
	7,
	17,
	"b7d30736-8ec9-4f93-8710-f54ba069389a");
INSERT INTO V_LOC
	VALUES ("937deb49-7d33-43d7-b296-d9066923b373",
	24,
	3,
	13,
	"b7d30736-8ec9-4f93-8710-f54ba069389a");
INSERT INTO V_LOC
	VALUES ("27df9df1-12bc-4150-b2c1-b18ae4d84686",
	34,
	5,
	15,
	"b7d30736-8ec9-4f93-8710-f54ba069389a");
INSERT INTO V_LOC
	VALUES ("dc606dac-d931-4d77-aed1-d9935005dc62",
	38,
	8,
	18,
	"b7d30736-8ec9-4f93-8710-f54ba069389a");
INSERT INTO V_VAR
	VALUES ("1c557cf4-2b99-4b2c-a4e7-6e53b5af7317",
	"db5a4671-72e0-4a69-ab39-dc36c4e7646b",
	'answerdigits',
	1,
	"bd7c827f-c0a0-4115-8268-33db6654fef9");
INSERT INTO V_INS
	VALUES ("1c557cf4-2b99-4b2c-a4e7-6e53b5af7317",
	"8a59e2de-6f5d-4937-ade5-f1ace45cc756");
INSERT INTO V_LOC
	VALUES ("b1d7dceb-8e84-48e6-94fc-0d79ecdc7696",
	4,
	13,
	24,
	"1c557cf4-2b99-4b2c-a4e7-6e53b5af7317");
INSERT INTO V_LOC
	VALUES ("34255b3a-6b4a-46cc-bb5b-e93809e9d565",
	7,
	27,
	38,
	"1c557cf4-2b99-4b2c-a4e7-6e53b5af7317");
INSERT INTO V_VAR
	VALUES ("a8006f02-05ac-42e2-8699-25411e34dd27",
	"db5a4671-72e0-4a69-ab39-dc36c4e7646b",
	'self',
	1,
	"1a2907d2-496f-482d-ba4d-df818f73d6fa");
INSERT INTO V_INT
	VALUES ("a8006f02-05ac-42e2-8699-25411e34dd27",
	0,
	"56c54c26-d9b7-409a-83b7-4c701cc02c0e");
INSERT INTO V_VAR
	VALUES ("0747d1ca-e01a-4034-90ef-1a4b90cffcd3",
	"db5a4671-72e0-4a69-ab39-dc36c4e7646b",
	'eligibles',
	1,
	"bd7c827f-c0a0-4115-8268-33db6654fef9");
INSERT INTO V_INS
	VALUES ("0747d1ca-e01a-4034-90ef-1a4b90cffcd3",
	"7dfbb9fe-d109-4356-a43c-8a02617ad46a");
INSERT INTO V_LOC
	VALUES ("9d2ac9bc-dda2-4a0d-8617-eefd22c2e394",
	5,
	13,
	21,
	"0747d1ca-e01a-4034-90ef-1a4b90cffcd3");
INSERT INTO V_LOC
	VALUES ("9b04a185-ae67-4a3b-8771-0c6527a78e8a",
	6,
	22,
	30,
	"0747d1ca-e01a-4034-90ef-1a4b90cffcd3");
INSERT INTO V_LOC
	VALUES ("c2a73eef-cbd7-484f-98ac-bf20e6e1b07a",
	28,
	15,
	23,
	"0747d1ca-e01a-4034-90ef-1a4b90cffcd3");
INSERT INTO V_VAR
	VALUES ("24cb2c26-6882-4c7e-804f-2c1cdb9c49af",
	"db5a4671-72e0-4a69-ab39-dc36c4e7646b",
	'eligible',
	1,
	"1a2907d2-496f-482d-ba4d-df818f73d6fa");
INSERT INTO V_INT
	VALUES ("24cb2c26-6882-4c7e-804f-2c1cdb9c49af",
	1,
	"7dfbb9fe-d109-4356-a43c-8a02617ad46a");
INSERT INTO V_LOC
	VALUES ("4efb7a71-23e6-4e7f-af13-80bef5f49555",
	6,
	10,
	17,
	"24cb2c26-6882-4c7e-804f-2c1cdb9c49af");
INSERT INTO V_LOC
	VALUES ("d631210c-b554-47a5-a43a-1076d3eb709b",
	8,
	10,
	17,
	"24cb2c26-6882-4c7e-804f-2c1cdb9c49af");
INSERT INTO V_LOC
	VALUES ("209ebf60-fd8d-4bb4-b224-316416a6970a",
	10,
	37,
	44,
	"24cb2c26-6882-4c7e-804f-2c1cdb9c49af");
INSERT INTO V_LOC
	VALUES ("5b660ce3-0ea4-4f2c-a5f1-bd1ee1988551",
	11,
	60,
	67,
	"24cb2c26-6882-4c7e-804f-2c1cdb9c49af");
INSERT INTO V_LOC
	VALUES ("d52df174-c731-4bda-a3ed-801a9d16dcc5",
	12,
	32,
	39,
	"24cb2c26-6882-4c7e-804f-2c1cdb9c49af");
INSERT INTO V_VAR
	VALUES ("472cd25b-07e7-4ca5-a465-9f58ac5a1167",
	"db5a4671-72e0-4a69-ab39-dc36c4e7646b",
	'opencells',
	1,
	"bd7c827f-c0a0-4115-8268-33db6654fef9");
INSERT INTO V_INS
	VALUES ("472cd25b-07e7-4ca5-a465-9f58ac5a1167",
	"e488047e-8d3e-455c-a7e9-29120bad505f");
INSERT INTO V_LOC
	VALUES ("c022e16a-a605-45b2-a5ea-dfc4e6bd6c0e",
	21,
	13,
	21,
	"472cd25b-07e7-4ca5-a465-9f58ac5a1167");
INSERT INTO V_LOC
	VALUES ("b43489cb-e921-4b72-8b1f-f8dbf9369fcf",
	26,
	22,
	30,
	"472cd25b-07e7-4ca5-a465-9f58ac5a1167");
INSERT INTO V_VAR
	VALUES ("79328582-68fc-4b0e-bb52-95259e3e43e7",
	"db5a4671-72e0-4a69-ab39-dc36c4e7646b",
	'opencell',
	1,
	"1a2907d2-496f-482d-ba4d-df818f73d6fa");
INSERT INTO V_INT
	VALUES ("79328582-68fc-4b0e-bb52-95259e3e43e7",
	1,
	"e488047e-8d3e-455c-a7e9-29120bad505f");
INSERT INTO V_LOC
	VALUES ("b817396a-864b-47e8-aeff-97928d8298c1",
	26,
	10,
	17,
	"79328582-68fc-4b0e-bb52-95259e3e43e7");
INSERT INTO V_LOC
	VALUES ("e968336a-8cc7-4010-80a5-7de3b9b00da6",
	32,
	5,
	12,
	"79328582-68fc-4b0e-bb52-95259e3e43e7");
INSERT INTO ACT_BLK
	VALUES ("ddcbdc82-2757-44fe-bed3-b2874f204ca1",
	0,
	0,
	0,
	'',
	'',
	'',
	7,
	3,
	0,
	0,
	0,
	0,
	0,
	0,
	0,
	0,
	0,
	0,
	0,
	"8e33a0ba-7dc1-449a-87d5-9425aa564bc1",
	"00000000-0000-0000-0000-000000000000");
INSERT INTO ACT_SMT
	VALUES ("155c6a34-a188-4216-a7aa-1303c2e65f41",
	"ddcbdc82-2757-44fe-bed3-b2874f204ca1",
	"00000000-0000-0000-0000-000000000000",
	7,
	3,
	'row::prune line: 7');
INSERT INTO ACT_FOR
	VALUES ("155c6a34-a188-4216-a7aa-1303c2e65f41",
	"dbe638e0-eb12-4291-aaec-0d0b15b8b310",
	1,
	"23337b30-305d-41c6-a4c9-c455fa2ecb92",
	"1c557cf4-2b99-4b2c-a4e7-6e53b5af7317",
	"8a59e2de-6f5d-4937-ade5-f1ace45cc756");
INSERT INTO V_VAR
	VALUES ("23337b30-305d-41c6-a4c9-c455fa2ecb92",
	"ddcbdc82-2757-44fe-bed3-b2874f204ca1",
	'answerdigit',
	1,
	"1a2907d2-496f-482d-ba4d-df818f73d6fa");
INSERT INTO V_INT
	VALUES ("23337b30-305d-41c6-a4c9-c455fa2ecb92",
	1,
	"8a59e2de-6f5d-4937-ade5-f1ace45cc756");
INSERT INTO V_LOC
	VALUES ("f0275ab4-f2eb-47e3-a023-349861dd5ef2",
	7,
	12,
	22,
	"23337b30-305d-41c6-a4c9-c455fa2ecb92");
INSERT INTO V_LOC
	VALUES ("3afd2ff2-628b-42da-9063-f1e2a35cd580",
	8,
	34,
	44,
	"23337b30-305d-41c6-a4c9-c455fa2ecb92");
INSERT INTO V_LOC
	VALUES ("418a3923-fa05-4833-87e7-b7521535f012",
	11,
	18,
	28,
	"23337b30-305d-41c6-a4c9-c455fa2ecb92");
INSERT INTO ACT_BLK
	VALUES ("dbe638e0-eb12-4291-aaec-0d0b15b8b310",
	0,
	0,
	0,
	'',
	'',
	'',
	8,
	5,
	0,
	0,
	0,
	0,
	0,
	0,
	0,
	0,
	0,
	0,
	0,
	"8e33a0ba-7dc1-449a-87d5-9425aa564bc1",
	"00000000-0000-0000-0000-000000000000");
INSERT INTO ACT_SMT
	VALUES ("e062715d-52ac-4f13-aff0-1b55bce4d824",
	"dbe638e0-eb12-4291-aaec-0d0b15b8b310",
	"00000000-0000-0000-0000-000000000000",
	8,
	5,
	'row::prune line: 8');
INSERT INTO ACT_IF
	VALUES ("e062715d-52ac-4f13-aff0-1b55bce4d824",
	"5f638f31-8957-4537-a26c-f125252f08f5",
	"176102d3-7b65-463c-bcf5-d4d2cf0d620a",
	"00000000-0000-0000-0000-000000000000",
	"00000000-0000-0000-0000-000000000000");
INSERT INTO V_VAL
	VALUES ("e3e116b2-b5b5-435b-9da1-df1fa34ca294",
	0,
	0,
	8,
	10,
	17,
	0,
	0,
	0,
	0,
	"1a2907d2-496f-482d-ba4d-df818f73d6fa",
	"dbe638e0-eb12-4291-aaec-0d0b15b8b310");
INSERT INTO V_IRF
	VALUES ("e3e116b2-b5b5-435b-9da1-df1fa34ca294",
	"24cb2c26-6882-4c7e-804f-2c1cdb9c49af");
INSERT INTO V_VAL
	VALUES ("280c6165-b3a1-4544-9b21-fb173a158cbb",
	0,
	0,
	8,
	19,
	29,
	0,
	0,
	0,
	0,
	"811f1dd7-74f0-407e-b449-939d0de5ee8d",
	"dbe638e0-eb12-4291-aaec-0d0b15b8b310");
INSERT INTO V_AVL
	VALUES ("280c6165-b3a1-4544-9b21-fb173a158cbb",
	"e3e116b2-b5b5-435b-9da1-df1fa34ca294",
	"7dfbb9fe-d109-4356-a43c-8a02617ad46a",
	"a460f509-7c57-4f06-af25-d200aed49293");
INSERT INTO V_VAL
	VALUES ("176102d3-7b65-463c-bcf5-d4d2cf0d620a",
	0,
	0,
	-1,
	-1,
	-1,
	0,
	0,
	0,
	0,
	"4e005777-df64-4279-9c02-400e239872b9",
	"dbe638e0-eb12-4291-aaec-0d0b15b8b310");
INSERT INTO V_BIN
	VALUES ("176102d3-7b65-463c-bcf5-d4d2cf0d620a",
	"7ff6d4f3-948e-4ffd-81d0-d89d86edc546",
	"280c6165-b3a1-4544-9b21-fb173a158cbb",
	'==');
INSERT INTO V_VAL
	VALUES ("7212cd2b-6b41-49cd-a78a-1a0d11b1456c",
	0,
	0,
	8,
	34,
	44,
	0,
	0,
	0,
	0,
	"1a2907d2-496f-482d-ba4d-df818f73d6fa",
	"dbe638e0-eb12-4291-aaec-0d0b15b8b310");
INSERT INTO V_IRF
	VALUES ("7212cd2b-6b41-49cd-a78a-1a0d11b1456c",
	"23337b30-305d-41c6-a4c9-c455fa2ecb92");
INSERT INTO V_VAL
	VALUES ("7ff6d4f3-948e-4ffd-81d0-d89d86edc546",
	0,
	0,
	8,
	46,
	50,
	0,
	0,
	0,
	0,
	"811f1dd7-74f0-407e-b449-939d0de5ee8d",
	"dbe638e0-eb12-4291-aaec-0d0b15b8b310");
INSERT INTO V_AVL
	VALUES ("7ff6d4f3-948e-4ffd-81d0-d89d86edc546",
	"7212cd2b-6b41-49cd-a78a-1a0d11b1456c",
	"8a59e2de-6f5d-4937-ade5-f1ace45cc756",
	"53e80efe-cb6c-4332-b046-1ba6f6005b30");
INSERT INTO ACT_BLK
	VALUES ("5f638f31-8957-4537-a26c-f125252f08f5",
	1,
	0,
	0,
	'',
	'',
	'',
	16,
	7,
	9,
	48,
	0,
	0,
	9,
	53,
	0,
	0,
	0,
	0,
	0,
	"8e33a0ba-7dc1-449a-87d5-9425aa564bc1",
	"00000000-0000-0000-0000-000000000000");
INSERT INTO ACT_SMT
	VALUES ("9173360e-07f7-47b9-bd40-ee65aff542b9",
	"5f638f31-8957-4537-a26c-f125252f08f5",
	"c1c80f9a-8825-4241-9a14-6c189fe39c5e",
	9,
	7,
	'row::prune line: 9');
INSERT INTO ACT_SEL
	VALUES ("9173360e-07f7-47b9-bd40-ee65aff542b9",
	"b7ba3a08-a01c-4587-87b9-cb6601f6af0e",
	1,
	'one',
	"d3071705-5b74-408b-970d-799b3bd9dc57");
INSERT INTO ACT_SR
	VALUES ("9173360e-07f7-47b9-bd40-ee65aff542b9");
INSERT INTO ACT_LNK
	VALUES ("631a9a5b-8501-4059-bf49-ca26e84f40f5",
	'',
	"9173360e-07f7-47b9-bd40-ee65aff542b9",
	"62a93566-2203-4db8-ba18-f7c15ca2072a",
	"00000000-0000-0000-0000-000000000000",
	2,
	"e488047e-8d3e-455c-a7e9-29120bad505f",
	9,
	48,
	9,
	53,
	0,
	0);
INSERT INTO ACT_SMT
	VALUES ("c1c80f9a-8825-4241-9a14-6c189fe39c5e",
	"5f638f31-8957-4537-a26c-f125252f08f5",
	"201541df-99a9-4a64-a732-36677dbf97f5",
	10,
	7,
	'row::prune line: 10');
INSERT INTO ACT_IF
	VALUES ("c1c80f9a-8825-4241-9a14-6c189fe39c5e",
	"fc26b91f-caa7-4c32-9392-c3471b0f0558",
	"2888449c-7019-4a5c-a938-695ddd957743",
	"00000000-0000-0000-0000-000000000000",
	"00000000-0000-0000-0000-000000000000");
INSERT INTO ACT_SMT
	VALUES ("201541df-99a9-4a64-a732-36677dbf97f5",
	"5f638f31-8957-4537-a26c-f125252f08f5",
	"d6a5dbfb-26e5-4675-9129-27dae3f75a0d",
	15,
	7,
	'row::prune line: 15');
INSERT INTO ACT_AI
	VALUES ("201541df-99a9-4a64-a732-36677dbf97f5",
	"11401915-e4c8-4428-93ae-dea1f2270ae3",
	"f6fcc9b9-864a-4f2e-803e-ecd6f6529243",
	0,
	0);
INSERT INTO ACT_SMT
	VALUES ("d6a5dbfb-26e5-4675-9129-27dae3f75a0d",
	"5f638f31-8957-4537-a26c-f125252f08f5",
	"00000000-0000-0000-0000-000000000000",
	16,
	7,
	'row::prune line: 16');
INSERT INTO ACT_BRK
	VALUES ("d6a5dbfb-26e5-4675-9129-27dae3f75a0d");
INSERT INTO V_VAL
	VALUES ("d3071705-5b74-408b-970d-799b3bd9dc57",
	0,
	0,
	9,
	38,
	45,
	0,
	0,
	0,
	0,
	"1a2907d2-496f-482d-ba4d-df818f73d6fa",
	"5f638f31-8957-4537-a26c-f125252f08f5");
INSERT INTO V_IRF
	VALUES ("d3071705-5b74-408b-970d-799b3bd9dc57",
	"24cb2c26-6882-4c7e-804f-2c1cdb9c49af");
INSERT INTO V_VAL
	VALUES ("537d77fe-8804-4358-b09b-7c2119b5238f",
	0,
	0,
	10,
	12,
	19,
	0,
	0,
	0,
	0,
	"1a2907d2-496f-482d-ba4d-df818f73d6fa",
	"5f638f31-8957-4537-a26c-f125252f08f5");
INSERT INTO V_IRF
	VALUES ("537d77fe-8804-4358-b09b-7c2119b5238f",
	"b7ba3a08-a01c-4587-87b9-cb6601f6af0e");
INSERT INTO V_VAL
	VALUES ("76089d09-a96e-48d1-9bc8-926b50c09ff5",
	0,
	0,
	10,
	21,
	32,
	0,
	0,
	0,
	0,
	"811f1dd7-74f0-407e-b449-939d0de5ee8d",
	"5f638f31-8957-4537-a26c-f125252f08f5");
INSERT INTO V_AVL
	VALUES ("76089d09-a96e-48d1-9bc8-926b50c09ff5",
	"537d77fe-8804-4358-b09b-7c2119b5238f",
	"e488047e-8d3e-455c-a7e9-29120bad505f",
	"009f5557-7ee7-4e44-9444-4d92eb448359");
INSERT INTO V_VAL
	VALUES ("2888449c-7019-4a5c-a938-695ddd957743",
	0,
	0,
	-1,
	-1,
	-1,
	0,
	0,
	0,
	0,
	"4e005777-df64-4279-9c02-400e239872b9",
	"5f638f31-8957-4537-a26c-f125252f08f5");
INSERT INTO V_BIN
	VALUES ("2888449c-7019-4a5c-a938-695ddd957743",
	"8ea322a1-46f8-42b6-837f-fcce49332445",
	"76089d09-a96e-48d1-9bc8-926b50c09ff5",
	'!=');
INSERT INTO V_VAL
	VALUES ("75011266-4060-4c51-a496-8505774a289d",
	0,
	0,
	10,
	37,
	44,
	0,
	0,
	0,
	0,
	"1a2907d2-496f-482d-ba4d-df818f73d6fa",
	"5f638f31-8957-4537-a26c-f125252f08f5");
INSERT INTO V_IRF
	VALUES ("75011266-4060-4c51-a496-8505774a289d",
	"24cb2c26-6882-4c7e-804f-2c1cdb9c49af");
INSERT INTO V_VAL
	VALUES ("8ea322a1-46f8-42b6-837f-fcce49332445",
	0,
	0,
	10,
	46,
	56,
	0,
	0,
	0,
	0,
	"811f1dd7-74f0-407e-b449-939d0de5ee8d",
	"5f638f31-8957-4537-a26c-f125252f08f5");
INSERT INTO V_AVL
	VALUES ("8ea322a1-46f8-42b6-837f-fcce49332445",
	"75011266-4060-4c51-a496-8505774a289d",
	"7dfbb9fe-d109-4356-a43c-8a02617ad46a",
	"a460f509-7c57-4f06-af25-d200aed49293");
INSERT INTO V_VAL
	VALUES ("f6fcc9b9-864a-4f2e-803e-ecd6f6529243",
	1,
	0,
	15,
	7,
	17,
	0,
	0,
	0,
	0,
	"811f1dd7-74f0-407e-b449-939d0de5ee8d",
	"5f638f31-8957-4537-a26c-f125252f08f5");
INSERT INTO V_TVL
	VALUES ("f6fcc9b9-864a-4f2e-803e-ecd6f6529243",
	"b7d30736-8ec9-4f93-8710-f54ba069389a");
INSERT INTO V_VAL
	VALUES ("11401915-e4c8-4428-93ae-dea1f2270ae3",
	0,
	0,
	15,
	21,
	21,
	0,
	0,
	0,
	0,
	"811f1dd7-74f0-407e-b449-939d0de5ee8d",
	"5f638f31-8957-4537-a26c-f125252f08f5");
INSERT INTO V_LIN
	VALUES ("11401915-e4c8-4428-93ae-dea1f2270ae3",
	'1');
INSERT INTO V_VAR
	VALUES ("b7ba3a08-a01c-4587-87b9-cb6601f6af0e",
	"5f638f31-8957-4537-a26c-f125252f08f5",
	'opencell',
	1,
	"1a2907d2-496f-482d-ba4d-df818f73d6fa");
INSERT INTO V_INT
	VALUES ("b7ba3a08-a01c-4587-87b9-cb6601f6af0e",
	0,
	"e488047e-8d3e-455c-a7e9-29120bad505f");
INSERT INTO V_LOC
	VALUES ("f051350d-0c12-4bc7-99de-0124de0dab28",
	9,
	18,
	25,
	"b7ba3a08-a01c-4587-87b9-cb6601f6af0e");
INSERT INTO V_LOC
	VALUES ("b4fedfe7-56d4-4f7f-9d62-3282699ce87d",
	10,
	12,
	19,
	"b7ba3a08-a01c-4587-87b9-cb6601f6af0e");
INSERT INTO V_LOC
	VALUES ("95ec5d3b-e75f-44d4-88a0-36a4d316e11f",
	11,
	35,
	42,
	"b7ba3a08-a01c-4587-87b9-cb6601f6af0e");
INSERT INTO ACT_BLK
	VALUES ("fc26b91f-caa7-4c32-9392-c3471b0f0558",
	0,
	0,
	0,
	'',
	'',
	'',
	12,
	9,
	0,
	0,
	0,
	0,
	11,
	51,
	0,
	0,
	0,
	0,
	0,
	"8e33a0ba-7dc1-449a-87d5-9425aa564bc1",
	"00000000-0000-0000-0000-000000000000");
INSERT INTO ACT_SMT
	VALUES ("f3837651-a66f-4409-ab68-5677c64b0be2",
	"fc26b91f-caa7-4c32-9392-c3471b0f0558",
	"9d475b27-5334-44fd-9d76-3cf9bc7bb373",
	11,
	9,
	'row::prune line: 11');
INSERT INTO ACT_URU
	VALUES ("f3837651-a66f-4409-ab68-5677c64b0be2",
	"23337b30-305d-41c6-a4c9-c455fa2ecb92",
	"b7ba3a08-a01c-4587-87b9-cb6601f6af0e",
	"24cb2c26-6882-4c7e-804f-2c1cdb9c49af",
	'',
	"62a93566-2203-4db8-ba18-f7c15ca2072a",
	11,
	51,
	0,
	0);
INSERT INTO ACT_SMT
	VALUES ("9d475b27-5334-44fd-9d76-3cf9bc7bb373",
	"fc26b91f-caa7-4c32-9392-c3471b0f0558",
	"00000000-0000-0000-0000-000000000000",
	12,
	9,
	'row::prune line: 12');
INSERT INTO ACT_DEL
	VALUES ("9d475b27-5334-44fd-9d76-3cf9bc7bb373",
	"24cb2c26-6882-4c7e-804f-2c1cdb9c49af");
INSERT INTO ACT_BLK
	VALUES ("31dd6a16-3670-4510-aff6-65715acf858e",
	0,
	0,
	0,
	'',
	'',
	'',
	24,
	3,
	0,
	0,
	0,
	0,
	0,
	0,
	0,
	0,
	0,
	0,
	0,
	"8e33a0ba-7dc1-449a-87d5-9425aa564bc1",
	"00000000-0000-0000-0000-000000000000");
INSERT INTO ACT_SMT
	VALUES ("6ab4873c-9471-4730-9c6e-3bca2bcedd94",
	"31dd6a16-3670-4510-aff6-65715acf858e",
	"00000000-0000-0000-0000-000000000000",
	24,
	3,
	'row::prune line: 24');
INSERT INTO ACT_AI
	VALUES ("6ab4873c-9471-4730-9c6e-3bca2bcedd94",
	"80932b55-0dcf-44e7-85ad-b75a0a38fbb7",
	"2399c9ac-77c7-4c03-ac95-9884ba186838",
	0,
	0);
INSERT INTO V_VAL
	VALUES ("2399c9ac-77c7-4c03-ac95-9884ba186838",
	1,
	0,
	24,
	3,
	13,
	0,
	0,
	0,
	0,
	"811f1dd7-74f0-407e-b449-939d0de5ee8d",
	"31dd6a16-3670-4510-aff6-65715acf858e");
INSERT INTO V_TVL
	VALUES ("2399c9ac-77c7-4c03-ac95-9884ba186838",
	"b7d30736-8ec9-4f93-8710-f54ba069389a");
INSERT INTO V_VAL
	VALUES ("80932b55-0dcf-44e7-85ad-b75a0a38fbb7",
	0,
	0,
	24,
	17,
	19,
	0,
	0,
	0,
	0,
	"811f1dd7-74f0-407e-b449-939d0de5ee8d",
	"31dd6a16-3670-4510-aff6-65715acf858e");
INSERT INTO V_LIN
	VALUES ("80932b55-0dcf-44e7-85ad-b75a0a38fbb7",
	'100');
INSERT INTO ACT_BLK
	VALUES ("d7653efb-5bcc-4fb4-991e-655fde266344",
	1,
	0,
	0,
	'',
	'',
	'',
	30,
	3,
	28,
	46,
	0,
	0,
	28,
	55,
	0,
	0,
	0,
	0,
	0,
	"8e33a0ba-7dc1-449a-87d5-9425aa564bc1",
	"00000000-0000-0000-0000-000000000000");
INSERT INTO ACT_SMT
	VALUES ("eb5f51dd-58c9-4358-acfc-a2f863579e27",
	"d7653efb-5bcc-4fb4-991e-655fde266344",
	"cc4e97d1-1cd1-46c9-ad79-3db5427393e2",
	28,
	3,
	'row::prune line: 28');
INSERT INTO ACT_SEL
	VALUES ("eb5f51dd-58c9-4358-acfc-a2f863579e27",
	"0747d1ca-e01a-4034-90ef-1a4b90cffcd3",
	0,
	'many',
	"fcdf463e-acfd-4838-82ae-b2c2fd50e006");
INSERT INTO ACT_SR
	VALUES ("eb5f51dd-58c9-4358-acfc-a2f863579e27");
INSERT INTO ACT_LNK
	VALUES ("727cd85c-9389-41db-bc5b-adb4d945dcff",
	'',
	"eb5f51dd-58c9-4358-acfc-a2f863579e27",
	"62a93566-2203-4db8-ba18-f7c15ca2072a",
	"00000000-0000-0000-0000-000000000000",
	3,
	"7dfbb9fe-d109-4356-a43c-8a02617ad46a",
	28,
	46,
	28,
	55,
	0,
	0);
INSERT INTO ACT_SMT
	VALUES ("cc4e97d1-1cd1-46c9-ad79-3db5427393e2",
	"d7653efb-5bcc-4fb4-991e-655fde266344",
	"2576e3df-722f-4697-8563-1c2f8e870bf7",
	29,
	3,
	'row::prune line: 29');
INSERT INTO ACT_AI
	VALUES ("cc4e97d1-1cd1-46c9-ad79-3db5427393e2",
	"f3fbde79-38a0-45e9-bb0d-607b25617203",
	"ef9dc152-dbff-42b3-a3ad-27d17705c22f",
	0,
	0);
INSERT INTO ACT_SMT
	VALUES ("2576e3df-722f-4697-8563-1c2f8e870bf7",
	"d7653efb-5bcc-4fb4-991e-655fde266344",
	"00000000-0000-0000-0000-000000000000",
	30,
	3,
	'row::prune line: 30');
INSERT INTO ACT_IF
	VALUES ("2576e3df-722f-4697-8563-1c2f8e870bf7",
	"be2a87c4-40fa-4b76-a106-3b6b787330e5",
	"2f531d28-cc81-44ee-9e12-a30efcfd6f2d",
	"00000000-0000-0000-0000-000000000000",
	"00000000-0000-0000-0000-000000000000");
INSERT INTO V_VAL
	VALUES ("fcdf463e-acfd-4838-82ae-b2c2fd50e006",
	0,
	0,
	28,
	36,
	43,
	0,
	0,
	0,
	0,
	"1a2907d2-496f-482d-ba4d-df818f73d6fa",
	"d7653efb-5bcc-4fb4-991e-655fde266344");
INSERT INTO V_IRF
	VALUES ("fcdf463e-acfd-4838-82ae-b2c2fd50e006",
	"79328582-68fc-4b0e-bb52-95259e3e43e7");
INSERT INTO V_VAL
	VALUES ("ef9dc152-dbff-42b3-a3ad-27d17705c22f",
	1,
	1,
	29,
	3,
	3,
	0,
	0,
	0,
	0,
	"811f1dd7-74f0-407e-b449-939d0de5ee8d",
	"d7653efb-5bcc-4fb4-991e-655fde266344");
INSERT INTO V_TVL
	VALUES ("ef9dc152-dbff-42b3-a3ad-27d17705c22f",
	"4352a017-ca27-463e-8ca9-250b0d264e04");
INSERT INTO V_VAL
	VALUES ("7d3c4abe-fab9-4586-8cd0-1f09702175c7",
	0,
	0,
	29,
	19,
	27,
	0,
	0,
	0,
	0,
	"bd7c827f-c0a0-4115-8268-33db6654fef9",
	"d7653efb-5bcc-4fb4-991e-655fde266344");
INSERT INTO V_ISR
	VALUES ("7d3c4abe-fab9-4586-8cd0-1f09702175c7",
	"0747d1ca-e01a-4034-90ef-1a4b90cffcd3");
INSERT INTO V_VAL
	VALUES ("f3fbde79-38a0-45e9-bb0d-607b25617203",
	0,
	0,
	-1,
	-1,
	-1,
	0,
	0,
	0,
	0,
	"811f1dd7-74f0-407e-b449-939d0de5ee8d",
	"d7653efb-5bcc-4fb4-991e-655fde266344");
INSERT INTO V_UNY
	VALUES ("f3fbde79-38a0-45e9-bb0d-607b25617203",
	"7d3c4abe-fab9-4586-8cd0-1f09702175c7",
	'cardinality');
INSERT INTO V_VAL
	VALUES ("de110aaa-1bae-4081-ab78-3c3250ca7f70",
	0,
	0,
	30,
	8,
	8,
	0,
	0,
	0,
	0,
	"811f1dd7-74f0-407e-b449-939d0de5ee8d",
	"d7653efb-5bcc-4fb4-991e-655fde266344");
INSERT INTO V_LIN
	VALUES ("de110aaa-1bae-4081-ab78-3c3250ca7f70",
	'1');
INSERT INTO V_VAL
	VALUES ("2f531d28-cc81-44ee-9e12-a30efcfd6f2d",
	0,
	0,
	-1,
	-1,
	-1,
	0,
	0,
	0,
	0,
	"4e005777-df64-4279-9c02-400e239872b9",
	"d7653efb-5bcc-4fb4-991e-655fde266344");
INSERT INTO V_BIN
	VALUES ("2f531d28-cc81-44ee-9e12-a30efcfd6f2d",
	"f3b1b7c2-f3e5-43bc-80e7-f06454ce1ede",
	"de110aaa-1bae-4081-ab78-3c3250ca7f70",
	'==');
INSERT INTO V_VAL
	VALUES ("f3b1b7c2-f3e5-43bc-80e7-f06454ce1ede",
	0,
	0,
	30,
	13,
	13,
	0,
	0,
	0,
	0,
	"811f1dd7-74f0-407e-b449-939d0de5ee8d",
	"d7653efb-5bcc-4fb4-991e-655fde266344");
INSERT INTO V_TVL
	VALUES ("f3b1b7c2-f3e5-43bc-80e7-f06454ce1ede",
	"4352a017-ca27-463e-8ca9-250b0d264e04");
INSERT INTO V_VAR
	VALUES ("4352a017-ca27-463e-8ca9-250b0d264e04",
	"d7653efb-5bcc-4fb4-991e-655fde266344",
	'c',
	1,
	"811f1dd7-74f0-407e-b449-939d0de5ee8d");
INSERT INTO V_TRN
	VALUES ("4352a017-ca27-463e-8ca9-250b0d264e04",
	"00000000-0000-0000-0000-000000000000",
	'');
INSERT INTO V_LOC
	VALUES ("3c94727c-f556-4c6b-97d1-c27273240a6d",
	29,
	3,
	3,
	"4352a017-ca27-463e-8ca9-250b0d264e04");
INSERT INTO V_LOC
	VALUES ("380f57c4-d82d-4b72-99a4-092974646817",
	30,
	13,
	13,
	"4352a017-ca27-463e-8ca9-250b0d264e04");
INSERT INTO ACT_BLK
	VALUES ("be2a87c4-40fa-4b76-a106-3b6b787330e5",
	1,
	0,
	0,
	'',
	'',
	'',
	34,
	5,
	31,
	44,
	0,
	0,
	31,
	53,
	0,
	0,
	0,
	0,
	0,
	"8e33a0ba-7dc1-449a-87d5-9425aa564bc1",
	"00000000-0000-0000-0000-000000000000");
INSERT INTO ACT_SMT
	VALUES ("9305dab2-126c-42b9-a999-3bb41541c54b",
	"be2a87c4-40fa-4b76-a106-3b6b787330e5",
	"46218f72-9212-4783-a0ed-bbd1f9b215a1",
	31,
	5,
	'row::prune line: 31');
INSERT INTO ACT_SEL
	VALUES ("9305dab2-126c-42b9-a999-3bb41541c54b",
	"342a0639-4b4f-4a18-a506-ff39276ea279",
	1,
	'any',
	"05ef0837-afab-41dc-8cf1-379b2a188368");
INSERT INTO ACT_SR
	VALUES ("9305dab2-126c-42b9-a999-3bb41541c54b");
INSERT INTO ACT_LNK
	VALUES ("f54d63ae-4d5e-472f-b695-9e4e279446b8",
	'',
	"9305dab2-126c-42b9-a999-3bb41541c54b",
	"62a93566-2203-4db8-ba18-f7c15ca2072a",
	"00000000-0000-0000-0000-000000000000",
	3,
	"7dfbb9fe-d109-4356-a43c-8a02617ad46a",
	31,
	44,
	31,
	53,
	0,
	0);
INSERT INTO ACT_SMT
	VALUES ("46218f72-9212-4783-a0ed-bbd1f9b215a1",
	"be2a87c4-40fa-4b76-a106-3b6b787330e5",
	"fe0c5b3f-6987-419e-b949-ff7d6d27e109",
	32,
	5,
	'row::prune line: 32');
INSERT INTO ACT_TFM
	VALUES ("46218f72-9212-4783-a0ed-bbd1f9b215a1",
	"a3632caa-a4af-4c7b-8e5d-212826ddcf99",
	"79328582-68fc-4b0e-bb52-95259e3e43e7",
	32,
	14,
	0,
	0);
INSERT INTO ACT_SMT
	VALUES ("fe0c5b3f-6987-419e-b949-ff7d6d27e109",
	"be2a87c4-40fa-4b76-a106-3b6b787330e5",
	"00000000-0000-0000-0000-000000000000",
	34,
	5,
	'row::prune line: 34');
INSERT INTO ACT_AI
	VALUES ("fe0c5b3f-6987-419e-b949-ff7d6d27e109",
	"d9d19a19-5db7-409e-a918-d06584f88cea",
	"d0fbbf8b-4e37-49c4-99d8-d29af1ef35e2",
	0,
	0);
INSERT INTO V_VAL
	VALUES ("05ef0837-afab-41dc-8cf1-379b2a188368",
	0,
	0,
	31,
	34,
	41,
	0,
	0,
	0,
	0,
	"1a2907d2-496f-482d-ba4d-df818f73d6fa",
	"be2a87c4-40fa-4b76-a106-3b6b787330e5");
INSERT INTO V_IRF
	VALUES ("05ef0837-afab-41dc-8cf1-379b2a188368",
	"79328582-68fc-4b0e-bb52-95259e3e43e7");
INSERT INTO V_VAL
	VALUES ("c094d4fb-9d4e-4ad1-aa40-7d93a9270c28",
	0,
	0,
	32,
	35,
	40,
	0,
	0,
	0,
	0,
	"1a2907d2-496f-482d-ba4d-df818f73d6fa",
	"be2a87c4-40fa-4b76-a106-3b6b787330e5");
INSERT INTO V_IRF
	VALUES ("c094d4fb-9d4e-4ad1-aa40-7d93a9270c28",
	"342a0639-4b4f-4a18-a506-ff39276ea279");
INSERT INTO V_VAL
	VALUES ("a038f254-98b2-48b7-839d-d1bc37deaf34",
	0,
	0,
	32,
	42,
	52,
	0,
	0,
	0,
	0,
	"811f1dd7-74f0-407e-b449-939d0de5ee8d",
	"be2a87c4-40fa-4b76-a106-3b6b787330e5");
INSERT INTO V_AVL
	VALUES ("a038f254-98b2-48b7-839d-d1bc37deaf34",
	"c094d4fb-9d4e-4ad1-aa40-7d93a9270c28",
	"7dfbb9fe-d109-4356-a43c-8a02617ad46a",
	"a460f509-7c57-4f06-af25-d200aed49293");
INSERT INTO V_PAR
	VALUES ("a038f254-98b2-48b7-839d-d1bc37deaf34",
	"46218f72-9212-4783-a0ed-bbd1f9b215a1",
	"00000000-0000-0000-0000-000000000000",
	'answer_digit',
	"00000000-0000-0000-0000-000000000000",
	32,
	22);
INSERT INTO V_VAL
	VALUES ("d0fbbf8b-4e37-49c4-99d8-d29af1ef35e2",
	1,
	0,
	34,
	5,
	15,
	0,
	0,
	0,
	0,
	"811f1dd7-74f0-407e-b449-939d0de5ee8d",
	"be2a87c4-40fa-4b76-a106-3b6b787330e5");
INSERT INTO V_TVL
	VALUES ("d0fbbf8b-4e37-49c4-99d8-d29af1ef35e2",
	"b7d30736-8ec9-4f93-8710-f54ba069389a");
INSERT INTO V_VAL
	VALUES ("d9d19a19-5db7-409e-a918-d06584f88cea",
	0,
	0,
	34,
	19,
	19,
	0,
	0,
	0,
	0,
	"811f1dd7-74f0-407e-b449-939d0de5ee8d",
	"be2a87c4-40fa-4b76-a106-3b6b787330e5");
INSERT INTO V_LIN
	VALUES ("d9d19a19-5db7-409e-a918-d06584f88cea",
	'1');
INSERT INTO V_VAR
	VALUES ("342a0639-4b4f-4a18-a506-ff39276ea279",
	"be2a87c4-40fa-4b76-a106-3b6b787330e5",
	'answer',
	1,
	"1a2907d2-496f-482d-ba4d-df818f73d6fa");
INSERT INTO V_INT
	VALUES ("342a0639-4b4f-4a18-a506-ff39276ea279",
	0,
	"7dfbb9fe-d109-4356-a43c-8a02617ad46a");
INSERT INTO V_LOC
	VALUES ("4789ef58-41aa-4d0e-bf15-6453c03f7256",
	31,
	16,
	21,
	"342a0639-4b4f-4a18-a506-ff39276ea279");
INSERT INTO V_LOC
	VALUES ("b16d85ef-4cbd-4ce2-a63d-419acd39d0b5",
	32,
	35,
	40,
	"342a0639-4b4f-4a18-a506-ff39276ea279");
INSERT INTO O_NBATTR
	VALUES ("b7c46385-7816-4616-9e73-922fad4f4af1",
	"56c54c26-d9b7-409a-83b7-4c701cc02c0e");
INSERT INTO O_BATTR
	VALUES ("b7c46385-7816-4616-9e73-922fad4f4af1",
	"56c54c26-d9b7-409a-83b7-4c701cc02c0e");
INSERT INTO O_ATTR
	VALUES ("b7c46385-7816-4616-9e73-922fad4f4af1",
	"56c54c26-d9b7-409a-83b7-4c701cc02c0e",
	"00000000-0000-0000-0000-000000000000",
	'number',
	'',
	'',
	'number',
	0,
	"811f1dd7-74f0-407e-b449-939d0de5ee8d",
	'',
	'');
INSERT INTO O_NBATTR
	VALUES ("eb4f6c86-c547-40bb-a017-7c927a098c1a",
	"56c54c26-d9b7-409a-83b7-4c701cc02c0e");
INSERT INTO O_BATTR
	VALUES ("eb4f6c86-c547-40bb-a017-7c927a098c1a",
	"56c54c26-d9b7-409a-83b7-4c701cc02c0e");
INSERT INTO O_ATTR
	VALUES ("eb4f6c86-c547-40bb-a017-7c927a098c1a",
	"56c54c26-d9b7-409a-83b7-4c701cc02c0e",
	"b7c46385-7816-4616-9e73-922fad4f4af1",
	'current_state',
	'',
	'',
	'current_state',
	0,
	"ea4f2014-da78-4798-8130-991e8750cff6",
	'',
	'');
INSERT INTO O_ID
	VALUES (0,
	"56c54c26-d9b7-409a-83b7-4c701cc02c0e");
INSERT INTO O_ID
	VALUES (1,
	"56c54c26-d9b7-409a-83b7-4c701cc02c0e");
INSERT INTO O_OIDA
	VALUES ("b7c46385-7816-4616-9e73-922fad4f4af1",
	"56c54c26-d9b7-409a-83b7-4c701cc02c0e",
	1);
INSERT INTO O_ID
	VALUES (2,
	"56c54c26-d9b7-409a-83b7-4c701cc02c0e");
INSERT INTO SM_ISM
	VALUES ("07fc627f-b641-41fe-a1af-748fb116451e",
	"56c54c26-d9b7-409a-83b7-4c701cc02c0e");
INSERT INTO SM_SM
	VALUES ("07fc627f-b641-41fe-a1af-748fb116451e",
	'',
	0);
INSERT INTO SM_MOORE
	VALUES ("07fc627f-b641-41fe-a1af-748fb116451e");
INSERT INTO SM_LEVT
	VALUES ("3c0abb69-5aa0-487e-996b-7909858726cf",
	"07fc627f-b641-41fe-a1af-748fb116451e",
	"00000000-0000-0000-0000-000000000000");
INSERT INTO SM_SEVT
	VALUES ("3c0abb69-5aa0-487e-996b-7909858726cf",
	"07fc627f-b641-41fe-a1af-748fb116451e",
	"00000000-0000-0000-0000-000000000000");
INSERT INTO SM_EVT
	VALUES ("3c0abb69-5aa0-487e-996b-7909858726cf",
	"07fc627f-b641-41fe-a1af-748fb116451e",
	"00000000-0000-0000-0000-000000000000",
	1,
	'update',
	0,
	'',
	'ROW1',
	'');
INSERT INTO SM_LEVT
	VALUES ("e558b971-a37c-428c-abc4-46c4f386c9d4",
	"07fc627f-b641-41fe-a1af-748fb116451e",
	"00000000-0000-0000-0000-000000000000");
INSERT INTO SM_SEVT
	VALUES ("e558b971-a37c-428c-abc4-46c4f386c9d4",
	"07fc627f-b641-41fe-a1af-748fb116451e",
	"00000000-0000-0000-0000-000000000000");
INSERT INTO SM_EVT
	VALUES ("e558b971-a37c-428c-abc4-46c4f386c9d4",
	"07fc627f-b641-41fe-a1af-748fb116451e",
	"00000000-0000-0000-0000-000000000000",
	2,
	'solved',
	0,
	'',
	'ROW2',
	'');
INSERT INTO SM_STATE
	VALUES ("465b4033-5abb-4745-b767-f08cf6ae6dbe",
	"07fc627f-b641-41fe-a1af-748fb116451e",
	"00000000-0000-0000-0000-000000000000",
	'solving',
	1,
	0);
INSERT INTO SM_SEME
	VALUES ("465b4033-5abb-4745-b767-f08cf6ae6dbe",
	"3c0abb69-5aa0-487e-996b-7909858726cf",
	"07fc627f-b641-41fe-a1af-748fb116451e",
	"00000000-0000-0000-0000-000000000000");
INSERT INTO SM_SEME
	VALUES ("465b4033-5abb-4745-b767-f08cf6ae6dbe",
	"e558b971-a37c-428c-abc4-46c4f386c9d4",
	"07fc627f-b641-41fe-a1af-748fb116451e",
	"00000000-0000-0000-0000-000000000000");
INSERT INTO SM_MOAH
	VALUES ("65763af2-030a-4029-919d-b0c8cd18ff5d",
	"07fc627f-b641-41fe-a1af-748fb116451e",
	"465b4033-5abb-4745-b767-f08cf6ae6dbe");
INSERT INTO SM_AH
	VALUES ("65763af2-030a-4029-919d-b0c8cd18ff5d",
	"07fc627f-b641-41fe-a1af-748fb116451e");
INSERT INTO SM_ACT
	VALUES ("65763af2-030a-4029-919d-b0c8cd18ff5d",
	"07fc627f-b641-41fe-a1af-748fb116451e",
	1,
	'if ( 100 == self.prune() )
  generate ROW2:solved() to self;
elif ( 100 == self.eliminate() )
  generate ROW2:solved() to self;
else
  select one sequence related by self->SEQUENCE[R1];
  if ( sequence.requests >= 1 )
    sequence.requests = 1;
    r = self;
    generate ROW1:update() to r;
  else
    sequence.requests = 0;
  end if;
end if;
',
	'');
INSERT INTO ACT_SAB
	VALUES ("7c78accb-ff89-49e8-a85d-82fcde52a91f",
	"07fc627f-b641-41fe-a1af-748fb116451e",
	"65763af2-030a-4029-919d-b0c8cd18ff5d");
INSERT INTO ACT_ACT
	VALUES ("7c78accb-ff89-49e8-a85d-82fcde52a91f",
	'state',
	0,
	"92d48083-10fb-409f-9761-0ea9ae01c7e0",
	"00000000-0000-0000-0000-000000000000",
	0,
	'row::solving',
	"00000000-0000-0000-0000-000000000000");
INSERT INTO ACT_BLK
	VALUES ("92d48083-10fb-409f-9761-0ea9ae01c7e0",
	0,
	0,
	0,
	'',
	'',
	'',
	5,
	1,
	0,
	0,
	0,
	0,
	0,
	0,
	0,
	0,
	0,
	0,
	0,
	"7c78accb-ff89-49e8-a85d-82fcde52a91f",
	"00000000-0000-0000-0000-000000000000");
INSERT INTO ACT_SMT
	VALUES ("ed883d76-255c-461f-a454-6942a81fe105",
	"92d48083-10fb-409f-9761-0ea9ae01c7e0",
	"00000000-0000-0000-0000-000000000000",
	1,
	1,
	'row::solving line: 1');
INSERT INTO ACT_IF
	VALUES ("ed883d76-255c-461f-a454-6942a81fe105",
	"cd10086e-faf0-411e-9667-be31b53c21a7",
	"e075868d-d5da-4ceb-a287-5f6eee1d8e16",
	"00000000-0000-0000-0000-000000000000",
	"00000000-0000-0000-0000-000000000000");
INSERT INTO ACT_SMT
	VALUES ("d1b2460f-d9e1-4d00-839f-eab61ea08751",
	"92d48083-10fb-409f-9761-0ea9ae01c7e0",
	"00000000-0000-0000-0000-000000000000",
	3,
	1,
	'row::solving line: 3');
INSERT INTO ACT_EL
	VALUES ("d1b2460f-d9e1-4d00-839f-eab61ea08751",
	"50c54b9a-5d46-4481-977d-466eb3d83dc0",
	"debfc0ca-85bd-4750-b7cf-61f61cdd889e",
	"ed883d76-255c-461f-a454-6942a81fe105");
INSERT INTO ACT_SMT
	VALUES ("b9e70c7f-a9ab-4681-a294-3e791cbb3d88",
	"92d48083-10fb-409f-9761-0ea9ae01c7e0",
	"00000000-0000-0000-0000-000000000000",
	5,
	1,
	'row::solving line: 5');
INSERT INTO ACT_E
	VALUES ("b9e70c7f-a9ab-4681-a294-3e791cbb3d88",
	"087f4533-5921-444f-90b1-43d9f10d53a0",
	"ed883d76-255c-461f-a454-6942a81fe105");
INSERT INTO V_VAL
	VALUES ("14c70fad-7b6a-4240-81d2-9945907de969",
	0,
	0,
	1,
	6,
	8,
	0,
	0,
	0,
	0,
	"811f1dd7-74f0-407e-b449-939d0de5ee8d",
	"92d48083-10fb-409f-9761-0ea9ae01c7e0");
INSERT INTO V_LIN
	VALUES ("14c70fad-7b6a-4240-81d2-9945907de969",
	'100');
INSERT INTO V_VAL
	VALUES ("e075868d-d5da-4ceb-a287-5f6eee1d8e16",
	0,
	0,
	-1,
	-1,
	-1,
	0,
	0,
	0,
	0,
	"4e005777-df64-4279-9c02-400e239872b9",
	"92d48083-10fb-409f-9761-0ea9ae01c7e0");
INSERT INTO V_BIN
	VALUES ("e075868d-d5da-4ceb-a287-5f6eee1d8e16",
	"539c4eb5-f8d9-4f54-876f-c143723f4b17",
	"14c70fad-7b6a-4240-81d2-9945907de969",
	'==');
INSERT INTO V_VAL
	VALUES ("539c4eb5-f8d9-4f54-876f-c143723f4b17",
	0,
	0,
	1,
	18,
	-1,
	0,
	0,
	0,
	0,
	"811f1dd7-74f0-407e-b449-939d0de5ee8d",
	"92d48083-10fb-409f-9761-0ea9ae01c7e0");
INSERT INTO V_TRV
	VALUES ("539c4eb5-f8d9-4f54-876f-c143723f4b17",
	"450e3398-ff08-488c-94ba-b761702968e3",
	"52849eb7-7898-41e9-b784-e95cb95bbd24",
	1,
	0,
	0);
INSERT INTO V_VAL
	VALUES ("4412901a-0808-4fc4-be78-7b12a3d188cf",
	0,
	0,
	3,
	8,
	10,
	0,
	0,
	0,
	0,
	"811f1dd7-74f0-407e-b449-939d0de5ee8d",
	"92d48083-10fb-409f-9761-0ea9ae01c7e0");
INSERT INTO V_LIN
	VALUES ("4412901a-0808-4fc4-be78-7b12a3d188cf",
	'100');
INSERT INTO V_VAL
	VALUES ("debfc0ca-85bd-4750-b7cf-61f61cdd889e",
	0,
	0,
	-1,
	-1,
	-1,
	0,
	0,
	0,
	0,
	"4e005777-df64-4279-9c02-400e239872b9",
	"92d48083-10fb-409f-9761-0ea9ae01c7e0");
INSERT INTO V_BIN
	VALUES ("debfc0ca-85bd-4750-b7cf-61f61cdd889e",
	"3c4db0f9-126c-4f24-91c3-3f8b7f3a0229",
	"4412901a-0808-4fc4-be78-7b12a3d188cf",
	'==');
INSERT INTO V_VAL
	VALUES ("3c4db0f9-126c-4f24-91c3-3f8b7f3a0229",
	0,
	0,
	3,
	20,
	-1,
	0,
	0,
	0,
	0,
	"811f1dd7-74f0-407e-b449-939d0de5ee8d",
	"92d48083-10fb-409f-9761-0ea9ae01c7e0");
INSERT INTO V_TRV
	VALUES ("3c4db0f9-126c-4f24-91c3-3f8b7f3a0229",
	"a96f5d87-216f-4cae-a278-9bd89e071d22",
	"52849eb7-7898-41e9-b784-e95cb95bbd24",
	1,
	0,
	0);
INSERT INTO V_VAR
	VALUES ("52849eb7-7898-41e9-b784-e95cb95bbd24",
	"92d48083-10fb-409f-9761-0ea9ae01c7e0",
	'self',
	1,
	"1a2907d2-496f-482d-ba4d-df818f73d6fa");
INSERT INTO V_INT
	VALUES ("52849eb7-7898-41e9-b784-e95cb95bbd24",
	0,
	"56c54c26-d9b7-409a-83b7-4c701cc02c0e");
INSERT INTO V_LOC
	VALUES ("ea6a1d07-423f-4d63-8828-922c412c4dee",
	1,
	13,
	16,
	"52849eb7-7898-41e9-b784-e95cb95bbd24");
INSERT INTO V_LOC
	VALUES ("630b492f-3ec3-48ee-9e22-e92b69108cd5",
	2,
	29,
	32,
	"52849eb7-7898-41e9-b784-e95cb95bbd24");
INSERT INTO V_LOC
	VALUES ("47d71206-3b6e-48b4-9708-51fab6980cba",
	3,
	15,
	18,
	"52849eb7-7898-41e9-b784-e95cb95bbd24");
INSERT INTO V_LOC
	VALUES ("d88f0872-6219-485a-a6fd-22491a482a4b",
	4,
	29,
	32,
	"52849eb7-7898-41e9-b784-e95cb95bbd24");
INSERT INTO V_LOC
	VALUES ("36f512a1-ba6d-4008-825c-68eb2801eabd",
	9,
	9,
	12,
	"52849eb7-7898-41e9-b784-e95cb95bbd24");
INSERT INTO ACT_BLK
	VALUES ("cd10086e-faf0-411e-9667-be31b53c21a7",
	0,
	0,
	0,
	'V_VAR.Var_ID',
	'',
	'',
	2,
	3,
	0,
	0,
	0,
	0,
	0,
	0,
	0,
	0,
	0,
	0,
	0,
	"7c78accb-ff89-49e8-a85d-82fcde52a91f",
	"00000000-0000-0000-0000-000000000000");
INSERT INTO ACT_SMT
	VALUES ("a984b5d8-b210-4d3b-bb7f-d5b49b82c957",
	"cd10086e-faf0-411e-9667-be31b53c21a7",
	"00000000-0000-0000-0000-000000000000",
	2,
	3,
	'row::solving line: 2');
INSERT INTO E_ESS
	VALUES ("a984b5d8-b210-4d3b-bb7f-d5b49b82c957",
	1,
	0,
	2,
	12,
	2,
	17,
	0,
	0,
	0,
	0,
	0,
	0);
INSERT INTO E_GES
	VALUES ("a984b5d8-b210-4d3b-bb7f-d5b49b82c957");
INSERT INTO E_GSME
	VALUES ("a984b5d8-b210-4d3b-bb7f-d5b49b82c957",
	"e558b971-a37c-428c-abc4-46c4f386c9d4",
	"07fc627f-b641-41fe-a1af-748fb116451e");
INSERT INTO E_GEN
	VALUES ("a984b5d8-b210-4d3b-bb7f-d5b49b82c957",
	"52849eb7-7898-41e9-b784-e95cb95bbd24");
INSERT INTO ACT_BLK
	VALUES ("50c54b9a-5d46-4481-977d-466eb3d83dc0",
	0,
	0,
	0,
	'V_VAR.Var_ID',
	'',
	'',
	4,
	3,
	0,
	0,
	0,
	0,
	0,
	0,
	0,
	0,
	0,
	0,
	0,
	"7c78accb-ff89-49e8-a85d-82fcde52a91f",
	"00000000-0000-0000-0000-000000000000");
INSERT INTO ACT_SMT
	VALUES ("c3e8d23c-94c1-42b7-bc6c-fe721d0ca28f",
	"50c54b9a-5d46-4481-977d-466eb3d83dc0",
	"00000000-0000-0000-0000-000000000000",
	4,
	3,
	'row::solving line: 4');
INSERT INTO E_ESS
	VALUES ("c3e8d23c-94c1-42b7-bc6c-fe721d0ca28f",
	1,
	0,
	4,
	12,
	4,
	17,
	0,
	0,
	0,
	0,
	0,
	0);
INSERT INTO E_GES
	VALUES ("c3e8d23c-94c1-42b7-bc6c-fe721d0ca28f");
INSERT INTO E_GSME
	VALUES ("c3e8d23c-94c1-42b7-bc6c-fe721d0ca28f",
	"e558b971-a37c-428c-abc4-46c4f386c9d4",
	"07fc627f-b641-41fe-a1af-748fb116451e");
INSERT INTO E_GEN
	VALUES ("c3e8d23c-94c1-42b7-bc6c-fe721d0ca28f",
	"52849eb7-7898-41e9-b784-e95cb95bbd24");
INSERT INTO ACT_BLK
	VALUES ("087f4533-5921-444f-90b1-43d9f10d53a0",
	1,
	0,
	0,
	'',
	'',
	'',
	11,
	3,
	6,
	40,
	0,
	0,
	6,
	49,
	0,
	0,
	0,
	0,
	0,
	"7c78accb-ff89-49e8-a85d-82fcde52a91f",
	"00000000-0000-0000-0000-000000000000");
INSERT INTO ACT_SMT
	VALUES ("7ee4eb80-5453-4e9a-a7c4-908429330875",
	"087f4533-5921-444f-90b1-43d9f10d53a0",
	"e6e8cc01-e83b-4f7f-b790-25627627ce66",
	6,
	3,
	'row::solving line: 6');
INSERT INTO ACT_SEL
	VALUES ("7ee4eb80-5453-4e9a-a7c4-908429330875",
	"2231f233-56ad-4e1c-9bf5-771308c3e3e6",
	1,
	'one',
	"b9c0fc4f-b1eb-4d92-9f69-6e8ae269e8ff");
INSERT INTO ACT_SR
	VALUES ("7ee4eb80-5453-4e9a-a7c4-908429330875");
INSERT INTO ACT_LNK
	VALUES ("9d02aec7-9dc4-418b-b465-3b23159e8162",
	'',
	"7ee4eb80-5453-4e9a-a7c4-908429330875",
	"8894c5f7-bffa-4974-ac54-7678f0a478b0",
	"00000000-0000-0000-0000-000000000000",
	2,
	"03ac2337-ce3a-497f-a3de-92a1101b2208",
	6,
	40,
	6,
	49,
	0,
	0);
INSERT INTO ACT_SMT
	VALUES ("e6e8cc01-e83b-4f7f-b790-25627627ce66",
	"087f4533-5921-444f-90b1-43d9f10d53a0",
	"00000000-0000-0000-0000-000000000000",
	7,
	3,
	'row::solving line: 7');
INSERT INTO ACT_IF
	VALUES ("e6e8cc01-e83b-4f7f-b790-25627627ce66",
	"9a237a48-65b1-469e-9db7-5cfd410dd31c",
	"77fc5fa1-1293-4440-b92e-ea8d3b1fd546",
	"00000000-0000-0000-0000-000000000000",
	"00000000-0000-0000-0000-000000000000");
INSERT INTO ACT_SMT
	VALUES ("d5cd0082-f5f7-46d1-aaf9-632c9fa71d5f",
	"087f4533-5921-444f-90b1-43d9f10d53a0",
	"00000000-0000-0000-0000-000000000000",
	11,
	3,
	'row::solving line: 11');
INSERT INTO ACT_E
	VALUES ("d5cd0082-f5f7-46d1-aaf9-632c9fa71d5f",
	"b84fc9f0-019a-4bbd-9118-2c44bdfa5fd8",
	"e6e8cc01-e83b-4f7f-b790-25627627ce66");
INSERT INTO V_VAL
	VALUES ("b9c0fc4f-b1eb-4d92-9f69-6e8ae269e8ff",
	0,
	0,
	6,
	34,
	37,
	0,
	0,
	0,
	0,
	"1a2907d2-496f-482d-ba4d-df818f73d6fa",
	"087f4533-5921-444f-90b1-43d9f10d53a0");
INSERT INTO V_IRF
	VALUES ("b9c0fc4f-b1eb-4d92-9f69-6e8ae269e8ff",
	"52849eb7-7898-41e9-b784-e95cb95bbd24");
INSERT INTO V_VAL
	VALUES ("a50bed72-5f7c-429e-9a1b-87354913b26b",
	0,
	0,
	7,
	8,
	15,
	0,
	0,
	0,
	0,
	"1a2907d2-496f-482d-ba4d-df818f73d6fa",
	"087f4533-5921-444f-90b1-43d9f10d53a0");
INSERT INTO V_IRF
	VALUES ("a50bed72-5f7c-429e-9a1b-87354913b26b",
	"2231f233-56ad-4e1c-9bf5-771308c3e3e6");
INSERT INTO V_VAL
	VALUES ("5b0928b2-3da3-4cc2-8c70-e1a74c0cf142",
	0,
	0,
	7,
	17,
	24,
	0,
	0,
	0,
	0,
	"811f1dd7-74f0-407e-b449-939d0de5ee8d",
	"087f4533-5921-444f-90b1-43d9f10d53a0");
INSERT INTO V_AVL
	VALUES ("5b0928b2-3da3-4cc2-8c70-e1a74c0cf142",
	"a50bed72-5f7c-429e-9a1b-87354913b26b",
	"03ac2337-ce3a-497f-a3de-92a1101b2208",
	"1d98774f-c8bd-4c43-8f75-530b0ff40265");
INSERT INTO V_VAL
	VALUES ("77fc5fa1-1293-4440-b92e-ea8d3b1fd546",
	0,
	0,
	-1,
	-1,
	-1,
	0,
	0,
	0,
	0,
	"4e005777-df64-4279-9c02-400e239872b9",
	"087f4533-5921-444f-90b1-43d9f10d53a0");
INSERT INTO V_BIN
	VALUES ("77fc5fa1-1293-4440-b92e-ea8d3b1fd546",
	"36906f58-33f4-4478-a030-50cb0c00c5c5",
	"5b0928b2-3da3-4cc2-8c70-e1a74c0cf142",
	'>=');
INSERT INTO V_VAL
	VALUES ("36906f58-33f4-4478-a030-50cb0c00c5c5",
	0,
	0,
	7,
	29,
	29,
	0,
	0,
	0,
	0,
	"811f1dd7-74f0-407e-b449-939d0de5ee8d",
	"087f4533-5921-444f-90b1-43d9f10d53a0");
INSERT INTO V_LIN
	VALUES ("36906f58-33f4-4478-a030-50cb0c00c5c5",
	'1');
INSERT INTO V_VAR
	VALUES ("2231f233-56ad-4e1c-9bf5-771308c3e3e6",
	"087f4533-5921-444f-90b1-43d9f10d53a0",
	'sequence',
	1,
	"1a2907d2-496f-482d-ba4d-df818f73d6fa");
INSERT INTO V_INT
	VALUES ("2231f233-56ad-4e1c-9bf5-771308c3e3e6",
	0,
	"03ac2337-ce3a-497f-a3de-92a1101b2208");
INSERT INTO V_LOC
	VALUES ("58a55fe5-695d-4ef5-99cc-4ac5e3e2c98d",
	6,
	14,
	21,
	"2231f233-56ad-4e1c-9bf5-771308c3e3e6");
INSERT INTO V_LOC
	VALUES ("2062bea5-22d5-44a4-9d0b-9890fc3043f9",
	7,
	8,
	15,
	"2231f233-56ad-4e1c-9bf5-771308c3e3e6");
INSERT INTO V_LOC
	VALUES ("7348f2d9-ad29-410d-b4e3-c818083bb96e",
	8,
	5,
	12,
	"2231f233-56ad-4e1c-9bf5-771308c3e3e6");
INSERT INTO V_LOC
	VALUES ("eda4fb88-9831-436a-89b4-8a1ba7239a33",
	12,
	5,
	12,
	"2231f233-56ad-4e1c-9bf5-771308c3e3e6");
INSERT INTO ACT_BLK
	VALUES ("9a237a48-65b1-469e-9db7-5cfd410dd31c",
	0,
	0,
	0,
	'V_VAR.Var_ID',
	'',
	'',
	10,
	5,
	0,
	0,
	0,
	0,
	0,
	0,
	0,
	0,
	0,
	0,
	0,
	"7c78accb-ff89-49e8-a85d-82fcde52a91f",
	"00000000-0000-0000-0000-000000000000");
INSERT INTO ACT_SMT
	VALUES ("039f586c-fabf-477a-972b-cb20de5237e2",
	"9a237a48-65b1-469e-9db7-5cfd410dd31c",
	"34839342-eb52-4619-bb68-bd2fe52a2980",
	8,
	5,
	'row::solving line: 8');
INSERT INTO ACT_AI
	VALUES ("039f586c-fabf-477a-972b-cb20de5237e2",
	"638222c5-10bc-4f54-a0b0-c230ef99ab98",
	"c6706d0c-e385-4f4b-8c9d-288a232d1344",
	0,
	0);
INSERT INTO ACT_SMT
	VALUES ("34839342-eb52-4619-bb68-bd2fe52a2980",
	"9a237a48-65b1-469e-9db7-5cfd410dd31c",
	"6fd5e3a3-ba52-4c93-93f2-c94c285bc101",
	9,
	5,
	'row::solving line: 9');
INSERT INTO ACT_AI
	VALUES ("34839342-eb52-4619-bb68-bd2fe52a2980",
	"959a9e83-ba86-4c34-8f60-8a3e7d252821",
	"319d9bb2-1c21-42b0-93ce-fdee0b92ac00",
	0,
	0);
INSERT INTO ACT_SMT
	VALUES ("6fd5e3a3-ba52-4c93-93f2-c94c285bc101",
	"9a237a48-65b1-469e-9db7-5cfd410dd31c",
	"00000000-0000-0000-0000-000000000000",
	10,
	5,
	'row::solving line: 10');
INSERT INTO E_ESS
	VALUES ("6fd5e3a3-ba52-4c93-93f2-c94c285bc101",
	1,
	0,
	10,
	14,
	10,
	19,
	0,
	0,
	0,
	0,
	0,
	0);
INSERT INTO E_GES
	VALUES ("6fd5e3a3-ba52-4c93-93f2-c94c285bc101");
INSERT INTO E_GSME
	VALUES ("6fd5e3a3-ba52-4c93-93f2-c94c285bc101",
	"3c0abb69-5aa0-487e-996b-7909858726cf",
	"07fc627f-b641-41fe-a1af-748fb116451e");
INSERT INTO E_GEN
	VALUES ("6fd5e3a3-ba52-4c93-93f2-c94c285bc101",
	"d7c51f8e-c994-4731-9309-e27340457845");
INSERT INTO V_VAL
	VALUES ("dabd24b0-2f86-4d64-8e77-8550771669a4",
	1,
	0,
	8,
	5,
	12,
	0,
	0,
	0,
	0,
	"1a2907d2-496f-482d-ba4d-df818f73d6fa",
	"9a237a48-65b1-469e-9db7-5cfd410dd31c");
INSERT INTO V_IRF
	VALUES ("dabd24b0-2f86-4d64-8e77-8550771669a4",
	"2231f233-56ad-4e1c-9bf5-771308c3e3e6");
INSERT INTO V_VAL
	VALUES ("c6706d0c-e385-4f4b-8c9d-288a232d1344",
	1,
	0,
	8,
	14,
	21,
	0,
	0,
	0,
	0,
	"811f1dd7-74f0-407e-b449-939d0de5ee8d",
	"9a237a48-65b1-469e-9db7-5cfd410dd31c");
INSERT INTO V_AVL
	VALUES ("c6706d0c-e385-4f4b-8c9d-288a232d1344",
	"dabd24b0-2f86-4d64-8e77-8550771669a4",
	"03ac2337-ce3a-497f-a3de-92a1101b2208",
	"1d98774f-c8bd-4c43-8f75-530b0ff40265");
INSERT INTO V_VAL
	VALUES ("638222c5-10bc-4f54-a0b0-c230ef99ab98",
	0,
	0,
	8,
	25,
	25,
	0,
	0,
	0,
	0,
	"811f1dd7-74f0-407e-b449-939d0de5ee8d",
	"9a237a48-65b1-469e-9db7-5cfd410dd31c");
INSERT INTO V_LIN
	VALUES ("638222c5-10bc-4f54-a0b0-c230ef99ab98",
	'1');
INSERT INTO V_VAL
	VALUES ("319d9bb2-1c21-42b0-93ce-fdee0b92ac00",
	1,
	1,
	9,
	5,
	5,
	0,
	0,
	0,
	0,
	"00000000-0000-0000-0000-000000000000",
	"9a237a48-65b1-469e-9db7-5cfd410dd31c");
INSERT INTO V_IRF
	VALUES ("319d9bb2-1c21-42b0-93ce-fdee0b92ac00",
	"d7c51f8e-c994-4731-9309-e27340457845");
INSERT INTO V_VAL
	VALUES ("959a9e83-ba86-4c34-8f60-8a3e7d252821",
	0,
	0,
	9,
	9,
	12,
	0,
	0,
	0,
	0,
	"1a2907d2-496f-482d-ba4d-df818f73d6fa",
	"9a237a48-65b1-469e-9db7-5cfd410dd31c");
INSERT INTO V_IRF
	VALUES ("959a9e83-ba86-4c34-8f60-8a3e7d252821",
	"52849eb7-7898-41e9-b784-e95cb95bbd24");
INSERT INTO V_VAR
	VALUES ("d7c51f8e-c994-4731-9309-e27340457845",
	"9a237a48-65b1-469e-9db7-5cfd410dd31c",
	'r',
	1,
	"1a2907d2-496f-482d-ba4d-df818f73d6fa");
INSERT INTO V_INT
	VALUES ("d7c51f8e-c994-4731-9309-e27340457845",
	0,
	"56c54c26-d9b7-409a-83b7-4c701cc02c0e");
INSERT INTO V_LOC
	VALUES ("a3f7cab7-10d8-4af7-a645-6eb10141a9b9",
	9,
	5,
	5,
	"d7c51f8e-c994-4731-9309-e27340457845");
INSERT INTO V_LOC
	VALUES ("b32af472-4053-498d-94e6-853093e34532",
	10,
	31,
	31,
	"d7c51f8e-c994-4731-9309-e27340457845");
INSERT INTO ACT_BLK
	VALUES ("b84fc9f0-019a-4bbd-9118-2c44bdfa5fd8",
	0,
	0,
	0,
	'',
	'',
	'',
	12,
	5,
	0,
	0,
	0,
	0,
	0,
	0,
	0,
	0,
	0,
	0,
	0,
	"7c78accb-ff89-49e8-a85d-82fcde52a91f",
	"00000000-0000-0000-0000-000000000000");
INSERT INTO ACT_SMT
	VALUES ("14a84130-7f52-40af-9f34-451ab5bc4fe1",
	"b84fc9f0-019a-4bbd-9118-2c44bdfa5fd8",
	"00000000-0000-0000-0000-000000000000",
	12,
	5,
	'row::solving line: 12');
INSERT INTO ACT_AI
	VALUES ("14a84130-7f52-40af-9f34-451ab5bc4fe1",
	"ef9c975f-1566-4879-ae03-3c673f492a3c",
	"80ddd276-7f47-41a6-bb9d-8fa358b272a2",
	0,
	0);
INSERT INTO V_VAL
	VALUES ("af605768-7e0e-428c-9d98-b51ae454e1b7",
	1,
	0,
	12,
	5,
	12,
	0,
	0,
	0,
	0,
	"1a2907d2-496f-482d-ba4d-df818f73d6fa",
	"b84fc9f0-019a-4bbd-9118-2c44bdfa5fd8");
INSERT INTO V_IRF
	VALUES ("af605768-7e0e-428c-9d98-b51ae454e1b7",
	"2231f233-56ad-4e1c-9bf5-771308c3e3e6");
INSERT INTO V_VAL
	VALUES ("80ddd276-7f47-41a6-bb9d-8fa358b272a2",
	1,
	0,
	12,
	14,
	21,
	0,
	0,
	0,
	0,
	"811f1dd7-74f0-407e-b449-939d0de5ee8d",
	"b84fc9f0-019a-4bbd-9118-2c44bdfa5fd8");
INSERT INTO V_AVL
	VALUES ("80ddd276-7f47-41a6-bb9d-8fa358b272a2",
	"af605768-7e0e-428c-9d98-b51ae454e1b7",
	"03ac2337-ce3a-497f-a3de-92a1101b2208",
	"1d98774f-c8bd-4c43-8f75-530b0ff40265");
INSERT INTO V_VAL
	VALUES ("ef9c975f-1566-4879-ae03-3c673f492a3c",
	0,
	0,
	12,
	25,
	25,
	0,
	0,
	0,
	0,
	"811f1dd7-74f0-407e-b449-939d0de5ee8d",
	"b84fc9f0-019a-4bbd-9118-2c44bdfa5fd8");
INSERT INTO V_LIN
	VALUES ("ef9c975f-1566-4879-ae03-3c673f492a3c",
	'0');
INSERT INTO SM_STATE
	VALUES ("320ee53c-84f6-4cb9-91a9-b62d50b93f2b",
	"07fc627f-b641-41fe-a1af-748fb116451e",
	"00000000-0000-0000-0000-000000000000",
	'solved',
	3,
	0);
INSERT INTO SM_EIGN
	VALUES ("320ee53c-84f6-4cb9-91a9-b62d50b93f2b",
	"3c0abb69-5aa0-487e-996b-7909858726cf",
	"07fc627f-b641-41fe-a1af-748fb116451e",
	"00000000-0000-0000-0000-000000000000",
	'');
INSERT INTO SM_SEME
	VALUES ("320ee53c-84f6-4cb9-91a9-b62d50b93f2b",
	"3c0abb69-5aa0-487e-996b-7909858726cf",
	"07fc627f-b641-41fe-a1af-748fb116451e",
	"00000000-0000-0000-0000-000000000000");
INSERT INTO SM_EIGN
	VALUES ("320ee53c-84f6-4cb9-91a9-b62d50b93f2b",
	"e558b971-a37c-428c-abc4-46c4f386c9d4",
	"07fc627f-b641-41fe-a1af-748fb116451e",
	"00000000-0000-0000-0000-000000000000",
	'');
INSERT INTO SM_SEME
	VALUES ("320ee53c-84f6-4cb9-91a9-b62d50b93f2b",
	"e558b971-a37c-428c-abc4-46c4f386c9d4",
	"07fc627f-b641-41fe-a1af-748fb116451e",
	"00000000-0000-0000-0000-000000000000");
INSERT INTO SM_MOAH
	VALUES ("003598e3-32d5-4bc4-8dd2-3b3d2e640f9d",
	"07fc627f-b641-41fe-a1af-748fb116451e",
	"320ee53c-84f6-4cb9-91a9-b62d50b93f2b");
INSERT INTO SM_AH
	VALUES ("003598e3-32d5-4bc4-8dd2-3b3d2e640f9d",
	"07fc627f-b641-41fe-a1af-748fb116451e");
INSERT INTO SM_ACT
	VALUES ("003598e3-32d5-4bc4-8dd2-3b3d2e640f9d",
	"07fc627f-b641-41fe-a1af-748fb116451e",
	1,
	'select one sequence related by self->SEQUENCE[R1];
sequence.solved = true;',
	'');
INSERT INTO ACT_SAB
	VALUES ("4a32b80e-6e5c-46bc-b531-5a7906cdab11",
	"07fc627f-b641-41fe-a1af-748fb116451e",
	"003598e3-32d5-4bc4-8dd2-3b3d2e640f9d");
INSERT INTO ACT_ACT
	VALUES ("4a32b80e-6e5c-46bc-b531-5a7906cdab11",
	'state',
	0,
	"5e6b6735-0eb0-4411-ac87-a1c6083195e0",
	"00000000-0000-0000-0000-000000000000",
	0,
	'row::solved',
	"00000000-0000-0000-0000-000000000000");
INSERT INTO ACT_BLK
	VALUES ("5e6b6735-0eb0-4411-ac87-a1c6083195e0",
	1,
	0,
	0,
	'',
	'',
	'',
	2,
	1,
	1,
	38,
	0,
	0,
	1,
	47,
	0,
	0,
	0,
	0,
	0,
	"4a32b80e-6e5c-46bc-b531-5a7906cdab11",
	"00000000-0000-0000-0000-000000000000");
INSERT INTO ACT_SMT
	VALUES ("4f4f5b24-eb2b-46f8-a69d-86cec7ad2880",
	"5e6b6735-0eb0-4411-ac87-a1c6083195e0",
	"b98599f5-c8d0-4cd4-a6ce-bf525b0217e3",
	1,
	1,
	'row::solved line: 1');
INSERT INTO ACT_SEL
	VALUES ("4f4f5b24-eb2b-46f8-a69d-86cec7ad2880",
	"bf9f1119-f36e-4de1-946f-bcb0dc85f79b",
	1,
	'one',
	"768bbc4a-ff08-443a-b7cb-aeac006ce854");
INSERT INTO ACT_SR
	VALUES ("4f4f5b24-eb2b-46f8-a69d-86cec7ad2880");
INSERT INTO ACT_LNK
	VALUES ("2adb4ca8-2a8a-42e3-8a60-d663c6277ada",
	'',
	"4f4f5b24-eb2b-46f8-a69d-86cec7ad2880",
	"8894c5f7-bffa-4974-ac54-7678f0a478b0",
	"00000000-0000-0000-0000-000000000000",
	2,
	"03ac2337-ce3a-497f-a3de-92a1101b2208",
	1,
	38,
	1,
	47,
	0,
	0);
INSERT INTO ACT_SMT
	VALUES ("b98599f5-c8d0-4cd4-a6ce-bf525b0217e3",
	"5e6b6735-0eb0-4411-ac87-a1c6083195e0",
	"00000000-0000-0000-0000-000000000000",
	2,
	1,
	'row::solved line: 2');
INSERT INTO ACT_AI
	VALUES ("b98599f5-c8d0-4cd4-a6ce-bf525b0217e3",
	"d24e7506-460f-4996-addc-504050d177f2",
	"6a0cca30-fed3-49ca-b7a5-ec06f7aebd84",
	0,
	0);
INSERT INTO V_VAL
	VALUES ("768bbc4a-ff08-443a-b7cb-aeac006ce854",
	0,
	0,
	1,
	32,
	35,
	0,
	0,
	0,
	0,
	"1a2907d2-496f-482d-ba4d-df818f73d6fa",
	"5e6b6735-0eb0-4411-ac87-a1c6083195e0");
INSERT INTO V_IRF
	VALUES ("768bbc4a-ff08-443a-b7cb-aeac006ce854",
	"770155a9-d2f9-4c29-94d5-0bc1b1e7a7c6");
INSERT INTO V_VAL
	VALUES ("5f9c4587-f95d-43da-981f-b2996153d9f4",
	1,
	0,
	2,
	1,
	8,
	0,
	0,
	0,
	0,
	"1a2907d2-496f-482d-ba4d-df818f73d6fa",
	"5e6b6735-0eb0-4411-ac87-a1c6083195e0");
INSERT INTO V_IRF
	VALUES ("5f9c4587-f95d-43da-981f-b2996153d9f4",
	"bf9f1119-f36e-4de1-946f-bcb0dc85f79b");
INSERT INTO V_VAL
	VALUES ("6a0cca30-fed3-49ca-b7a5-ec06f7aebd84",
	1,
	0,
	2,
	10,
	15,
	0,
	0,
	0,
	0,
	"4e005777-df64-4279-9c02-400e239872b9",
	"5e6b6735-0eb0-4411-ac87-a1c6083195e0");
INSERT INTO V_AVL
	VALUES ("6a0cca30-fed3-49ca-b7a5-ec06f7aebd84",
	"5f9c4587-f95d-43da-981f-b2996153d9f4",
	"03ac2337-ce3a-497f-a3de-92a1101b2208",
	"48d19dd8-8465-49b9-b4d0-dd14aa6d653f");
INSERT INTO V_VAL
	VALUES ("d24e7506-460f-4996-addc-504050d177f2",
	0,
	0,
	-1,
	-1,
	-1,
	0,
	0,
	0,
	0,
	"4e005777-df64-4279-9c02-400e239872b9",
	"5e6b6735-0eb0-4411-ac87-a1c6083195e0");
INSERT INTO V_LBO
	VALUES ("d24e7506-460f-4996-addc-504050d177f2",
	'TRUE');
INSERT INTO V_VAR
	VALUES ("bf9f1119-f36e-4de1-946f-bcb0dc85f79b",
	"5e6b6735-0eb0-4411-ac87-a1c6083195e0",
	'sequence',
	1,
	"1a2907d2-496f-482d-ba4d-df818f73d6fa");
INSERT INTO V_INT
	VALUES ("bf9f1119-f36e-4de1-946f-bcb0dc85f79b",
	0,
	"03ac2337-ce3a-497f-a3de-92a1101b2208");
INSERT INTO V_LOC
	VALUES ("eaf04b9c-fb7c-4472-ba3b-85a9a9b4b5a8",
	1,
	12,
	19,
	"bf9f1119-f36e-4de1-946f-bcb0dc85f79b");
INSERT INTO V_LOC
	VALUES ("6d477aad-8030-4cbc-af8d-dbd70f117945",
	2,
	1,
	8,
	"bf9f1119-f36e-4de1-946f-bcb0dc85f79b");
INSERT INTO V_VAR
	VALUES ("770155a9-d2f9-4c29-94d5-0bc1b1e7a7c6",
	"5e6b6735-0eb0-4411-ac87-a1c6083195e0",
	'self',
	1,
	"1a2907d2-496f-482d-ba4d-df818f73d6fa");
INSERT INTO V_INT
	VALUES ("770155a9-d2f9-4c29-94d5-0bc1b1e7a7c6",
	0,
	"56c54c26-d9b7-409a-83b7-4c701cc02c0e");
INSERT INTO SM_NSTXN
	VALUES ("7c9c0809-6b87-4f67-b2f8-ecb91e8ab212",
	"07fc627f-b641-41fe-a1af-748fb116451e",
	"465b4033-5abb-4745-b767-f08cf6ae6dbe",
	"3c0abb69-5aa0-487e-996b-7909858726cf",
	"00000000-0000-0000-0000-000000000000");
INSERT INTO SM_TAH
	VALUES ("365288e1-bd4a-4471-9827-6b5af17539c5",
	"07fc627f-b641-41fe-a1af-748fb116451e",
	"7c9c0809-6b87-4f67-b2f8-ecb91e8ab212");
INSERT INTO SM_AH
	VALUES ("365288e1-bd4a-4471-9827-6b5af17539c5",
	"07fc627f-b641-41fe-a1af-748fb116451e");
INSERT INTO SM_ACT
	VALUES ("365288e1-bd4a-4471-9827-6b5af17539c5",
	"07fc627f-b641-41fe-a1af-748fb116451e",
	1,
	'',
	'');
INSERT INTO ACT_TAB
	VALUES ("d6170cd7-20d1-4e20-9251-9fc26928db32",
	"07fc627f-b641-41fe-a1af-748fb116451e",
	"365288e1-bd4a-4471-9827-6b5af17539c5");
INSERT INTO ACT_ACT
	VALUES ("d6170cd7-20d1-4e20-9251-9fc26928db32",
	'transition',
	0,
	"f1226cd1-991a-460f-b88c-e4df90e05268",
	"00000000-0000-0000-0000-000000000000",
	0,
	'ROW1: update in solving to solving',
	"00000000-0000-0000-0000-000000000000");
INSERT INTO ACT_BLK
	VALUES ("f1226cd1-991a-460f-b88c-e4df90e05268",
	0,
	0,
	0,
	'',
	'',
	'',
	0,
	0,
	0,
	0,
	0,
	0,
	0,
	0,
	0,
	0,
	0,
	0,
	0,
	"d6170cd7-20d1-4e20-9251-9fc26928db32",
	"00000000-0000-0000-0000-000000000000");
INSERT INTO SM_TXN
	VALUES ("7c9c0809-6b87-4f67-b2f8-ecb91e8ab212",
	"07fc627f-b641-41fe-a1af-748fb116451e",
	"465b4033-5abb-4745-b767-f08cf6ae6dbe",
	"00000000-0000-0000-0000-000000000000");
INSERT INTO SM_NSTXN
	VALUES ("f119a1c9-3343-47bd-80fb-068a11d175f8",
	"07fc627f-b641-41fe-a1af-748fb116451e",
	"465b4033-5abb-4745-b767-f08cf6ae6dbe",
	"e558b971-a37c-428c-abc4-46c4f386c9d4",
	"00000000-0000-0000-0000-000000000000");
INSERT INTO SM_TAH
	VALUES ("a57d8c99-82b1-4c98-81e0-360d247d9e88",
	"07fc627f-b641-41fe-a1af-748fb116451e",
	"f119a1c9-3343-47bd-80fb-068a11d175f8");
INSERT INTO SM_AH
	VALUES ("a57d8c99-82b1-4c98-81e0-360d247d9e88",
	"07fc627f-b641-41fe-a1af-748fb116451e");
INSERT INTO SM_ACT
	VALUES ("a57d8c99-82b1-4c98-81e0-360d247d9e88",
	"07fc627f-b641-41fe-a1af-748fb116451e",
	1,
	'',
	'');
INSERT INTO ACT_TAB
	VALUES ("c63c4875-c3f3-4692-9a3a-4368d65614a6",
	"07fc627f-b641-41fe-a1af-748fb116451e",
	"a57d8c99-82b1-4c98-81e0-360d247d9e88");
INSERT INTO ACT_ACT
	VALUES ("c63c4875-c3f3-4692-9a3a-4368d65614a6",
	'transition',
	0,
	"a8450a05-a07d-4eb8-a875-ba52902aed84",
	"00000000-0000-0000-0000-000000000000",
	0,
	'ROW2: solved in solving to solved',
	"00000000-0000-0000-0000-000000000000");
INSERT INTO ACT_BLK
	VALUES ("a8450a05-a07d-4eb8-a875-ba52902aed84",
	0,
	0,
	0,
	'',
	'',
	'',
	0,
	0,
	0,
	0,
	0,
	0,
	0,
	0,
	0,
	0,
	0,
	0,
	0,
	"c63c4875-c3f3-4692-9a3a-4368d65614a6",
	"00000000-0000-0000-0000-000000000000");
INSERT INTO SM_TXN
	VALUES ("f119a1c9-3343-47bd-80fb-068a11d175f8",
	"07fc627f-b641-41fe-a1af-748fb116451e",
	"320ee53c-84f6-4cb9-91a9-b62d50b93f2b",
	"00000000-0000-0000-0000-000000000000");
INSERT INTO O_OBJ
	VALUES ("03ac2337-ce3a-497f-a3de-92a1101b2208",
	'sequence',
	1,
	'SEQUENCE',
	'',
	"3d0162a5-1c20-4ddf-8686-ff9d4c06e6a1");
INSERT INTO O_TFR
	VALUES ("a76fd039-37b9-41cc-9e9a-ea4943cde168",
	"03ac2337-ce3a-497f-a3de-92a1101b2208",
	'solve',
	'',
	"606ca061-c661-4bbf-bb1a-bb2345f5239e",
	0,
	'i = 0;
select many sequences from instances of SEQUENCE;
while ( 25 > i )
  j = 0;
  while ( 25 > j )
    ::display();
    
    select many eligibles from instances of ELIGIBLE;
    count1 = cardinality eligibles;
    count2 = 0;
    
    for each sequence in sequences
      k = sequence.solve_by_pruning();
    end for;
    
    select many eligibles from instances of ELIGIBLE;
    count2 = cardinality eligibles;
    
    if ( ( 81 == CELL::score() ) or ( count1 == count2 ) )
      break;
    end if;

    j = j + 1;
  end while;

  for each sequence in sequences
    k = sequence.solve_by_elimination();
  end for;
  
  if ( 81 == CELL::score() )
    break;
  end if;
  
  i = i + 1;
end while;

/*#inline
printf( "passes:  %d\n", v66_i );
*/',
	1,
	'',
	"00000000-0000-0000-0000-000000000000");
INSERT INTO ACT_OPB
	VALUES ("56ceccec-f341-4d3f-9379-7c9cc9ba38ac",
	"a76fd039-37b9-41cc-9e9a-ea4943cde168");
INSERT INTO ACT_ACT
	VALUES ("56ceccec-f341-4d3f-9379-7c9cc9ba38ac",
	'class operation',
	0,
	"f2a5466c-f6af-492f-9e9f-53d6f0e4c1fe",
	"00000000-0000-0000-0000-000000000000",
	0,
	'sequence::solve',
	"00000000-0000-0000-0000-000000000000");
INSERT INTO ACT_BLK
	VALUES ("f2a5466c-f6af-492f-9e9f-53d6f0e4c1fe",
	1,
	0,
	0,
	'',
	'',
	'',
	3,
	1,
	2,
	41,
	0,
	0,
	0,
	0,
	0,
	0,
	0,
	0,
	0,
	"56ceccec-f341-4d3f-9379-7c9cc9ba38ac",
	"00000000-0000-0000-0000-000000000000");
INSERT INTO ACT_SMT
	VALUES ("42515277-91c8-4f35-9aa6-d9228827702c",
	"f2a5466c-f6af-492f-9e9f-53d6f0e4c1fe",
	"4c456ab6-1d2b-4d49-b062-2e24e86404b9",
	1,
	1,
	'sequence::solve line: 1');
INSERT INTO ACT_AI
	VALUES ("42515277-91c8-4f35-9aa6-d9228827702c",
	"e71233c4-b9db-45b4-a23a-1526e19612ee",
	"d85f7ec2-f714-4bf6-9ed8-b40f24346d9a",
	0,
	0);
INSERT INTO ACT_SMT
	VALUES ("4c456ab6-1d2b-4d49-b062-2e24e86404b9",
	"f2a5466c-f6af-492f-9e9f-53d6f0e4c1fe",
	"e707f1d4-52f8-4b04-9209-54b89f1fa05b",
	2,
	1,
	'sequence::solve line: 2');
INSERT INTO ACT_FIO
	VALUES ("4c456ab6-1d2b-4d49-b062-2e24e86404b9",
	"17810a0e-abeb-4654-b06d-1f290dffcc6d",
	1,
	'many',
	"03ac2337-ce3a-497f-a3de-92a1101b2208",
	2,
	41);
INSERT INTO ACT_SMT
	VALUES ("e707f1d4-52f8-4b04-9209-54b89f1fa05b",
	"f2a5466c-f6af-492f-9e9f-53d6f0e4c1fe",
	"00000000-0000-0000-0000-000000000000",
	3,
	1,
	'sequence::solve line: 3');
INSERT INTO ACT_WHL
	VALUES ("e707f1d4-52f8-4b04-9209-54b89f1fa05b",
	"5effe56f-ee53-4260-ba93-77a16f798611",
	"a7a0b533-2e53-4ebb-9620-83151a7bc0bb");
INSERT INTO V_VAL
	VALUES ("d85f7ec2-f714-4bf6-9ed8-b40f24346d9a",
	1,
	1,
	1,
	1,
	1,
	0,
	0,
	0,
	0,
	"811f1dd7-74f0-407e-b449-939d0de5ee8d",
	"f2a5466c-f6af-492f-9e9f-53d6f0e4c1fe");
INSERT INTO V_TVL
	VALUES ("d85f7ec2-f714-4bf6-9ed8-b40f24346d9a",
	"24994161-d6ae-4416-afa2-89e9536a659d");
INSERT INTO V_VAL
	VALUES ("e71233c4-b9db-45b4-a23a-1526e19612ee",
	0,
	0,
	1,
	5,
	5,
	0,
	0,
	0,
	0,
	"811f1dd7-74f0-407e-b449-939d0de5ee8d",
	"f2a5466c-f6af-492f-9e9f-53d6f0e4c1fe");
INSERT INTO V_LIN
	VALUES ("e71233c4-b9db-45b4-a23a-1526e19612ee",
	'0');
INSERT INTO V_VAL
	VALUES ("7203f14e-b452-4923-be5a-cff90d11817d",
	0,
	0,
	3,
	9,
	10,
	0,
	0,
	0,
	0,
	"811f1dd7-74f0-407e-b449-939d0de5ee8d",
	"f2a5466c-f6af-492f-9e9f-53d6f0e4c1fe");
INSERT INTO V_LIN
	VALUES ("7203f14e-b452-4923-be5a-cff90d11817d",
	'25');
INSERT INTO V_VAL
	VALUES ("5effe56f-ee53-4260-ba93-77a16f798611",
	0,
	0,
	-1,
	-1,
	-1,
	0,
	0,
	0,
	0,
	"4e005777-df64-4279-9c02-400e239872b9",
	"f2a5466c-f6af-492f-9e9f-53d6f0e4c1fe");
INSERT INTO V_BIN
	VALUES ("5effe56f-ee53-4260-ba93-77a16f798611",
	"ad7a7edc-8c21-4ea4-b7dd-9d0cd08ab549",
	"7203f14e-b452-4923-be5a-cff90d11817d",
	'>');
INSERT INTO V_VAL
	VALUES ("ad7a7edc-8c21-4ea4-b7dd-9d0cd08ab549",
	0,
	0,
	3,
	14,
	14,
	0,
	0,
	0,
	0,
	"811f1dd7-74f0-407e-b449-939d0de5ee8d",
	"f2a5466c-f6af-492f-9e9f-53d6f0e4c1fe");
INSERT INTO V_TVL
	VALUES ("ad7a7edc-8c21-4ea4-b7dd-9d0cd08ab549",
	"24994161-d6ae-4416-afa2-89e9536a659d");
INSERT INTO V_VAR
	VALUES ("24994161-d6ae-4416-afa2-89e9536a659d",
	"f2a5466c-f6af-492f-9e9f-53d6f0e4c1fe",
	'i',
	1,
	"811f1dd7-74f0-407e-b449-939d0de5ee8d");
INSERT INTO V_TRN
	VALUES ("24994161-d6ae-4416-afa2-89e9536a659d",
	"00000000-0000-0000-0000-000000000000",
	'');
INSERT INTO V_LOC
	VALUES ("36931bb2-e2c1-49a9-aff0-1bf785e8c619",
	1,
	1,
	1,
	"24994161-d6ae-4416-afa2-89e9536a659d");
INSERT INTO V_LOC
	VALUES ("51ff45f1-0fc2-484e-987d-36e7addaf595",
	3,
	14,
	14,
	"24994161-d6ae-4416-afa2-89e9536a659d");
INSERT INTO V_LOC
	VALUES ("d875c874-9527-4117-8abf-1e172f51b73b",
	34,
	3,
	3,
	"24994161-d6ae-4416-afa2-89e9536a659d");
INSERT INTO V_LOC
	VALUES ("79f92632-2873-4766-aee9-1d90727fd546",
	34,
	7,
	7,
	"24994161-d6ae-4416-afa2-89e9536a659d");
INSERT INTO V_VAR
	VALUES ("17810a0e-abeb-4654-b06d-1f290dffcc6d",
	"f2a5466c-f6af-492f-9e9f-53d6f0e4c1fe",
	'sequences',
	1,
	"bd7c827f-c0a0-4115-8268-33db6654fef9");
INSERT INTO V_INS
	VALUES ("17810a0e-abeb-4654-b06d-1f290dffcc6d",
	"03ac2337-ce3a-497f-a3de-92a1101b2208");
INSERT INTO V_LOC
	VALUES ("327b83c1-d7e2-4d2b-ae83-cf77d1bd79e0",
	2,
	13,
	21,
	"17810a0e-abeb-4654-b06d-1f290dffcc6d");
INSERT INTO V_LOC
	VALUES ("e7b7e3cf-d18a-4255-8fa6-2ed405c563df",
	12,
	26,
	34,
	"17810a0e-abeb-4654-b06d-1f290dffcc6d");
INSERT INTO V_LOC
	VALUES ("1c04c2fe-0216-4281-9516-b39a953ea23b",
	26,
	24,
	32,
	"17810a0e-abeb-4654-b06d-1f290dffcc6d");
INSERT INTO ACT_BLK
	VALUES ("a7a0b533-2e53-4ebb-9620-83151a7bc0bb",
	0,
	0,
	0,
	'CELL',
	'',
	'',
	34,
	3,
	30,
	14,
	0,
	0,
	0,
	0,
	0,
	0,
	0,
	0,
	0,
	"56ceccec-f341-4d3f-9379-7c9cc9ba38ac",
	"00000000-0000-0000-0000-000000000000");
INSERT INTO ACT_SMT
	VALUES ("5732dbab-e137-4ea5-b74d-7e3989b31f41",
	"a7a0b533-2e53-4ebb-9620-83151a7bc0bb",
	"876b8894-4fc6-414a-8016-bd8c5ab8431d",
	4,
	3,
	'sequence::solve line: 4');
INSERT INTO ACT_AI
	VALUES ("5732dbab-e137-4ea5-b74d-7e3989b31f41",
	"0e9dad93-244f-4bad-9f06-91c908b3bf82",
	"c1fef69c-00f3-45c8-a37d-af7f5ed4dfe4",
	0,
	0);
INSERT INTO ACT_SMT
	VALUES ("876b8894-4fc6-414a-8016-bd8c5ab8431d",
	"a7a0b533-2e53-4ebb-9620-83151a7bc0bb",
	"785f4da9-db59-40d2-82b4-7434471b9a69",
	5,
	3,
	'sequence::solve line: 5');
INSERT INTO ACT_WHL
	VALUES ("876b8894-4fc6-414a-8016-bd8c5ab8431d",
	"f26f78f2-2ee4-4ec2-835b-f88c9ebab8d4",
	"7911778a-1848-453c-8a53-9f05376e742e");
INSERT INTO ACT_SMT
	VALUES ("785f4da9-db59-40d2-82b4-7434471b9a69",
	"a7a0b533-2e53-4ebb-9620-83151a7bc0bb",
	"f7c8036f-4194-4fa9-9cd6-fb516f3c2a15",
	26,
	3,
	'sequence::solve line: 26');
INSERT INTO ACT_FOR
	VALUES ("785f4da9-db59-40d2-82b4-7434471b9a69",
	"c2048a63-9482-4872-ab37-d3bfdb559541",
	1,
	"800b0b06-ee79-40e7-9831-6ed5253a245e",
	"17810a0e-abeb-4654-b06d-1f290dffcc6d",
	"03ac2337-ce3a-497f-a3de-92a1101b2208");
INSERT INTO ACT_SMT
	VALUES ("f7c8036f-4194-4fa9-9cd6-fb516f3c2a15",
	"a7a0b533-2e53-4ebb-9620-83151a7bc0bb",
	"030e6b4e-e804-472e-85ed-5f43970d2830",
	30,
	3,
	'sequence::solve line: 30');
INSERT INTO ACT_IF
	VALUES ("f7c8036f-4194-4fa9-9cd6-fb516f3c2a15",
	"ebb3379b-01fd-41a0-8208-a93030320045",
	"fe2a7da0-8b93-4125-bd6b-0c43d5acf662",
	"00000000-0000-0000-0000-000000000000",
	"00000000-0000-0000-0000-000000000000");
INSERT INTO ACT_SMT
	VALUES ("030e6b4e-e804-472e-85ed-5f43970d2830",
	"a7a0b533-2e53-4ebb-9620-83151a7bc0bb",
	"00000000-0000-0000-0000-000000000000",
	34,
	3,
	'sequence::solve line: 34');
INSERT INTO ACT_AI
	VALUES ("030e6b4e-e804-472e-85ed-5f43970d2830",
	"bbd1069e-b639-40a6-b47c-c3d91ead8781",
	"efffa156-1fa1-4aa2-be7f-1b92523fc68e",
	0,
	0);
INSERT INTO V_VAL
	VALUES ("c1fef69c-00f3-45c8-a37d-af7f5ed4dfe4",
	1,
	1,
	4,
	3,
	3,
	0,
	0,
	0,
	0,
	"811f1dd7-74f0-407e-b449-939d0de5ee8d",
	"a7a0b533-2e53-4ebb-9620-83151a7bc0bb");
INSERT INTO V_TVL
	VALUES ("c1fef69c-00f3-45c8-a37d-af7f5ed4dfe4",
	"401347fb-0bce-4851-9b82-bb811c01ff94");
INSERT INTO V_VAL
	VALUES ("0e9dad93-244f-4bad-9f06-91c908b3bf82",
	0,
	0,
	4,
	7,
	7,
	0,
	0,
	0,
	0,
	"811f1dd7-74f0-407e-b449-939d0de5ee8d",
	"a7a0b533-2e53-4ebb-9620-83151a7bc0bb");
INSERT INTO V_LIN
	VALUES ("0e9dad93-244f-4bad-9f06-91c908b3bf82",
	'0');
INSERT INTO V_VAL
	VALUES ("7eabd9b1-a847-418a-80c8-9815382f7499",
	0,
	0,
	5,
	11,
	12,
	0,
	0,
	0,
	0,
	"811f1dd7-74f0-407e-b449-939d0de5ee8d",
	"a7a0b533-2e53-4ebb-9620-83151a7bc0bb");
INSERT INTO V_LIN
	VALUES ("7eabd9b1-a847-418a-80c8-9815382f7499",
	'25');
INSERT INTO V_VAL
	VALUES ("f26f78f2-2ee4-4ec2-835b-f88c9ebab8d4",
	0,
	0,
	-1,
	-1,
	-1,
	0,
	0,
	0,
	0,
	"4e005777-df64-4279-9c02-400e239872b9",
	"a7a0b533-2e53-4ebb-9620-83151a7bc0bb");
INSERT INTO V_BIN
	VALUES ("f26f78f2-2ee4-4ec2-835b-f88c9ebab8d4",
	"abbad087-df69-495a-96a4-3856cb696f42",
	"7eabd9b1-a847-418a-80c8-9815382f7499",
	'>');
INSERT INTO V_VAL
	VALUES ("abbad087-df69-495a-96a4-3856cb696f42",
	0,
	0,
	5,
	16,
	16,
	0,
	0,
	0,
	0,
	"811f1dd7-74f0-407e-b449-939d0de5ee8d",
	"a7a0b533-2e53-4ebb-9620-83151a7bc0bb");
INSERT INTO V_TVL
	VALUES ("abbad087-df69-495a-96a4-3856cb696f42",
	"401347fb-0bce-4851-9b82-bb811c01ff94");
INSERT INTO V_VAL
	VALUES ("232ffa6a-1f3e-4aa2-9693-2fcd6cbb98d5",
	0,
	0,
	30,
	8,
	9,
	0,
	0,
	0,
	0,
	"811f1dd7-74f0-407e-b449-939d0de5ee8d",
	"a7a0b533-2e53-4ebb-9620-83151a7bc0bb");
INSERT INTO V_LIN
	VALUES ("232ffa6a-1f3e-4aa2-9693-2fcd6cbb98d5",
	'81');
INSERT INTO V_VAL
	VALUES ("fe2a7da0-8b93-4125-bd6b-0c43d5acf662",
	0,
	0,
	-1,
	-1,
	-1,
	0,
	0,
	0,
	0,
	"4e005777-df64-4279-9c02-400e239872b9",
	"a7a0b533-2e53-4ebb-9620-83151a7bc0bb");
INSERT INTO V_BIN
	VALUES ("fe2a7da0-8b93-4125-bd6b-0c43d5acf662",
	"751bbfb1-e2aa-4a7e-86f0-46f74366ee70",
	"232ffa6a-1f3e-4aa2-9693-2fcd6cbb98d5",
	'==');
INSERT INTO V_VAL
	VALUES ("751bbfb1-e2aa-4a7e-86f0-46f74366ee70",
	0,
	0,
	30,
	20,
	-1,
	0,
	0,
	0,
	0,
	"811f1dd7-74f0-407e-b449-939d0de5ee8d",
	"a7a0b533-2e53-4ebb-9620-83151a7bc0bb");
INSERT INTO V_TRV
	VALUES ("751bbfb1-e2aa-4a7e-86f0-46f74366ee70",
	"e7682414-c9d4-490e-84ef-68b46fb9a8f1",
	"00000000-0000-0000-0000-000000000000",
	1,
	30,
	14);
INSERT INTO V_VAL
	VALUES ("efffa156-1fa1-4aa2-be7f-1b92523fc68e",
	1,
	0,
	34,
	3,
	3,
	0,
	0,
	0,
	0,
	"811f1dd7-74f0-407e-b449-939d0de5ee8d",
	"a7a0b533-2e53-4ebb-9620-83151a7bc0bb");
INSERT INTO V_TVL
	VALUES ("efffa156-1fa1-4aa2-be7f-1b92523fc68e",
	"24994161-d6ae-4416-afa2-89e9536a659d");
INSERT INTO V_VAL
	VALUES ("d4249763-6bb6-44cd-bb09-7b062b2ca0ff",
	0,
	0,
	34,
	7,
	7,
	0,
	0,
	0,
	0,
	"811f1dd7-74f0-407e-b449-939d0de5ee8d",
	"a7a0b533-2e53-4ebb-9620-83151a7bc0bb");
INSERT INTO V_TVL
	VALUES ("d4249763-6bb6-44cd-bb09-7b062b2ca0ff",
	"24994161-d6ae-4416-afa2-89e9536a659d");
INSERT INTO V_VAL
	VALUES ("bbd1069e-b639-40a6-b47c-c3d91ead8781",
	0,
	0,
	-1,
	-1,
	-1,
	0,
	0,
	0,
	0,
	"811f1dd7-74f0-407e-b449-939d0de5ee8d",
	"a7a0b533-2e53-4ebb-9620-83151a7bc0bb");
INSERT INTO V_BIN
	VALUES ("bbd1069e-b639-40a6-b47c-c3d91ead8781",
	"ab9997cc-00be-4c2a-9aa5-9048e0c547b0",
	"d4249763-6bb6-44cd-bb09-7b062b2ca0ff",
	'+');
INSERT INTO V_VAL
	VALUES ("ab9997cc-00be-4c2a-9aa5-9048e0c547b0",
	0,
	0,
	34,
	11,
	11,
	0,
	0,
	0,
	0,
	"811f1dd7-74f0-407e-b449-939d0de5ee8d",
	"a7a0b533-2e53-4ebb-9620-83151a7bc0bb");
INSERT INTO V_LIN
	VALUES ("ab9997cc-00be-4c2a-9aa5-9048e0c547b0",
	'1');
INSERT INTO V_VAR
	VALUES ("401347fb-0bce-4851-9b82-bb811c01ff94",
	"a7a0b533-2e53-4ebb-9620-83151a7bc0bb",
	'j',
	1,
	"811f1dd7-74f0-407e-b449-939d0de5ee8d");
INSERT INTO V_TRN
	VALUES ("401347fb-0bce-4851-9b82-bb811c01ff94",
	"00000000-0000-0000-0000-000000000000",
	'');
INSERT INTO V_LOC
	VALUES ("8d3e7419-cea3-4c29-888b-e342b586340e",
	4,
	3,
	3,
	"401347fb-0bce-4851-9b82-bb811c01ff94");
INSERT INTO V_LOC
	VALUES ("ca0f29df-3643-4a3e-9451-77858d0f3cc1",
	5,
	16,
	16,
	"401347fb-0bce-4851-9b82-bb811c01ff94");
INSERT INTO V_LOC
	VALUES ("7f6bc8c8-2e5b-4278-bd30-17ee97a8c8a5",
	23,
	5,
	5,
	"401347fb-0bce-4851-9b82-bb811c01ff94");
INSERT INTO V_LOC
	VALUES ("c1064bb8-35d4-4db4-bbe6-de5e72f3698b",
	23,
	9,
	9,
	"401347fb-0bce-4851-9b82-bb811c01ff94");
INSERT INTO V_VAR
	VALUES ("800b0b06-ee79-40e7-9831-6ed5253a245e",
	"a7a0b533-2e53-4ebb-9620-83151a7bc0bb",
	'sequence',
	1,
	"1a2907d2-496f-482d-ba4d-df818f73d6fa");
INSERT INTO V_INT
	VALUES ("800b0b06-ee79-40e7-9831-6ed5253a245e",
	1,
	"03ac2337-ce3a-497f-a3de-92a1101b2208");
INSERT INTO V_LOC
	VALUES ("dcb49014-ab58-4f85-af00-f8b2d93ae46e",
	26,
	12,
	19,
	"800b0b06-ee79-40e7-9831-6ed5253a245e");
INSERT INTO V_LOC
	VALUES ("dd435996-0177-48cb-bf29-614efa671b18",
	27,
	9,
	16,
	"800b0b06-ee79-40e7-9831-6ed5253a245e");
INSERT INTO ACT_BLK
	VALUES ("7911778a-1848-453c-8a53-9f05376e742e",
	1,
	0,
	0,
	'CELL',
	'',
	'',
	23,
	5,
	19,
	18,
	0,
	0,
	0,
	0,
	0,
	0,
	0,
	0,
	0,
	"56ceccec-f341-4d3f-9379-7c9cc9ba38ac",
	"00000000-0000-0000-0000-000000000000");
INSERT INTO ACT_SMT
	VALUES ("5d981562-5b27-42c8-8708-2e0a2029dd0d",
	"7911778a-1848-453c-8a53-9f05376e742e",
	"551903e7-b730-4c21-b565-fef1102ca4d5",
	6,
	5,
	'sequence::solve line: 6');
INSERT INTO ACT_FNC
	VALUES ("5d981562-5b27-42c8-8708-2e0a2029dd0d",
	"ea7999d4-ad63-4a57-abe3-4a8224d30de0",
	6,
	7);
INSERT INTO ACT_SMT
	VALUES ("551903e7-b730-4c21-b565-fef1102ca4d5",
	"7911778a-1848-453c-8a53-9f05376e742e",
	"f12eae29-92d2-45c2-9a11-ef2255bf7730",
	8,
	5,
	'sequence::solve line: 8');
INSERT INTO ACT_FIO
	VALUES ("551903e7-b730-4c21-b565-fef1102ca4d5",
	"4057f118-70cd-4a0d-9cd6-d595bf1552b3",
	1,
	'many',
	"7dfbb9fe-d109-4356-a43c-8a02617ad46a",
	8,
	45);
INSERT INTO ACT_SMT
	VALUES ("f12eae29-92d2-45c2-9a11-ef2255bf7730",
	"7911778a-1848-453c-8a53-9f05376e742e",
	"6f54543f-2c14-40a6-acb5-c5e0941d33f5",
	9,
	5,
	'sequence::solve line: 9');
INSERT INTO ACT_AI
	VALUES ("f12eae29-92d2-45c2-9a11-ef2255bf7730",
	"b31c47ac-008f-48df-8281-8572f1e8f0ba",
	"a5176d55-2b3e-4edf-9d66-f96fbcdf4a90",
	0,
	0);
INSERT INTO ACT_SMT
	VALUES ("6f54543f-2c14-40a6-acb5-c5e0941d33f5",
	"7911778a-1848-453c-8a53-9f05376e742e",
	"987277d2-e88b-47f2-af1a-d608da14f803",
	10,
	5,
	'sequence::solve line: 10');
INSERT INTO ACT_AI
	VALUES ("6f54543f-2c14-40a6-acb5-c5e0941d33f5",
	"ace7f231-3d3b-4771-a34a-a6829b445f7e",
	"df20319d-ce74-41ac-ab1d-f2ebea905672",
	0,
	0);
INSERT INTO ACT_SMT
	VALUES ("987277d2-e88b-47f2-af1a-d608da14f803",
	"7911778a-1848-453c-8a53-9f05376e742e",
	"260f96e7-cf0f-44c7-8e33-9b903acf8e45",
	12,
	5,
	'sequence::solve line: 12');
INSERT INTO ACT_FOR
	VALUES ("987277d2-e88b-47f2-af1a-d608da14f803",
	"9c98457c-c44e-45b7-bf56-c44537de69d9",
	1,
	"a22fad8d-0286-46fa-b389-f991cc5f1c47",
	"17810a0e-abeb-4654-b06d-1f290dffcc6d",
	"03ac2337-ce3a-497f-a3de-92a1101b2208");
INSERT INTO ACT_SMT
	VALUES ("260f96e7-cf0f-44c7-8e33-9b903acf8e45",
	"7911778a-1848-453c-8a53-9f05376e742e",
	"2f3d6109-17df-4b09-a123-118da55b3e6a",
	16,
	5,
	'sequence::solve line: 16');
INSERT INTO ACT_FIO
	VALUES ("260f96e7-cf0f-44c7-8e33-9b903acf8e45",
	"4057f118-70cd-4a0d-9cd6-d595bf1552b3",
	0,
	'many',
	"7dfbb9fe-d109-4356-a43c-8a02617ad46a",
	16,
	45);
INSERT INTO ACT_SMT
	VALUES ("2f3d6109-17df-4b09-a123-118da55b3e6a",
	"7911778a-1848-453c-8a53-9f05376e742e",
	"e60687c5-e33c-45d9-af77-d771e93d4c8a",
	17,
	5,
	'sequence::solve line: 17');
INSERT INTO ACT_AI
	VALUES ("2f3d6109-17df-4b09-a123-118da55b3e6a",
	"24c31770-af7f-48c0-ace1-baa91bd9ce33",
	"f99746b4-d047-4908-88ab-e261feba5786",
	0,
	0);
INSERT INTO ACT_SMT
	VALUES ("e60687c5-e33c-45d9-af77-d771e93d4c8a",
	"7911778a-1848-453c-8a53-9f05376e742e",
	"52e0fd64-ec35-4c0e-b2e0-cd44cab02cdd",
	19,
	5,
	'sequence::solve line: 19');
INSERT INTO ACT_IF
	VALUES ("e60687c5-e33c-45d9-af77-d771e93d4c8a",
	"6cb408df-0d42-4dbb-87fa-5fcf85fc3782",
	"dc5e9f1a-7f46-4c98-ab57-ee386c57562b",
	"00000000-0000-0000-0000-000000000000",
	"00000000-0000-0000-0000-000000000000");
INSERT INTO ACT_SMT
	VALUES ("52e0fd64-ec35-4c0e-b2e0-cd44cab02cdd",
	"7911778a-1848-453c-8a53-9f05376e742e",
	"00000000-0000-0000-0000-000000000000",
	23,
	5,
	'sequence::solve line: 23');
INSERT INTO ACT_AI
	VALUES ("52e0fd64-ec35-4c0e-b2e0-cd44cab02cdd",
	"7630163b-8b02-497f-8561-30072d20b148",
	"bff6f692-592f-4417-a79b-569610026041",
	0,
	0);
INSERT INTO V_VAL
	VALUES ("a5176d55-2b3e-4edf-9d66-f96fbcdf4a90",
	1,
	1,
	9,
	5,
	10,
	0,
	0,
	0,
	0,
	"811f1dd7-74f0-407e-b449-939d0de5ee8d",
	"7911778a-1848-453c-8a53-9f05376e742e");
INSERT INTO V_TVL
	VALUES ("a5176d55-2b3e-4edf-9d66-f96fbcdf4a90",
	"f22a79d2-9341-421d-8424-69e9c4bd557d");
INSERT INTO V_VAL
	VALUES ("fdf98dd9-ff56-4860-bc25-3d0e5b99465f",
	0,
	0,
	9,
	26,
	34,
	0,
	0,
	0,
	0,
	"bd7c827f-c0a0-4115-8268-33db6654fef9",
	"7911778a-1848-453c-8a53-9f05376e742e");
INSERT INTO V_ISR
	VALUES ("fdf98dd9-ff56-4860-bc25-3d0e5b99465f",
	"4057f118-70cd-4a0d-9cd6-d595bf1552b3");
INSERT INTO V_VAL
	VALUES ("b31c47ac-008f-48df-8281-8572f1e8f0ba",
	0,
	0,
	-1,
	-1,
	-1,
	0,
	0,
	0,
	0,
	"811f1dd7-74f0-407e-b449-939d0de5ee8d",
	"7911778a-1848-453c-8a53-9f05376e742e");
INSERT INTO V_UNY
	VALUES ("b31c47ac-008f-48df-8281-8572f1e8f0ba",
	"fdf98dd9-ff56-4860-bc25-3d0e5b99465f",
	'cardinality');
INSERT INTO V_VAL
	VALUES ("df20319d-ce74-41ac-ab1d-f2ebea905672",
	1,
	1,
	10,
	5,
	10,
	0,
	0,
	0,
	0,
	"811f1dd7-74f0-407e-b449-939d0de5ee8d",
	"7911778a-1848-453c-8a53-9f05376e742e");
INSERT INTO V_TVL
	VALUES ("df20319d-ce74-41ac-ab1d-f2ebea905672",
	"ebddad18-15f3-4630-82dd-c843b6a24a09");
INSERT INTO V_VAL
	VALUES ("ace7f231-3d3b-4771-a34a-a6829b445f7e",
	0,
	0,
	10,
	14,
	14,
	0,
	0,
	0,
	0,
	"811f1dd7-74f0-407e-b449-939d0de5ee8d",
	"7911778a-1848-453c-8a53-9f05376e742e");
INSERT INTO V_LIN
	VALUES ("ace7f231-3d3b-4771-a34a-a6829b445f7e",
	'0');
INSERT INTO V_VAL
	VALUES ("f99746b4-d047-4908-88ab-e261feba5786",
	1,
	0,
	17,
	5,
	10,
	0,
	0,
	0,
	0,
	"811f1dd7-74f0-407e-b449-939d0de5ee8d",
	"7911778a-1848-453c-8a53-9f05376e742e");
INSERT INTO V_TVL
	VALUES ("f99746b4-d047-4908-88ab-e261feba5786",
	"ebddad18-15f3-4630-82dd-c843b6a24a09");
INSERT INTO V_VAL
	VALUES ("8569855a-2969-4279-b1d9-2cf56bd7fdfa",
	0,
	0,
	17,
	26,
	34,
	0,
	0,
	0,
	0,
	"bd7c827f-c0a0-4115-8268-33db6654fef9",
	"7911778a-1848-453c-8a53-9f05376e742e");
INSERT INTO V_ISR
	VALUES ("8569855a-2969-4279-b1d9-2cf56bd7fdfa",
	"4057f118-70cd-4a0d-9cd6-d595bf1552b3");
INSERT INTO V_VAL
	VALUES ("24c31770-af7f-48c0-ace1-baa91bd9ce33",
	0,
	0,
	-1,
	-1,
	-1,
	0,
	0,
	0,
	0,
	"811f1dd7-74f0-407e-b449-939d0de5ee8d",
	"7911778a-1848-453c-8a53-9f05376e742e");
INSERT INTO V_UNY
	VALUES ("24c31770-af7f-48c0-ace1-baa91bd9ce33",
	"8569855a-2969-4279-b1d9-2cf56bd7fdfa",
	'cardinality');
INSERT INTO V_VAL
	VALUES ("cac1052f-234e-41e0-80ea-9268bfe58fe0",
	0,
	0,
	19,
	12,
	13,
	0,
	0,
	0,
	0,
	"811f1dd7-74f0-407e-b449-939d0de5ee8d",
	"7911778a-1848-453c-8a53-9f05376e742e");
INSERT INTO V_LIN
	VALUES ("cac1052f-234e-41e0-80ea-9268bfe58fe0",
	'81');
INSERT INTO V_VAL
	VALUES ("e47c8d42-a35c-42e5-903e-5937df95d92d",
	0,
	0,
	-1,
	-1,
	-1,
	0,
	0,
	0,
	0,
	"4e005777-df64-4279-9c02-400e239872b9",
	"7911778a-1848-453c-8a53-9f05376e742e");
INSERT INTO V_BIN
	VALUES ("e47c8d42-a35c-42e5-903e-5937df95d92d",
	"2a369bfe-f722-4746-bb33-0160a4e7b277",
	"cac1052f-234e-41e0-80ea-9268bfe58fe0",
	'==');
INSERT INTO V_VAL
	VALUES ("2a369bfe-f722-4746-bb33-0160a4e7b277",
	0,
	0,
	19,
	24,
	-1,
	0,
	0,
	0,
	0,
	"811f1dd7-74f0-407e-b449-939d0de5ee8d",
	"7911778a-1848-453c-8a53-9f05376e742e");
INSERT INTO V_TRV
	VALUES ("2a369bfe-f722-4746-bb33-0160a4e7b277",
	"e7682414-c9d4-490e-84ef-68b46fb9a8f1",
	"00000000-0000-0000-0000-000000000000",
	1,
	19,
	18);
INSERT INTO V_VAL
	VALUES ("e7823953-1b63-4f56-8fae-a1054ec2f940",
	0,
	0,
	19,
	39,
	44,
	0,
	0,
	0,
	0,
	"811f1dd7-74f0-407e-b449-939d0de5ee8d",
	"7911778a-1848-453c-8a53-9f05376e742e");
INSERT INTO V_TVL
	VALUES ("e7823953-1b63-4f56-8fae-a1054ec2f940",
	"f22a79d2-9341-421d-8424-69e9c4bd557d");
INSERT INTO V_VAL
	VALUES ("9128102b-9052-4b5b-8a70-eaf755ca650b",
	0,
	0,
	-1,
	-1,
	-1,
	0,
	0,
	0,
	0,
	"4e005777-df64-4279-9c02-400e239872b9",
	"7911778a-1848-453c-8a53-9f05376e742e");
INSERT INTO V_BIN
	VALUES ("9128102b-9052-4b5b-8a70-eaf755ca650b",
	"be27f90f-d51e-404f-87cd-46f7eb436bb9",
	"e7823953-1b63-4f56-8fae-a1054ec2f940",
	'==');
INSERT INTO V_VAL
	VALUES ("be27f90f-d51e-404f-87cd-46f7eb436bb9",
	0,
	0,
	19,
	49,
	54,
	0,
	0,
	0,
	0,
	"811f1dd7-74f0-407e-b449-939d0de5ee8d",
	"7911778a-1848-453c-8a53-9f05376e742e");
INSERT INTO V_TVL
	VALUES ("be27f90f-d51e-404f-87cd-46f7eb436bb9",
	"ebddad18-15f3-4630-82dd-c843b6a24a09");
INSERT INTO V_VAL
	VALUES ("dc5e9f1a-7f46-4c98-ab57-ee386c57562b",
	0,
	0,
	-1,
	-1,
	-1,
	0,
	0,
	0,
	0,
	"4e005777-df64-4279-9c02-400e239872b9",
	"7911778a-1848-453c-8a53-9f05376e742e");
INSERT INTO V_BIN
	VALUES ("dc5e9f1a-7f46-4c98-ab57-ee386c57562b",
	"9128102b-9052-4b5b-8a70-eaf755ca650b",
	"e47c8d42-a35c-42e5-903e-5937df95d92d",
	'or');
INSERT INTO V_VAL
	VALUES ("bff6f692-592f-4417-a79b-569610026041",
	1,
	0,
	23,
	5,
	5,
	0,
	0,
	0,
	0,
	"811f1dd7-74f0-407e-b449-939d0de5ee8d",
	"7911778a-1848-453c-8a53-9f05376e742e");
INSERT INTO V_TVL
	VALUES ("bff6f692-592f-4417-a79b-569610026041",
	"401347fb-0bce-4851-9b82-bb811c01ff94");
INSERT INTO V_VAL
	VALUES ("a9e91e9d-dd0b-4329-bf3c-9a940fa10143",
	0,
	0,
	23,
	9,
	9,
	0,
	0,
	0,
	0,
	"811f1dd7-74f0-407e-b449-939d0de5ee8d",
	"7911778a-1848-453c-8a53-9f05376e742e");
INSERT INTO V_TVL
	VALUES ("a9e91e9d-dd0b-4329-bf3c-9a940fa10143",
	"401347fb-0bce-4851-9b82-bb811c01ff94");
INSERT INTO V_VAL
	VALUES ("7630163b-8b02-497f-8561-30072d20b148",
	0,
	0,
	-1,
	-1,
	-1,
	0,
	0,
	0,
	0,
	"811f1dd7-74f0-407e-b449-939d0de5ee8d",
	"7911778a-1848-453c-8a53-9f05376e742e");
INSERT INTO V_BIN
	VALUES ("7630163b-8b02-497f-8561-30072d20b148",
	"a3890263-0075-44ef-b020-c8cbed156e77",
	"a9e91e9d-dd0b-4329-bf3c-9a940fa10143",
	'+');
INSERT INTO V_VAL
	VALUES ("a3890263-0075-44ef-b020-c8cbed156e77",
	0,
	0,
	23,
	13,
	13,
	0,
	0,
	0,
	0,
	"811f1dd7-74f0-407e-b449-939d0de5ee8d",
	"7911778a-1848-453c-8a53-9f05376e742e");
INSERT INTO V_LIN
	VALUES ("a3890263-0075-44ef-b020-c8cbed156e77",
	'1');
INSERT INTO V_VAR
	VALUES ("4057f118-70cd-4a0d-9cd6-d595bf1552b3",
	"7911778a-1848-453c-8a53-9f05376e742e",
	'eligibles',
	1,
	"bd7c827f-c0a0-4115-8268-33db6654fef9");
INSERT INTO V_INS
	VALUES ("4057f118-70cd-4a0d-9cd6-d595bf1552b3",
	"7dfbb9fe-d109-4356-a43c-8a02617ad46a");
INSERT INTO V_LOC
	VALUES ("553c4db7-02aa-42b7-a4c1-c05fe21048c1",
	8,
	17,
	25,
	"4057f118-70cd-4a0d-9cd6-d595bf1552b3");
INSERT INTO V_LOC
	VALUES ("6fb7d02f-db57-4a06-8cf6-cde3053bd666",
	16,
	17,
	25,
	"4057f118-70cd-4a0d-9cd6-d595bf1552b3");
INSERT INTO V_VAR
	VALUES ("f22a79d2-9341-421d-8424-69e9c4bd557d",
	"7911778a-1848-453c-8a53-9f05376e742e",
	'count1',
	1,
	"811f1dd7-74f0-407e-b449-939d0de5ee8d");
INSERT INTO V_TRN
	VALUES ("f22a79d2-9341-421d-8424-69e9c4bd557d",
	"00000000-0000-0000-0000-000000000000",
	'');
INSERT INTO V_LOC
	VALUES ("f92527c4-d9ef-461a-8dd0-074c47c0b5f3",
	9,
	5,
	10,
	"f22a79d2-9341-421d-8424-69e9c4bd557d");
INSERT INTO V_LOC
	VALUES ("fa4d0733-a801-462b-bf66-5fb3ec60c5ab",
	19,
	39,
	44,
	"f22a79d2-9341-421d-8424-69e9c4bd557d");
INSERT INTO V_VAR
	VALUES ("ebddad18-15f3-4630-82dd-c843b6a24a09",
	"7911778a-1848-453c-8a53-9f05376e742e",
	'count2',
	1,
	"811f1dd7-74f0-407e-b449-939d0de5ee8d");
INSERT INTO V_TRN
	VALUES ("ebddad18-15f3-4630-82dd-c843b6a24a09",
	"00000000-0000-0000-0000-000000000000",
	'');
INSERT INTO V_LOC
	VALUES ("81db6c59-1e8d-4fee-9e40-6a4a27f5d1cc",
	10,
	5,
	10,
	"ebddad18-15f3-4630-82dd-c843b6a24a09");
INSERT INTO V_LOC
	VALUES ("5f80562f-7d42-4242-b779-66a74e683bcc",
	17,
	5,
	10,
	"ebddad18-15f3-4630-82dd-c843b6a24a09");
INSERT INTO V_LOC
	VALUES ("1aecc17e-351e-4cf0-b5c1-2caaccfc071f",
	19,
	49,
	54,
	"ebddad18-15f3-4630-82dd-c843b6a24a09");
INSERT INTO V_VAR
	VALUES ("a22fad8d-0286-46fa-b389-f991cc5f1c47",
	"7911778a-1848-453c-8a53-9f05376e742e",
	'sequence',
	1,
	"1a2907d2-496f-482d-ba4d-df818f73d6fa");
INSERT INTO V_INT
	VALUES ("a22fad8d-0286-46fa-b389-f991cc5f1c47",
	1,
	"03ac2337-ce3a-497f-a3de-92a1101b2208");
INSERT INTO V_LOC
	VALUES ("8398e674-26ab-4c74-bf3d-5184f6328aca",
	12,
	14,
	21,
	"a22fad8d-0286-46fa-b389-f991cc5f1c47");
INSERT INTO V_LOC
	VALUES ("e56a7036-19ae-45e3-bb1e-eada8284e35d",
	13,
	11,
	18,
	"a22fad8d-0286-46fa-b389-f991cc5f1c47");
INSERT INTO ACT_BLK
	VALUES ("9c98457c-c44e-45b7-bf56-c44537de69d9",
	0,
	0,
	0,
	'',
	'',
	'',
	13,
	7,
	0,
	0,
	0,
	0,
	0,
	0,
	0,
	0,
	0,
	0,
	0,
	"56ceccec-f341-4d3f-9379-7c9cc9ba38ac",
	"00000000-0000-0000-0000-000000000000");
INSERT INTO ACT_SMT
	VALUES ("a0edf25b-78eb-4142-8043-4c6d9b60dfad",
	"9c98457c-c44e-45b7-bf56-c44537de69d9",
	"00000000-0000-0000-0000-000000000000",
	13,
	7,
	'sequence::solve line: 13');
INSERT INTO ACT_AI
	VALUES ("a0edf25b-78eb-4142-8043-4c6d9b60dfad",
	"5b5fe171-6cda-442c-8caa-c800550426c9",
	"baaee02b-f486-4f66-ad83-5eec0f8a4d8e",
	0,
	0);
INSERT INTO V_VAL
	VALUES ("baaee02b-f486-4f66-ad83-5eec0f8a4d8e",
	1,
	1,
	13,
	7,
	7,
	0,
	0,
	0,
	0,
	"811f1dd7-74f0-407e-b449-939d0de5ee8d",
	"9c98457c-c44e-45b7-bf56-c44537de69d9");
INSERT INTO V_TVL
	VALUES ("baaee02b-f486-4f66-ad83-5eec0f8a4d8e",
	"7c9e5024-fa8e-4630-9a0f-a89e15ca4efd");
INSERT INTO V_VAL
	VALUES ("5b5fe171-6cda-442c-8caa-c800550426c9",
	0,
	0,
	13,
	20,
	-1,
	0,
	0,
	0,
	0,
	"811f1dd7-74f0-407e-b449-939d0de5ee8d",
	"9c98457c-c44e-45b7-bf56-c44537de69d9");
INSERT INTO V_TRV
	VALUES ("5b5fe171-6cda-442c-8caa-c800550426c9",
	"2f879600-423d-4941-b679-354b28367a87",
	"a22fad8d-0286-46fa-b389-f991cc5f1c47",
	1,
	0,
	0);
INSERT INTO V_VAR
	VALUES ("7c9e5024-fa8e-4630-9a0f-a89e15ca4efd",
	"9c98457c-c44e-45b7-bf56-c44537de69d9",
	'k',
	1,
	"811f1dd7-74f0-407e-b449-939d0de5ee8d");
INSERT INTO V_TRN
	VALUES ("7c9e5024-fa8e-4630-9a0f-a89e15ca4efd",
	"00000000-0000-0000-0000-000000000000",
	'');
INSERT INTO V_LOC
	VALUES ("017f202d-c34d-414f-b81c-189d3e66ceb7",
	13,
	7,
	7,
	"7c9e5024-fa8e-4630-9a0f-a89e15ca4efd");
INSERT INTO ACT_BLK
	VALUES ("6cb408df-0d42-4dbb-87fa-5fcf85fc3782",
	0,
	0,
	0,
	'',
	'',
	'',
	20,
	7,
	0,
	0,
	0,
	0,
	0,
	0,
	0,
	0,
	0,
	0,
	0,
	"56ceccec-f341-4d3f-9379-7c9cc9ba38ac",
	"00000000-0000-0000-0000-000000000000");
INSERT INTO ACT_SMT
	VALUES ("36c67c62-db53-433d-99ee-0999017672b2",
	"6cb408df-0d42-4dbb-87fa-5fcf85fc3782",
	"00000000-0000-0000-0000-000000000000",
	20,
	7,
	'sequence::solve line: 20');
INSERT INTO ACT_BRK
	VALUES ("36c67c62-db53-433d-99ee-0999017672b2");
INSERT INTO ACT_BLK
	VALUES ("c2048a63-9482-4872-ab37-d3bfdb559541",
	0,
	0,
	0,
	'',
	'',
	'',
	27,
	5,
	0,
	0,
	0,
	0,
	0,
	0,
	0,
	0,
	0,
	0,
	0,
	"56ceccec-f341-4d3f-9379-7c9cc9ba38ac",
	"00000000-0000-0000-0000-000000000000");
INSERT INTO ACT_SMT
	VALUES ("7ae5121f-0010-46a7-840e-7fd79607ba8a",
	"c2048a63-9482-4872-ab37-d3bfdb559541",
	"00000000-0000-0000-0000-000000000000",
	27,
	5,
	'sequence::solve line: 27');
INSERT INTO ACT_AI
	VALUES ("7ae5121f-0010-46a7-840e-7fd79607ba8a",
	"05d7d1a0-6b89-4468-b3bd-d10d76292332",
	"2f3bd51b-2c3f-4301-8358-7d4030d60989",
	0,
	0);
INSERT INTO V_VAL
	VALUES ("2f3bd51b-2c3f-4301-8358-7d4030d60989",
	1,
	1,
	27,
	5,
	5,
	0,
	0,
	0,
	0,
	"811f1dd7-74f0-407e-b449-939d0de5ee8d",
	"c2048a63-9482-4872-ab37-d3bfdb559541");
INSERT INTO V_TVL
	VALUES ("2f3bd51b-2c3f-4301-8358-7d4030d60989",
	"ba253732-1911-4ae6-8e3c-1df7181861ff");
INSERT INTO V_VAL
	VALUES ("05d7d1a0-6b89-4468-b3bd-d10d76292332",
	0,
	0,
	27,
	18,
	-1,
	0,
	0,
	0,
	0,
	"811f1dd7-74f0-407e-b449-939d0de5ee8d",
	"c2048a63-9482-4872-ab37-d3bfdb559541");
INSERT INTO V_TRV
	VALUES ("05d7d1a0-6b89-4468-b3bd-d10d76292332",
	"988ea75b-996b-4e63-bf03-9c9766e885a8",
	"800b0b06-ee79-40e7-9831-6ed5253a245e",
	1,
	0,
	0);
INSERT INTO V_VAR
	VALUES ("ba253732-1911-4ae6-8e3c-1df7181861ff",
	"c2048a63-9482-4872-ab37-d3bfdb559541",
	'k',
	1,
	"811f1dd7-74f0-407e-b449-939d0de5ee8d");
INSERT INTO V_TRN
	VALUES ("ba253732-1911-4ae6-8e3c-1df7181861ff",
	"00000000-0000-0000-0000-000000000000",
	'');
INSERT INTO V_LOC
	VALUES ("28289b9f-886c-42dc-adc9-aac63bb43872",
	27,
	5,
	5,
	"ba253732-1911-4ae6-8e3c-1df7181861ff");
INSERT INTO ACT_BLK
	VALUES ("ebb3379b-01fd-41a0-8208-a93030320045",
	0,
	0,
	0,
	'',
	'',
	'',
	31,
	5,
	0,
	0,
	0,
	0,
	0,
	0,
	0,
	0,
	0,
	0,
	0,
	"56ceccec-f341-4d3f-9379-7c9cc9ba38ac",
	"00000000-0000-0000-0000-000000000000");
INSERT INTO ACT_SMT
	VALUES ("219a3e88-0545-411e-a744-5632344da1e2",
	"ebb3379b-01fd-41a0-8208-a93030320045",
	"00000000-0000-0000-0000-000000000000",
	31,
	5,
	'sequence::solve line: 31');
INSERT INTO ACT_BRK
	VALUES ("219a3e88-0545-411e-a744-5632344da1e2");
INSERT INTO O_TFR
	VALUES ("988ea75b-996b-4e63-bf03-9c9766e885a8",
	"03ac2337-ce3a-497f-a3de-92a1101b2208",
	'solve_by_elimination',
	'',
	"811f1dd7-74f0-407e-b449-939d0de5ee8d",
	1,
	'temperature = 0;
select one row related by self->ROW[R1];
if ( not_empty row )
  temperature = row.eliminate();
else
  select one column related by self->COLUMN[R1];
  if ( not_empty column )
    temperature = column.eliminate();
  else
    select one box related by self->BOX[R1];
    if ( not_empty box )
      temperature = box.eliminate();
    else
      LOG::LogFailure( message:"could not eliminate related sequence" );
    end if;
  end if;
end if;
return temperature;

',
	1,
	'',
	"a76fd039-37b9-41cc-9e9a-ea4943cde168");
INSERT INTO ACT_OPB
	VALUES ("c4c2e498-3483-4176-94a4-b83a7b17e4e1",
	"988ea75b-996b-4e63-bf03-9c9766e885a8");
INSERT INTO ACT_ACT
	VALUES ("c4c2e498-3483-4176-94a4-b83a7b17e4e1",
	'operation',
	0,
	"77904049-d2a4-4780-9699-9c5a7a75cbe9",
	"00000000-0000-0000-0000-000000000000",
	0,
	'sequence::solve_by_elimination',
	"00000000-0000-0000-0000-000000000000");
INSERT INTO ACT_BLK
	VALUES ("77904049-d2a4-4780-9699-9c5a7a75cbe9",
	1,
	0,
	0,
	'',
	'',
	'',
	18,
	1,
	2,
	33,
	0,
	0,
	2,
	37,
	0,
	0,
	0,
	0,
	0,
	"c4c2e498-3483-4176-94a4-b83a7b17e4e1",
	"00000000-0000-0000-0000-000000000000");
INSERT INTO ACT_SMT
	VALUES ("95e2ae8b-4f03-49c4-a35f-830ed879c5f6",
	"77904049-d2a4-4780-9699-9c5a7a75cbe9",
	"3ede0c96-ca17-4a83-a1ea-bd96f7a57782",
	1,
	1,
	'sequence::solve_by_elimination line: 1');
INSERT INTO ACT_AI
	VALUES ("95e2ae8b-4f03-49c4-a35f-830ed879c5f6",
	"dbc30633-8acd-4d7e-9ffc-7f0d409ea562",
	"8c0f47e7-2088-4c18-b559-b8b2533880bb",
	0,
	0);
INSERT INTO ACT_SMT
	VALUES ("3ede0c96-ca17-4a83-a1ea-bd96f7a57782",
	"77904049-d2a4-4780-9699-9c5a7a75cbe9",
	"8475749c-fc73-4b28-9135-9b05b78ca696",
	2,
	1,
	'sequence::solve_by_elimination line: 2');
INSERT INTO ACT_SEL
	VALUES ("3ede0c96-ca17-4a83-a1ea-bd96f7a57782",
	"e97c7100-63ab-4bda-9d98-5639b7537679",
	1,
	'one',
	"527e3652-05bf-47bf-bb2d-6582fbde0aa5");
INSERT INTO ACT_SR
	VALUES ("3ede0c96-ca17-4a83-a1ea-bd96f7a57782");
INSERT INTO ACT_LNK
	VALUES ("a6011520-5a54-4202-9030-fce9cfddb3a3",
	'',
	"3ede0c96-ca17-4a83-a1ea-bd96f7a57782",
	"8894c5f7-bffa-4974-ac54-7678f0a478b0",
	"00000000-0000-0000-0000-000000000000",
	2,
	"56c54c26-d9b7-409a-83b7-4c701cc02c0e",
	2,
	33,
	2,
	37,
	0,
	0);
INSERT INTO ACT_SMT
	VALUES ("8475749c-fc73-4b28-9135-9b05b78ca696",
	"77904049-d2a4-4780-9699-9c5a7a75cbe9",
	"1019422f-82f0-4b23-9f01-215e13627cee",
	3,
	1,
	'sequence::solve_by_elimination line: 3');
INSERT INTO ACT_IF
	VALUES ("8475749c-fc73-4b28-9135-9b05b78ca696",
	"b5e1ec1c-13c9-4cff-961b-9a63d9eacff7",
	"7ed1ba26-def6-4b28-b1c0-3a2d247a612d",
	"00000000-0000-0000-0000-000000000000",
	"00000000-0000-0000-0000-000000000000");
INSERT INTO ACT_SMT
	VALUES ("244c0bf9-ab92-4fd6-9a60-55e1127da12b",
	"77904049-d2a4-4780-9699-9c5a7a75cbe9",
	"00000000-0000-0000-0000-000000000000",
	5,
	1,
	'sequence::solve_by_elimination line: 5');
INSERT INTO ACT_E
	VALUES ("244c0bf9-ab92-4fd6-9a60-55e1127da12b",
	"47fabdb1-5a76-4bc9-be56-2814e4f0d555",
	"8475749c-fc73-4b28-9135-9b05b78ca696");
INSERT INTO ACT_SMT
	VALUES ("1019422f-82f0-4b23-9f01-215e13627cee",
	"77904049-d2a4-4780-9699-9c5a7a75cbe9",
	"00000000-0000-0000-0000-000000000000",
	18,
	1,
	'sequence::solve_by_elimination line: 18');
INSERT INTO ACT_RET
	VALUES ("1019422f-82f0-4b23-9f01-215e13627cee",
	"e12495b0-bf20-45cd-ab94-9a125fa51441");
INSERT INTO V_VAL
	VALUES ("8c0f47e7-2088-4c18-b559-b8b2533880bb",
	1,
	1,
	1,
	1,
	11,
	0,
	0,
	0,
	0,
	"811f1dd7-74f0-407e-b449-939d0de5ee8d",
	"77904049-d2a4-4780-9699-9c5a7a75cbe9");
INSERT INTO V_TVL
	VALUES ("8c0f47e7-2088-4c18-b559-b8b2533880bb",
	"1ea7fe54-9a86-4c42-90e5-e08aba10e8bf");
INSERT INTO V_VAL
	VALUES ("dbc30633-8acd-4d7e-9ffc-7f0d409ea562",
	0,
	0,
	1,
	15,
	15,
	0,
	0,
	0,
	0,
	"811f1dd7-74f0-407e-b449-939d0de5ee8d",
	"77904049-d2a4-4780-9699-9c5a7a75cbe9");
INSERT INTO V_LIN
	VALUES ("dbc30633-8acd-4d7e-9ffc-7f0d409ea562",
	'0');
INSERT INTO V_VAL
	VALUES ("527e3652-05bf-47bf-bb2d-6582fbde0aa5",
	0,
	0,
	2,
	27,
	30,
	0,
	0,
	0,
	0,
	"1a2907d2-496f-482d-ba4d-df818f73d6fa",
	"77904049-d2a4-4780-9699-9c5a7a75cbe9");
INSERT INTO V_IRF
	VALUES ("527e3652-05bf-47bf-bb2d-6582fbde0aa5",
	"33b16a85-3d0f-4888-9640-3501b423460b");
INSERT INTO V_VAL
	VALUES ("056b832f-a8d1-4701-95e9-5044d65a1914",
	0,
	0,
	3,
	16,
	18,
	0,
	0,
	0,
	0,
	"1a2907d2-496f-482d-ba4d-df818f73d6fa",
	"77904049-d2a4-4780-9699-9c5a7a75cbe9");
INSERT INTO V_IRF
	VALUES ("056b832f-a8d1-4701-95e9-5044d65a1914",
	"e97c7100-63ab-4bda-9d98-5639b7537679");
INSERT INTO V_VAL
	VALUES ("7ed1ba26-def6-4b28-b1c0-3a2d247a612d",
	0,
	0,
	-1,
	-1,
	-1,
	0,
	0,
	0,
	0,
	"4e005777-df64-4279-9c02-400e239872b9",
	"77904049-d2a4-4780-9699-9c5a7a75cbe9");
INSERT INTO V_UNY
	VALUES ("7ed1ba26-def6-4b28-b1c0-3a2d247a612d",
	"056b832f-a8d1-4701-95e9-5044d65a1914",
	'not_empty');
INSERT INTO V_VAL
	VALUES ("e12495b0-bf20-45cd-ab94-9a125fa51441",
	0,
	0,
	18,
	8,
	18,
	0,
	0,
	0,
	0,
	"811f1dd7-74f0-407e-b449-939d0de5ee8d",
	"77904049-d2a4-4780-9699-9c5a7a75cbe9");
INSERT INTO V_TVL
	VALUES ("e12495b0-bf20-45cd-ab94-9a125fa51441",
	"1ea7fe54-9a86-4c42-90e5-e08aba10e8bf");
INSERT INTO V_VAR
	VALUES ("1ea7fe54-9a86-4c42-90e5-e08aba10e8bf",
	"77904049-d2a4-4780-9699-9c5a7a75cbe9",
	'temperature',
	1,
	"811f1dd7-74f0-407e-b449-939d0de5ee8d");
INSERT INTO V_TRN
	VALUES ("1ea7fe54-9a86-4c42-90e5-e08aba10e8bf",
	"00000000-0000-0000-0000-000000000000",
	'');
INSERT INTO V_LOC
	VALUES ("20da2057-ec71-4e4d-844f-dae2d6e2468a",
	1,
	1,
	11,
	"1ea7fe54-9a86-4c42-90e5-e08aba10e8bf");
INSERT INTO V_LOC
	VALUES ("0dd344fc-d80d-4971-8ad4-7fd33603860f",
	4,
	3,
	13,
	"1ea7fe54-9a86-4c42-90e5-e08aba10e8bf");
INSERT INTO V_LOC
	VALUES ("79ae078c-5c11-454a-84e1-b9d6913d3217",
	8,
	5,
	15,
	"1ea7fe54-9a86-4c42-90e5-e08aba10e8bf");
INSERT INTO V_LOC
	VALUES ("efcf3e5d-3b57-4107-b79a-5b4c99468d65",
	12,
	7,
	17,
	"1ea7fe54-9a86-4c42-90e5-e08aba10e8bf");
INSERT INTO V_LOC
	VALUES ("27aa60b4-67e2-480d-bc4e-0ec0acb6b302",
	18,
	8,
	18,
	"1ea7fe54-9a86-4c42-90e5-e08aba10e8bf");
INSERT INTO V_VAR
	VALUES ("e97c7100-63ab-4bda-9d98-5639b7537679",
	"77904049-d2a4-4780-9699-9c5a7a75cbe9",
	'row',
	1,
	"1a2907d2-496f-482d-ba4d-df818f73d6fa");
INSERT INTO V_INT
	VALUES ("e97c7100-63ab-4bda-9d98-5639b7537679",
	0,
	"56c54c26-d9b7-409a-83b7-4c701cc02c0e");
INSERT INTO V_LOC
	VALUES ("0016dd78-c1af-4063-85ae-8935bc4535c3",
	2,
	12,
	14,
	"e97c7100-63ab-4bda-9d98-5639b7537679");
INSERT INTO V_LOC
	VALUES ("0d6395ff-3266-4d3c-b973-059426c23d0c",
	4,
	17,
	19,
	"e97c7100-63ab-4bda-9d98-5639b7537679");
INSERT INTO V_VAR
	VALUES ("33b16a85-3d0f-4888-9640-3501b423460b",
	"77904049-d2a4-4780-9699-9c5a7a75cbe9",
	'self',
	1,
	"1a2907d2-496f-482d-ba4d-df818f73d6fa");
INSERT INTO V_INT
	VALUES ("33b16a85-3d0f-4888-9640-3501b423460b",
	0,
	"03ac2337-ce3a-497f-a3de-92a1101b2208");
INSERT INTO ACT_BLK
	VALUES ("b5e1ec1c-13c9-4cff-961b-9a63d9eacff7",
	0,
	0,
	0,
	'',
	'',
	'',
	4,
	3,
	0,
	0,
	0,
	0,
	0,
	0,
	0,
	0,
	0,
	0,
	0,
	"c4c2e498-3483-4176-94a4-b83a7b17e4e1",
	"00000000-0000-0000-0000-000000000000");
INSERT INTO ACT_SMT
	VALUES ("14d456ca-7922-4165-9861-1a7e845488f0",
	"b5e1ec1c-13c9-4cff-961b-9a63d9eacff7",
	"00000000-0000-0000-0000-000000000000",
	4,
	3,
	'sequence::solve_by_elimination line: 4');
INSERT INTO ACT_AI
	VALUES ("14d456ca-7922-4165-9861-1a7e845488f0",
	"525f9ebf-256f-4a4c-be39-1cc740e1222e",
	"abcd3d41-5876-41ba-8e8c-4b7fd9b876f4",
	0,
	0);
INSERT INTO V_VAL
	VALUES ("abcd3d41-5876-41ba-8e8c-4b7fd9b876f4",
	1,
	0,
	4,
	3,
	13,
	0,
	0,
	0,
	0,
	"811f1dd7-74f0-407e-b449-939d0de5ee8d",
	"b5e1ec1c-13c9-4cff-961b-9a63d9eacff7");
INSERT INTO V_TVL
	VALUES ("abcd3d41-5876-41ba-8e8c-4b7fd9b876f4",
	"1ea7fe54-9a86-4c42-90e5-e08aba10e8bf");
INSERT INTO V_VAL
	VALUES ("525f9ebf-256f-4a4c-be39-1cc740e1222e",
	0,
	0,
	4,
	21,
	-1,
	0,
	0,
	0,
	0,
	"811f1dd7-74f0-407e-b449-939d0de5ee8d",
	"b5e1ec1c-13c9-4cff-961b-9a63d9eacff7");
INSERT INTO V_TRV
	VALUES ("525f9ebf-256f-4a4c-be39-1cc740e1222e",
	"a96f5d87-216f-4cae-a278-9bd89e071d22",
	"e97c7100-63ab-4bda-9d98-5639b7537679",
	1,
	0,
	0);
INSERT INTO ACT_BLK
	VALUES ("47fabdb1-5a76-4bc9-be56-2814e4f0d555",
	1,
	0,
	0,
	'',
	'',
	'',
	9,
	3,
	6,
	38,
	0,
	0,
	6,
	45,
	0,
	0,
	0,
	0,
	0,
	"c4c2e498-3483-4176-94a4-b83a7b17e4e1",
	"00000000-0000-0000-0000-000000000000");
INSERT INTO ACT_SMT
	VALUES ("fee1b9a9-df50-42a9-a070-535e01c4857e",
	"47fabdb1-5a76-4bc9-be56-2814e4f0d555",
	"5eb57a3c-1827-49a7-9296-4bb8cf9d044a",
	6,
	3,
	'sequence::solve_by_elimination line: 6');
INSERT INTO ACT_SEL
	VALUES ("fee1b9a9-df50-42a9-a070-535e01c4857e",
	"c775b39d-fa9c-49a6-87d2-a9b7300254cc",
	1,
	'one',
	"608893de-5a57-443a-a8f4-92e7011eb85e");
INSERT INTO ACT_SR
	VALUES ("fee1b9a9-df50-42a9-a070-535e01c4857e");
INSERT INTO ACT_LNK
	VALUES ("5d86b164-45fa-4ea2-ac76-3f5579428d0a",
	'',
	"fee1b9a9-df50-42a9-a070-535e01c4857e",
	"8894c5f7-bffa-4974-ac54-7678f0a478b0",
	"00000000-0000-0000-0000-000000000000",
	2,
	"b7d2c815-d54e-475a-819c-5d9e6dbc66d5",
	6,
	38,
	6,
	45,
	0,
	0);
INSERT INTO ACT_SMT
	VALUES ("5eb57a3c-1827-49a7-9296-4bb8cf9d044a",
	"47fabdb1-5a76-4bc9-be56-2814e4f0d555",
	"00000000-0000-0000-0000-000000000000",
	7,
	3,
	'sequence::solve_by_elimination line: 7');
INSERT INTO ACT_IF
	VALUES ("5eb57a3c-1827-49a7-9296-4bb8cf9d044a",
	"64be2e53-587d-4d49-a87d-0cfaafd636a6",
	"f8fd4802-c0d8-4352-8686-7b0b4345d421",
	"00000000-0000-0000-0000-000000000000",
	"00000000-0000-0000-0000-000000000000");
INSERT INTO ACT_SMT
	VALUES ("684afd1f-e818-44cf-bc08-7273be594729",
	"47fabdb1-5a76-4bc9-be56-2814e4f0d555",
	"00000000-0000-0000-0000-000000000000",
	9,
	3,
	'sequence::solve_by_elimination line: 9');
INSERT INTO ACT_E
	VALUES ("684afd1f-e818-44cf-bc08-7273be594729",
	"4f2d36e6-b324-4fd0-8099-2b5927758091",
	"5eb57a3c-1827-49a7-9296-4bb8cf9d044a");
INSERT INTO V_VAL
	VALUES ("608893de-5a57-443a-a8f4-92e7011eb85e",
	0,
	0,
	6,
	32,
	35,
	0,
	0,
	0,
	0,
	"1a2907d2-496f-482d-ba4d-df818f73d6fa",
	"47fabdb1-5a76-4bc9-be56-2814e4f0d555");
INSERT INTO V_IRF
	VALUES ("608893de-5a57-443a-a8f4-92e7011eb85e",
	"33b16a85-3d0f-4888-9640-3501b423460b");
INSERT INTO V_VAL
	VALUES ("4f3c37f6-2d35-42ce-9810-8ca303c51dbd",
	0,
	0,
	7,
	18,
	23,
	0,
	0,
	0,
	0,
	"1a2907d2-496f-482d-ba4d-df818f73d6fa",
	"47fabdb1-5a76-4bc9-be56-2814e4f0d555");
INSERT INTO V_IRF
	VALUES ("4f3c37f6-2d35-42ce-9810-8ca303c51dbd",
	"c775b39d-fa9c-49a6-87d2-a9b7300254cc");
INSERT INTO V_VAL
	VALUES ("f8fd4802-c0d8-4352-8686-7b0b4345d421",
	0,
	0,
	-1,
	-1,
	-1,
	0,
	0,
	0,
	0,
	"4e005777-df64-4279-9c02-400e239872b9",
	"47fabdb1-5a76-4bc9-be56-2814e4f0d555");
INSERT INTO V_UNY
	VALUES ("f8fd4802-c0d8-4352-8686-7b0b4345d421",
	"4f3c37f6-2d35-42ce-9810-8ca303c51dbd",
	'not_empty');
INSERT INTO V_VAR
	VALUES ("c775b39d-fa9c-49a6-87d2-a9b7300254cc",
	"47fabdb1-5a76-4bc9-be56-2814e4f0d555",
	'column',
	1,
	"1a2907d2-496f-482d-ba4d-df818f73d6fa");
INSERT INTO V_INT
	VALUES ("c775b39d-fa9c-49a6-87d2-a9b7300254cc",
	0,
	"b7d2c815-d54e-475a-819c-5d9e6dbc66d5");
INSERT INTO V_LOC
	VALUES ("cdc7b5fd-cb45-4630-81d2-48dd63ba57fe",
	6,
	14,
	19,
	"c775b39d-fa9c-49a6-87d2-a9b7300254cc");
INSERT INTO V_LOC
	VALUES ("e4f12bd7-e011-4ba6-943d-c214f5771969",
	8,
	19,
	24,
	"c775b39d-fa9c-49a6-87d2-a9b7300254cc");
INSERT INTO ACT_BLK
	VALUES ("64be2e53-587d-4d49-a87d-0cfaafd636a6",
	0,
	0,
	0,
	'',
	'',
	'',
	8,
	5,
	0,
	0,
	0,
	0,
	0,
	0,
	0,
	0,
	0,
	0,
	0,
	"c4c2e498-3483-4176-94a4-b83a7b17e4e1",
	"00000000-0000-0000-0000-000000000000");
INSERT INTO ACT_SMT
	VALUES ("e551718d-df45-4015-88fa-40cdd66a8057",
	"64be2e53-587d-4d49-a87d-0cfaafd636a6",
	"00000000-0000-0000-0000-000000000000",
	8,
	5,
	'sequence::solve_by_elimination line: 8');
INSERT INTO ACT_AI
	VALUES ("e551718d-df45-4015-88fa-40cdd66a8057",
	"465088a5-5296-4535-8097-e2b2f1a0d60d",
	"71dd5850-6a63-4fdc-8f16-2ff126787691",
	0,
	0);
INSERT INTO V_VAL
	VALUES ("71dd5850-6a63-4fdc-8f16-2ff126787691",
	1,
	0,
	8,
	5,
	15,
	0,
	0,
	0,
	0,
	"811f1dd7-74f0-407e-b449-939d0de5ee8d",
	"64be2e53-587d-4d49-a87d-0cfaafd636a6");
INSERT INTO V_TVL
	VALUES ("71dd5850-6a63-4fdc-8f16-2ff126787691",
	"1ea7fe54-9a86-4c42-90e5-e08aba10e8bf");
INSERT INTO V_VAL
	VALUES ("465088a5-5296-4535-8097-e2b2f1a0d60d",
	0,
	0,
	8,
	26,
	-1,
	0,
	0,
	0,
	0,
	"811f1dd7-74f0-407e-b449-939d0de5ee8d",
	"64be2e53-587d-4d49-a87d-0cfaafd636a6");
INSERT INTO V_TRV
	VALUES ("465088a5-5296-4535-8097-e2b2f1a0d60d",
	"3bc8ba55-c728-4dd2-9472-84165cae4da9",
	"c775b39d-fa9c-49a6-87d2-a9b7300254cc",
	1,
	0,
	0);
INSERT INTO ACT_BLK
	VALUES ("4f2d36e6-b324-4fd0-8099-2b5927758091",
	1,
	0,
	0,
	'',
	'',
	'',
	13,
	5,
	10,
	37,
	0,
	0,
	10,
	41,
	0,
	0,
	0,
	0,
	0,
	"c4c2e498-3483-4176-94a4-b83a7b17e4e1",
	"00000000-0000-0000-0000-000000000000");
INSERT INTO ACT_SMT
	VALUES ("0d40270b-5371-4cc9-b2c3-7f61f1c22050",
	"4f2d36e6-b324-4fd0-8099-2b5927758091",
	"ce9cd118-97e7-4226-bdaf-83ff922d3a78",
	10,
	5,
	'sequence::solve_by_elimination line: 10');
INSERT INTO ACT_SEL
	VALUES ("0d40270b-5371-4cc9-b2c3-7f61f1c22050",
	"49143b2f-7610-49ff-a80c-79d964886347",
	1,
	'one',
	"72d59082-ee4b-4d4f-9693-e25a6fe0aa5d");
INSERT INTO ACT_SR
	VALUES ("0d40270b-5371-4cc9-b2c3-7f61f1c22050");
INSERT INTO ACT_LNK
	VALUES ("579dbed1-aae2-4613-94ce-d769f35e1d40",
	'',
	"0d40270b-5371-4cc9-b2c3-7f61f1c22050",
	"8894c5f7-bffa-4974-ac54-7678f0a478b0",
	"00000000-0000-0000-0000-000000000000",
	2,
	"83fd5a00-5820-4fb5-ade7-97f8217b945f",
	10,
	37,
	10,
	41,
	0,
	0);
INSERT INTO ACT_SMT
	VALUES ("ce9cd118-97e7-4226-bdaf-83ff922d3a78",
	"4f2d36e6-b324-4fd0-8099-2b5927758091",
	"00000000-0000-0000-0000-000000000000",
	11,
	5,
	'sequence::solve_by_elimination line: 11');
INSERT INTO ACT_IF
	VALUES ("ce9cd118-97e7-4226-bdaf-83ff922d3a78",
	"6893c8ec-6a9a-4c31-ba47-79ae164e7097",
	"337375f3-f3a3-48db-8604-da909fa1c639",
	"00000000-0000-0000-0000-000000000000",
	"00000000-0000-0000-0000-000000000000");
INSERT INTO ACT_SMT
	VALUES ("aa8b3a8a-1c7d-4114-aaa2-1c2306d35171",
	"4f2d36e6-b324-4fd0-8099-2b5927758091",
	"00000000-0000-0000-0000-000000000000",
	13,
	5,
	'sequence::solve_by_elimination line: 13');
INSERT INTO ACT_E
	VALUES ("aa8b3a8a-1c7d-4114-aaa2-1c2306d35171",
	"ab515774-d1e6-4ba9-8617-aada44a16fea",
	"ce9cd118-97e7-4226-bdaf-83ff922d3a78");
INSERT INTO V_VAL
	VALUES ("72d59082-ee4b-4d4f-9693-e25a6fe0aa5d",
	0,
	0,
	10,
	31,
	34,
	0,
	0,
	0,
	0,
	"1a2907d2-496f-482d-ba4d-df818f73d6fa",
	"4f2d36e6-b324-4fd0-8099-2b5927758091");
INSERT INTO V_IRF
	VALUES ("72d59082-ee4b-4d4f-9693-e25a6fe0aa5d",
	"33b16a85-3d0f-4888-9640-3501b423460b");
INSERT INTO V_VAL
	VALUES ("c712b011-5b6c-409b-bdd6-4178d38173bf",
	0,
	0,
	11,
	20,
	22,
	0,
	0,
	0,
	0,
	"1a2907d2-496f-482d-ba4d-df818f73d6fa",
	"4f2d36e6-b324-4fd0-8099-2b5927758091");
INSERT INTO V_IRF
	VALUES ("c712b011-5b6c-409b-bdd6-4178d38173bf",
	"49143b2f-7610-49ff-a80c-79d964886347");
INSERT INTO V_VAL
	VALUES ("337375f3-f3a3-48db-8604-da909fa1c639",
	0,
	0,
	-1,
	-1,
	-1,
	0,
	0,
	0,
	0,
	"4e005777-df64-4279-9c02-400e239872b9",
	"4f2d36e6-b324-4fd0-8099-2b5927758091");
INSERT INTO V_UNY
	VALUES ("337375f3-f3a3-48db-8604-da909fa1c639",
	"c712b011-5b6c-409b-bdd6-4178d38173bf",
	'not_empty');
INSERT INTO V_VAR
	VALUES ("49143b2f-7610-49ff-a80c-79d964886347",
	"4f2d36e6-b324-4fd0-8099-2b5927758091",
	'box',
	1,
	"1a2907d2-496f-482d-ba4d-df818f73d6fa");
INSERT INTO V_INT
	VALUES ("49143b2f-7610-49ff-a80c-79d964886347",
	0,
	"83fd5a00-5820-4fb5-ade7-97f8217b945f");
INSERT INTO V_LOC
	VALUES ("19df38d6-cf32-4d47-8def-e4d26c52822e",
	10,
	16,
	18,
	"49143b2f-7610-49ff-a80c-79d964886347");
INSERT INTO V_LOC
	VALUES ("005eb633-4ea3-4500-86c4-1201be0259cf",
	12,
	21,
	23,
	"49143b2f-7610-49ff-a80c-79d964886347");
INSERT INTO ACT_BLK
	VALUES ("6893c8ec-6a9a-4c31-ba47-79ae164e7097",
	0,
	0,
	0,
	'',
	'',
	'',
	12,
	7,
	0,
	0,
	0,
	0,
	0,
	0,
	0,
	0,
	0,
	0,
	0,
	"c4c2e498-3483-4176-94a4-b83a7b17e4e1",
	"00000000-0000-0000-0000-000000000000");
INSERT INTO ACT_SMT
	VALUES ("c97aae9e-b532-4d2f-ae7a-f6391ebda3cf",
	"6893c8ec-6a9a-4c31-ba47-79ae164e7097",
	"00000000-0000-0000-0000-000000000000",
	12,
	7,
	'sequence::solve_by_elimination line: 12');
INSERT INTO ACT_AI
	VALUES ("c97aae9e-b532-4d2f-ae7a-f6391ebda3cf",
	"14eff5e2-1b7c-41c6-bd7f-b7312ec9fb6e",
	"497ab950-a01c-4653-8c38-e3f8c85f6ff0",
	0,
	0);
INSERT INTO V_VAL
	VALUES ("497ab950-a01c-4653-8c38-e3f8c85f6ff0",
	1,
	0,
	12,
	7,
	17,
	0,
	0,
	0,
	0,
	"811f1dd7-74f0-407e-b449-939d0de5ee8d",
	"6893c8ec-6a9a-4c31-ba47-79ae164e7097");
INSERT INTO V_TVL
	VALUES ("497ab950-a01c-4653-8c38-e3f8c85f6ff0",
	"1ea7fe54-9a86-4c42-90e5-e08aba10e8bf");
INSERT INTO V_VAL
	VALUES ("14eff5e2-1b7c-41c6-bd7f-b7312ec9fb6e",
	0,
	0,
	12,
	25,
	-1,
	0,
	0,
	0,
	0,
	"811f1dd7-74f0-407e-b449-939d0de5ee8d",
	"6893c8ec-6a9a-4c31-ba47-79ae164e7097");
INSERT INTO V_TRV
	VALUES ("14eff5e2-1b7c-41c6-bd7f-b7312ec9fb6e",
	"95951fd8-2a86-4a4a-b9aa-8e2e2e1bbd9b",
	"49143b2f-7610-49ff-a80c-79d964886347",
	1,
	0,
	0);
INSERT INTO ACT_BLK
	VALUES ("ab515774-d1e6-4ba9-8617-aada44a16fea",
	0,
	0,
	0,
	'LOG',
	'',
	'',
	14,
	7,
	14,
	7,
	0,
	0,
	0,
	0,
	0,
	0,
	0,
	0,
	0,
	"c4c2e498-3483-4176-94a4-b83a7b17e4e1",
	"00000000-0000-0000-0000-000000000000");
INSERT INTO ACT_SMT
	VALUES ("b8392e34-ffb1-445d-969e-530e28d17ea3",
	"ab515774-d1e6-4ba9-8617-aada44a16fea",
	"00000000-0000-0000-0000-000000000000",
	14,
	7,
	'sequence::solve_by_elimination line: 14');
INSERT INTO ACT_BRG
	VALUES ("b8392e34-ffb1-445d-969e-530e28d17ea3",
	"ea25943b-c6c2-4423-922c-947a3cd960ad",
	14,
	12,
	14,
	7);
INSERT INTO V_VAL
	VALUES ("963e9378-87a3-4e34-9367-d7690f2cc3c5",
	0,
	0,
	14,
	32,
	68,
	0,
	0,
	0,
	0,
	"e27a3af8-1f28-4ba6-a876-f718ce67db3c",
	"ab515774-d1e6-4ba9-8617-aada44a16fea");
INSERT INTO V_LST
	VALUES ("963e9378-87a3-4e34-9367-d7690f2cc3c5",
	'could not eliminate related sequence');
INSERT INTO V_PAR
	VALUES ("963e9378-87a3-4e34-9367-d7690f2cc3c5",
	"b8392e34-ffb1-445d-969e-530e28d17ea3",
	"00000000-0000-0000-0000-000000000000",
	'message',
	"00000000-0000-0000-0000-000000000000",
	14,
	24);
INSERT INTO O_TFR
	VALUES ("2f879600-423d-4941-b679-354b28367a87",
	"03ac2337-ce3a-497f-a3de-92a1101b2208",
	'solve_by_pruning',
	'',
	"811f1dd7-74f0-407e-b449-939d0de5ee8d",
	1,
	'temperature = 0;
select one row related by self->ROW[R1];
if ( not_empty row )
  temperature = row.prune();
else
  select one column related by self->COLUMN[R1];
  if ( not_empty column )
    temperature = column.prune();
  else
    select one box related by self->BOX[R1];
    if ( not_empty box )
      temperature = box.prune();
    else
      LOG::LogFailure( message:"could not prune related sequence" );
    end if;
  end if;
end if;
return temperature;

',
	1,
	'',
	"988ea75b-996b-4e63-bf03-9c9766e885a8");
INSERT INTO ACT_OPB
	VALUES ("e51c9b3f-a77b-4eb0-b666-279180c058f6",
	"2f879600-423d-4941-b679-354b28367a87");
INSERT INTO ACT_ACT
	VALUES ("e51c9b3f-a77b-4eb0-b666-279180c058f6",
	'operation',
	0,
	"13dc6e5f-003b-40bf-ad4a-020e311d8b6b",
	"00000000-0000-0000-0000-000000000000",
	0,
	'sequence::solve_by_pruning',
	"00000000-0000-0000-0000-000000000000");
INSERT INTO ACT_BLK
	VALUES ("13dc6e5f-003b-40bf-ad4a-020e311d8b6b",
	1,
	0,
	0,
	'',
	'',
	'',
	18,
	1,
	2,
	33,
	0,
	0,
	2,
	37,
	0,
	0,
	0,
	0,
	0,
	"e51c9b3f-a77b-4eb0-b666-279180c058f6",
	"00000000-0000-0000-0000-000000000000");
INSERT INTO ACT_SMT
	VALUES ("68137837-8b70-48b4-88a1-17d8e2ceb988",
	"13dc6e5f-003b-40bf-ad4a-020e311d8b6b",
	"3cd82d5e-0cae-47ec-ba38-188724b3c3e8",
	1,
	1,
	'sequence::solve_by_pruning line: 1');
INSERT INTO ACT_AI
	VALUES ("68137837-8b70-48b4-88a1-17d8e2ceb988",
	"72775262-fdc7-4932-9d64-51a6d35802a6",
	"e2d8e735-c0f4-46fc-a29d-8d63859cb132",
	0,
	0);
INSERT INTO ACT_SMT
	VALUES ("3cd82d5e-0cae-47ec-ba38-188724b3c3e8",
	"13dc6e5f-003b-40bf-ad4a-020e311d8b6b",
	"14c00794-6678-41cf-9fad-2acacc6d3353",
	2,
	1,
	'sequence::solve_by_pruning line: 2');
INSERT INTO ACT_SEL
	VALUES ("3cd82d5e-0cae-47ec-ba38-188724b3c3e8",
	"83719428-fb07-4e3d-9b0e-4fd1aa78841f",
	1,
	'one',
	"d5c61afa-3a94-49e2-a573-26a41d565c13");
INSERT INTO ACT_SR
	VALUES ("3cd82d5e-0cae-47ec-ba38-188724b3c3e8");
INSERT INTO ACT_LNK
	VALUES ("d8311afc-f072-4820-b80e-bf56bdf57781",
	'',
	"3cd82d5e-0cae-47ec-ba38-188724b3c3e8",
	"8894c5f7-bffa-4974-ac54-7678f0a478b0",
	"00000000-0000-0000-0000-000000000000",
	2,
	"56c54c26-d9b7-409a-83b7-4c701cc02c0e",
	2,
	33,
	2,
	37,
	0,
	0);
INSERT INTO ACT_SMT
	VALUES ("14c00794-6678-41cf-9fad-2acacc6d3353",
	"13dc6e5f-003b-40bf-ad4a-020e311d8b6b",
	"68e5ffa2-703a-4a73-9310-3cc3414eabe9",
	3,
	1,
	'sequence::solve_by_pruning line: 3');
INSERT INTO ACT_IF
	VALUES ("14c00794-6678-41cf-9fad-2acacc6d3353",
	"0ddab49a-5e2b-4c4b-8b68-0b2203801987",
	"d3275e93-a8f3-4d54-9667-dfdb33999fa3",
	"00000000-0000-0000-0000-000000000000",
	"00000000-0000-0000-0000-000000000000");
INSERT INTO ACT_SMT
	VALUES ("ff75b898-71be-4fef-b1d9-e7729ad10b86",
	"13dc6e5f-003b-40bf-ad4a-020e311d8b6b",
	"00000000-0000-0000-0000-000000000000",
	5,
	1,
	'sequence::solve_by_pruning line: 5');
INSERT INTO ACT_E
	VALUES ("ff75b898-71be-4fef-b1d9-e7729ad10b86",
	"ab490481-09a7-4659-90b3-484454a238d4",
	"14c00794-6678-41cf-9fad-2acacc6d3353");
INSERT INTO ACT_SMT
	VALUES ("68e5ffa2-703a-4a73-9310-3cc3414eabe9",
	"13dc6e5f-003b-40bf-ad4a-020e311d8b6b",
	"00000000-0000-0000-0000-000000000000",
	18,
	1,
	'sequence::solve_by_pruning line: 18');
INSERT INTO ACT_RET
	VALUES ("68e5ffa2-703a-4a73-9310-3cc3414eabe9",
	"3882d16a-3995-40c8-b2a6-86e8995881f4");
INSERT INTO V_VAL
	VALUES ("e2d8e735-c0f4-46fc-a29d-8d63859cb132",
	1,
	1,
	1,
	1,
	11,
	0,
	0,
	0,
	0,
	"811f1dd7-74f0-407e-b449-939d0de5ee8d",
	"13dc6e5f-003b-40bf-ad4a-020e311d8b6b");
INSERT INTO V_TVL
	VALUES ("e2d8e735-c0f4-46fc-a29d-8d63859cb132",
	"cb1ff0ea-f6b5-4562-b21c-d5c1e11a1801");
INSERT INTO V_VAL
	VALUES ("72775262-fdc7-4932-9d64-51a6d35802a6",
	0,
	0,
	1,
	15,
	15,
	0,
	0,
	0,
	0,
	"811f1dd7-74f0-407e-b449-939d0de5ee8d",
	"13dc6e5f-003b-40bf-ad4a-020e311d8b6b");
INSERT INTO V_LIN
	VALUES ("72775262-fdc7-4932-9d64-51a6d35802a6",
	'0');
INSERT INTO V_VAL
	VALUES ("d5c61afa-3a94-49e2-a573-26a41d565c13",
	0,
	0,
	2,
	27,
	30,
	0,
	0,
	0,
	0,
	"1a2907d2-496f-482d-ba4d-df818f73d6fa",
	"13dc6e5f-003b-40bf-ad4a-020e311d8b6b");
INSERT INTO V_IRF
	VALUES ("d5c61afa-3a94-49e2-a573-26a41d565c13",
	"7a8bc9c6-7985-4c4e-8f81-bc746be67c52");
INSERT INTO V_VAL
	VALUES ("560d5a45-e4d8-4d07-98ff-86b9c8a99075",
	0,
	0,
	3,
	16,
	18,
	0,
	0,
	0,
	0,
	"1a2907d2-496f-482d-ba4d-df818f73d6fa",
	"13dc6e5f-003b-40bf-ad4a-020e311d8b6b");
INSERT INTO V_IRF
	VALUES ("560d5a45-e4d8-4d07-98ff-86b9c8a99075",
	"83719428-fb07-4e3d-9b0e-4fd1aa78841f");
INSERT INTO V_VAL
	VALUES ("d3275e93-a8f3-4d54-9667-dfdb33999fa3",
	0,
	0,
	-1,
	-1,
	-1,
	0,
	0,
	0,
	0,
	"4e005777-df64-4279-9c02-400e239872b9",
	"13dc6e5f-003b-40bf-ad4a-020e311d8b6b");
INSERT INTO V_UNY
	VALUES ("d3275e93-a8f3-4d54-9667-dfdb33999fa3",
	"560d5a45-e4d8-4d07-98ff-86b9c8a99075",
	'not_empty');
INSERT INTO V_VAL
	VALUES ("3882d16a-3995-40c8-b2a6-86e8995881f4",
	0,
	0,
	18,
	8,
	18,
	0,
	0,
	0,
	0,
	"811f1dd7-74f0-407e-b449-939d0de5ee8d",
	"13dc6e5f-003b-40bf-ad4a-020e311d8b6b");
INSERT INTO V_TVL
	VALUES ("3882d16a-3995-40c8-b2a6-86e8995881f4",
	"cb1ff0ea-f6b5-4562-b21c-d5c1e11a1801");
INSERT INTO V_VAR
	VALUES ("cb1ff0ea-f6b5-4562-b21c-d5c1e11a1801",
	"13dc6e5f-003b-40bf-ad4a-020e311d8b6b",
	'temperature',
	1,
	"811f1dd7-74f0-407e-b449-939d0de5ee8d");
INSERT INTO V_TRN
	VALUES ("cb1ff0ea-f6b5-4562-b21c-d5c1e11a1801",
	"00000000-0000-0000-0000-000000000000",
	'');
INSERT INTO V_LOC
	VALUES ("bc546ec0-94bc-4948-99ad-6e6b37ba3cfa",
	1,
	1,
	11,
	"cb1ff0ea-f6b5-4562-b21c-d5c1e11a1801");
INSERT INTO V_LOC
	VALUES ("ae0560de-1aa3-4533-b06c-514d20fc254d",
	4,
	3,
	13,
	"cb1ff0ea-f6b5-4562-b21c-d5c1e11a1801");
INSERT INTO V_LOC
	VALUES ("a99d02f1-15d1-4736-a894-f6148222cf6b",
	8,
	5,
	15,
	"cb1ff0ea-f6b5-4562-b21c-d5c1e11a1801");
INSERT INTO V_LOC
	VALUES ("2b3b6f86-23aa-415e-bfce-f6592511e148",
	12,
	7,
	17,
	"cb1ff0ea-f6b5-4562-b21c-d5c1e11a1801");
INSERT INTO V_LOC
	VALUES ("f6e1b294-e388-4163-b592-eb65c7309e1f",
	18,
	8,
	18,
	"cb1ff0ea-f6b5-4562-b21c-d5c1e11a1801");
INSERT INTO V_VAR
	VALUES ("83719428-fb07-4e3d-9b0e-4fd1aa78841f",
	"13dc6e5f-003b-40bf-ad4a-020e311d8b6b",
	'row',
	1,
	"1a2907d2-496f-482d-ba4d-df818f73d6fa");
INSERT INTO V_INT
	VALUES ("83719428-fb07-4e3d-9b0e-4fd1aa78841f",
	0,
	"56c54c26-d9b7-409a-83b7-4c701cc02c0e");
INSERT INTO V_LOC
	VALUES ("226ae879-057a-4191-905c-83c90840c867",
	2,
	12,
	14,
	"83719428-fb07-4e3d-9b0e-4fd1aa78841f");
INSERT INTO V_LOC
	VALUES ("3972217a-6f14-4b77-abc0-9235f7e896c7",
	4,
	17,
	19,
	"83719428-fb07-4e3d-9b0e-4fd1aa78841f");
INSERT INTO V_VAR
	VALUES ("7a8bc9c6-7985-4c4e-8f81-bc746be67c52",
	"13dc6e5f-003b-40bf-ad4a-020e311d8b6b",
	'self',
	1,
	"1a2907d2-496f-482d-ba4d-df818f73d6fa");
INSERT INTO V_INT
	VALUES ("7a8bc9c6-7985-4c4e-8f81-bc746be67c52",
	0,
	"03ac2337-ce3a-497f-a3de-92a1101b2208");
INSERT INTO ACT_BLK
	VALUES ("0ddab49a-5e2b-4c4b-8b68-0b2203801987",
	0,
	0,
	0,
	'',
	'',
	'',
	4,
	3,
	0,
	0,
	0,
	0,
	0,
	0,
	0,
	0,
	0,
	0,
	0,
	"e51c9b3f-a77b-4eb0-b666-279180c058f6",
	"00000000-0000-0000-0000-000000000000");
INSERT INTO ACT_SMT
	VALUES ("772f956d-2ad0-41a0-8a93-c285db5b6630",
	"0ddab49a-5e2b-4c4b-8b68-0b2203801987",
	"00000000-0000-0000-0000-000000000000",
	4,
	3,
	'sequence::solve_by_pruning line: 4');
INSERT INTO ACT_AI
	VALUES ("772f956d-2ad0-41a0-8a93-c285db5b6630",
	"6c077db8-310a-42a2-ab81-5ebfc15a3fec",
	"24288894-c9c6-41bc-bca5-ef01b02f403d",
	0,
	0);
INSERT INTO V_VAL
	VALUES ("24288894-c9c6-41bc-bca5-ef01b02f403d",
	1,
	0,
	4,
	3,
	13,
	0,
	0,
	0,
	0,
	"811f1dd7-74f0-407e-b449-939d0de5ee8d",
	"0ddab49a-5e2b-4c4b-8b68-0b2203801987");
INSERT INTO V_TVL
	VALUES ("24288894-c9c6-41bc-bca5-ef01b02f403d",
	"cb1ff0ea-f6b5-4562-b21c-d5c1e11a1801");
INSERT INTO V_VAL
	VALUES ("6c077db8-310a-42a2-ab81-5ebfc15a3fec",
	0,
	0,
	4,
	21,
	-1,
	0,
	0,
	0,
	0,
	"811f1dd7-74f0-407e-b449-939d0de5ee8d",
	"0ddab49a-5e2b-4c4b-8b68-0b2203801987");
INSERT INTO V_TRV
	VALUES ("6c077db8-310a-42a2-ab81-5ebfc15a3fec",
	"450e3398-ff08-488c-94ba-b761702968e3",
	"83719428-fb07-4e3d-9b0e-4fd1aa78841f",
	1,
	0,
	0);
INSERT INTO ACT_BLK
	VALUES ("ab490481-09a7-4659-90b3-484454a238d4",
	1,
	0,
	0,
	'',
	'',
	'',
	9,
	3,
	6,
	38,
	0,
	0,
	6,
	45,
	0,
	0,
	0,
	0,
	0,
	"e51c9b3f-a77b-4eb0-b666-279180c058f6",
	"00000000-0000-0000-0000-000000000000");
INSERT INTO ACT_SMT
	VALUES ("81d02eeb-1c59-4b7c-9f2a-f72a38dfdd47",
	"ab490481-09a7-4659-90b3-484454a238d4",
	"3124b703-bf2a-4695-b896-ec44ddaee691",
	6,
	3,
	'sequence::solve_by_pruning line: 6');
INSERT INTO ACT_SEL
	VALUES ("81d02eeb-1c59-4b7c-9f2a-f72a38dfdd47",
	"8b853370-e73c-47d1-9ae8-a6a980d89d1d",
	1,
	'one',
	"d040453c-ee74-4e81-bd1a-6627a9c7b8f6");
INSERT INTO ACT_SR
	VALUES ("81d02eeb-1c59-4b7c-9f2a-f72a38dfdd47");
INSERT INTO ACT_LNK
	VALUES ("b74d69b3-bbf1-4344-997d-0908a37d6faf",
	'',
	"81d02eeb-1c59-4b7c-9f2a-f72a38dfdd47",
	"8894c5f7-bffa-4974-ac54-7678f0a478b0",
	"00000000-0000-0000-0000-000000000000",
	2,
	"b7d2c815-d54e-475a-819c-5d9e6dbc66d5",
	6,
	38,
	6,
	45,
	0,
	0);
INSERT INTO ACT_SMT
	VALUES ("3124b703-bf2a-4695-b896-ec44ddaee691",
	"ab490481-09a7-4659-90b3-484454a238d4",
	"00000000-0000-0000-0000-000000000000",
	7,
	3,
	'sequence::solve_by_pruning line: 7');
INSERT INTO ACT_IF
	VALUES ("3124b703-bf2a-4695-b896-ec44ddaee691",
	"0a58126e-0d3a-4fdb-9738-b4391e93d4f8",
	"d5ee0e4c-982b-4dea-9833-3250b379385e",
	"00000000-0000-0000-0000-000000000000",
	"00000000-0000-0000-0000-000000000000");
INSERT INTO ACT_SMT
	VALUES ("a266085f-6d0e-4014-93a6-302bf326768f",
	"ab490481-09a7-4659-90b3-484454a238d4",
	"00000000-0000-0000-0000-000000000000",
	9,
	3,
	'sequence::solve_by_pruning line: 9');
INSERT INTO ACT_E
	VALUES ("a266085f-6d0e-4014-93a6-302bf326768f",
	"fcd0b25a-0e24-41d4-b38f-df8c177635d4",
	"3124b703-bf2a-4695-b896-ec44ddaee691");
INSERT INTO V_VAL
	VALUES ("d040453c-ee74-4e81-bd1a-6627a9c7b8f6",
	0,
	0,
	6,
	32,
	35,
	0,
	0,
	0,
	0,
	"1a2907d2-496f-482d-ba4d-df818f73d6fa",
	"ab490481-09a7-4659-90b3-484454a238d4");
INSERT INTO V_IRF
	VALUES ("d040453c-ee74-4e81-bd1a-6627a9c7b8f6",
	"7a8bc9c6-7985-4c4e-8f81-bc746be67c52");
INSERT INTO V_VAL
	VALUES ("9eb5d240-92cc-4260-8e17-51e7191b7c64",
	0,
	0,
	7,
	18,
	23,
	0,
	0,
	0,
	0,
	"1a2907d2-496f-482d-ba4d-df818f73d6fa",
	"ab490481-09a7-4659-90b3-484454a238d4");
INSERT INTO V_IRF
	VALUES ("9eb5d240-92cc-4260-8e17-51e7191b7c64",
	"8b853370-e73c-47d1-9ae8-a6a980d89d1d");
INSERT INTO V_VAL
	VALUES ("d5ee0e4c-982b-4dea-9833-3250b379385e",
	0,
	0,
	-1,
	-1,
	-1,
	0,
	0,
	0,
	0,
	"4e005777-df64-4279-9c02-400e239872b9",
	"ab490481-09a7-4659-90b3-484454a238d4");
INSERT INTO V_UNY
	VALUES ("d5ee0e4c-982b-4dea-9833-3250b379385e",
	"9eb5d240-92cc-4260-8e17-51e7191b7c64",
	'not_empty');
INSERT INTO V_VAR
	VALUES ("8b853370-e73c-47d1-9ae8-a6a980d89d1d",
	"ab490481-09a7-4659-90b3-484454a238d4",
	'column',
	1,
	"1a2907d2-496f-482d-ba4d-df818f73d6fa");
INSERT INTO V_INT
	VALUES ("8b853370-e73c-47d1-9ae8-a6a980d89d1d",
	0,
	"b7d2c815-d54e-475a-819c-5d9e6dbc66d5");
INSERT INTO V_LOC
	VALUES ("31ce7432-fd59-4e0d-adde-00f5e912177e",
	6,
	14,
	19,
	"8b853370-e73c-47d1-9ae8-a6a980d89d1d");
INSERT INTO V_LOC
	VALUES ("aba53979-6842-4502-958f-af1093561128",
	8,
	19,
	24,
	"8b853370-e73c-47d1-9ae8-a6a980d89d1d");
INSERT INTO ACT_BLK
	VALUES ("0a58126e-0d3a-4fdb-9738-b4391e93d4f8",
	0,
	0,
	0,
	'',
	'',
	'',
	8,
	5,
	0,
	0,
	0,
	0,
	0,
	0,
	0,
	0,
	0,
	0,
	0,
	"e51c9b3f-a77b-4eb0-b666-279180c058f6",
	"00000000-0000-0000-0000-000000000000");
INSERT INTO ACT_SMT
	VALUES ("1510d0e8-d497-483f-b5b5-df73df316485",
	"0a58126e-0d3a-4fdb-9738-b4391e93d4f8",
	"00000000-0000-0000-0000-000000000000",
	8,
	5,
	'sequence::solve_by_pruning line: 8');
INSERT INTO ACT_AI
	VALUES ("1510d0e8-d497-483f-b5b5-df73df316485",
	"f54e6bac-efef-4534-9037-49dc7b858879",
	"bad31497-aebc-44fd-852a-dcf2a80b8343",
	0,
	0);
INSERT INTO V_VAL
	VALUES ("bad31497-aebc-44fd-852a-dcf2a80b8343",
	1,
	0,
	8,
	5,
	15,
	0,
	0,
	0,
	0,
	"811f1dd7-74f0-407e-b449-939d0de5ee8d",
	"0a58126e-0d3a-4fdb-9738-b4391e93d4f8");
INSERT INTO V_TVL
	VALUES ("bad31497-aebc-44fd-852a-dcf2a80b8343",
	"cb1ff0ea-f6b5-4562-b21c-d5c1e11a1801");
INSERT INTO V_VAL
	VALUES ("f54e6bac-efef-4534-9037-49dc7b858879",
	0,
	0,
	8,
	26,
	-1,
	0,
	0,
	0,
	0,
	"811f1dd7-74f0-407e-b449-939d0de5ee8d",
	"0a58126e-0d3a-4fdb-9738-b4391e93d4f8");
INSERT INTO V_TRV
	VALUES ("f54e6bac-efef-4534-9037-49dc7b858879",
	"477fe3eb-500d-4bd6-b226-d1d06d05d9ea",
	"8b853370-e73c-47d1-9ae8-a6a980d89d1d",
	1,
	0,
	0);
INSERT INTO ACT_BLK
	VALUES ("fcd0b25a-0e24-41d4-b38f-df8c177635d4",
	1,
	0,
	0,
	'',
	'',
	'',
	13,
	5,
	10,
	37,
	0,
	0,
	10,
	41,
	0,
	0,
	0,
	0,
	0,
	"e51c9b3f-a77b-4eb0-b666-279180c058f6",
	"00000000-0000-0000-0000-000000000000");
INSERT INTO ACT_SMT
	VALUES ("a3e55d48-0083-41c2-a1e0-118d92625aca",
	"fcd0b25a-0e24-41d4-b38f-df8c177635d4",
	"c20603bd-4452-40fe-8f49-02b6f837b84e",
	10,
	5,
	'sequence::solve_by_pruning line: 10');
INSERT INTO ACT_SEL
	VALUES ("a3e55d48-0083-41c2-a1e0-118d92625aca",
	"bd7fd00d-f586-44e0-a4d3-8c3e775986b0",
	1,
	'one',
	"a91a8f1a-8570-4bae-ae2e-2946658bf90d");
INSERT INTO ACT_SR
	VALUES ("a3e55d48-0083-41c2-a1e0-118d92625aca");
INSERT INTO ACT_LNK
	VALUES ("3a698db5-20fb-47f5-9219-e6d8b9a0ed16",
	'',
	"a3e55d48-0083-41c2-a1e0-118d92625aca",
	"8894c5f7-bffa-4974-ac54-7678f0a478b0",
	"00000000-0000-0000-0000-000000000000",
	2,
	"83fd5a00-5820-4fb5-ade7-97f8217b945f",
	10,
	37,
	10,
	41,
	0,
	0);
INSERT INTO ACT_SMT
	VALUES ("c20603bd-4452-40fe-8f49-02b6f837b84e",
	"fcd0b25a-0e24-41d4-b38f-df8c177635d4",
	"00000000-0000-0000-0000-000000000000",
	11,
	5,
	'sequence::solve_by_pruning line: 11');
INSERT INTO ACT_IF
	VALUES ("c20603bd-4452-40fe-8f49-02b6f837b84e",
	"d5f8b0b9-752a-4b6a-9495-b2f9d1659dde",
	"856b925e-3e0d-4914-85a0-89083f3f250a",
	"00000000-0000-0000-0000-000000000000",
	"00000000-0000-0000-0000-000000000000");
INSERT INTO ACT_SMT
	VALUES ("5f71c314-40f6-42ab-b24b-adb069edd4d6",
	"fcd0b25a-0e24-41d4-b38f-df8c177635d4",
	"00000000-0000-0000-0000-000000000000",
	13,
	5,
	'sequence::solve_by_pruning line: 13');
INSERT INTO ACT_E
	VALUES ("5f71c314-40f6-42ab-b24b-adb069edd4d6",
	"406423ce-0a1a-4d43-8dce-f5f4c8c2a64c",
	"c20603bd-4452-40fe-8f49-02b6f837b84e");
INSERT INTO V_VAL
	VALUES ("a91a8f1a-8570-4bae-ae2e-2946658bf90d",
	0,
	0,
	10,
	31,
	34,
	0,
	0,
	0,
	0,
	"1a2907d2-496f-482d-ba4d-df818f73d6fa",
	"fcd0b25a-0e24-41d4-b38f-df8c177635d4");
INSERT INTO V_IRF
	VALUES ("a91a8f1a-8570-4bae-ae2e-2946658bf90d",
	"7a8bc9c6-7985-4c4e-8f81-bc746be67c52");
INSERT INTO V_VAL
	VALUES ("6e58c1ef-5096-463f-b923-59f8edb07e56",
	0,
	0,
	11,
	20,
	22,
	0,
	0,
	0,
	0,
	"1a2907d2-496f-482d-ba4d-df818f73d6fa",
	"fcd0b25a-0e24-41d4-b38f-df8c177635d4");
INSERT INTO V_IRF
	VALUES ("6e58c1ef-5096-463f-b923-59f8edb07e56",
	"bd7fd00d-f586-44e0-a4d3-8c3e775986b0");
INSERT INTO V_VAL
	VALUES ("856b925e-3e0d-4914-85a0-89083f3f250a",
	0,
	0,
	-1,
	-1,
	-1,
	0,
	0,
	0,
	0,
	"4e005777-df64-4279-9c02-400e239872b9",
	"fcd0b25a-0e24-41d4-b38f-df8c177635d4");
INSERT INTO V_UNY
	VALUES ("856b925e-3e0d-4914-85a0-89083f3f250a",
	"6e58c1ef-5096-463f-b923-59f8edb07e56",
	'not_empty');
INSERT INTO V_VAR
	VALUES ("bd7fd00d-f586-44e0-a4d3-8c3e775986b0",
	"fcd0b25a-0e24-41d4-b38f-df8c177635d4",
	'box',
	1,
	"1a2907d2-496f-482d-ba4d-df818f73d6fa");
INSERT INTO V_INT
	VALUES ("bd7fd00d-f586-44e0-a4d3-8c3e775986b0",
	0,
	"83fd5a00-5820-4fb5-ade7-97f8217b945f");
INSERT INTO V_LOC
	VALUES ("bb4083b2-755e-46e3-b255-85e4f64cca5c",
	10,
	16,
	18,
	"bd7fd00d-f586-44e0-a4d3-8c3e775986b0");
INSERT INTO V_LOC
	VALUES ("c867e4b1-8446-4230-b1c2-e7e0c7948373",
	12,
	21,
	23,
	"bd7fd00d-f586-44e0-a4d3-8c3e775986b0");
INSERT INTO ACT_BLK
	VALUES ("d5f8b0b9-752a-4b6a-9495-b2f9d1659dde",
	0,
	0,
	0,
	'',
	'',
	'',
	12,
	7,
	0,
	0,
	0,
	0,
	0,
	0,
	0,
	0,
	0,
	0,
	0,
	"e51c9b3f-a77b-4eb0-b666-279180c058f6",
	"00000000-0000-0000-0000-000000000000");
INSERT INTO ACT_SMT
	VALUES ("11302146-a021-4675-b51e-722d63ce91b3",
	"d5f8b0b9-752a-4b6a-9495-b2f9d1659dde",
	"00000000-0000-0000-0000-000000000000",
	12,
	7,
	'sequence::solve_by_pruning line: 12');
INSERT INTO ACT_AI
	VALUES ("11302146-a021-4675-b51e-722d63ce91b3",
	"2fa0efe1-1fbe-47bb-8836-a585b59a3706",
	"86cfd739-7279-400f-a292-b1dfa152adaa",
	0,
	0);
INSERT INTO V_VAL
	VALUES ("86cfd739-7279-400f-a292-b1dfa152adaa",
	1,
	0,
	12,
	7,
	17,
	0,
	0,
	0,
	0,
	"811f1dd7-74f0-407e-b449-939d0de5ee8d",
	"d5f8b0b9-752a-4b6a-9495-b2f9d1659dde");
INSERT INTO V_TVL
	VALUES ("86cfd739-7279-400f-a292-b1dfa152adaa",
	"cb1ff0ea-f6b5-4562-b21c-d5c1e11a1801");
INSERT INTO V_VAL
	VALUES ("2fa0efe1-1fbe-47bb-8836-a585b59a3706",
	0,
	0,
	12,
	25,
	-1,
	0,
	0,
	0,
	0,
	"811f1dd7-74f0-407e-b449-939d0de5ee8d",
	"d5f8b0b9-752a-4b6a-9495-b2f9d1659dde");
INSERT INTO V_TRV
	VALUES ("2fa0efe1-1fbe-47bb-8836-a585b59a3706",
	"30f7d1fd-f731-455f-93b4-963d0aa6e745",
	"bd7fd00d-f586-44e0-a4d3-8c3e775986b0",
	1,
	0,
	0);
INSERT INTO ACT_BLK
	VALUES ("406423ce-0a1a-4d43-8dce-f5f4c8c2a64c",
	0,
	0,
	0,
	'LOG',
	'',
	'',
	14,
	7,
	14,
	7,
	0,
	0,
	0,
	0,
	0,
	0,
	0,
	0,
	0,
	"e51c9b3f-a77b-4eb0-b666-279180c058f6",
	"00000000-0000-0000-0000-000000000000");
INSERT INTO ACT_SMT
	VALUES ("8adcc836-0e04-43d6-b243-104ce552cf1d",
	"406423ce-0a1a-4d43-8dce-f5f4c8c2a64c",
	"00000000-0000-0000-0000-000000000000",
	14,
	7,
	'sequence::solve_by_pruning line: 14');
INSERT INTO ACT_BRG
	VALUES ("8adcc836-0e04-43d6-b243-104ce552cf1d",
	"ea25943b-c6c2-4423-922c-947a3cd960ad",
	14,
	12,
	14,
	7);
INSERT INTO V_VAL
	VALUES ("12ff5f8e-f91b-4d27-a2df-51f9920bade0",
	0,
	0,
	14,
	32,
	64,
	0,
	0,
	0,
	0,
	"e27a3af8-1f28-4ba6-a876-f718ce67db3c",
	"406423ce-0a1a-4d43-8dce-f5f4c8c2a64c");
INSERT INTO V_LST
	VALUES ("12ff5f8e-f91b-4d27-a2df-51f9920bade0",
	'could not prune related sequence');
INSERT INTO V_PAR
	VALUES ("12ff5f8e-f91b-4d27-a2df-51f9920bade0",
	"8adcc836-0e04-43d6-b243-104ce552cf1d",
	"00000000-0000-0000-0000-000000000000",
	'message',
	"00000000-0000-0000-0000-000000000000",
	14,
	24);
INSERT INTO O_NBATTR
	VALUES ("9ebdc9c2-c4fb-417c-8b51-a6007cc5f2a2",
	"03ac2337-ce3a-497f-a3de-92a1101b2208");
INSERT INTO O_BATTR
	VALUES ("9ebdc9c2-c4fb-417c-8b51-a6007cc5f2a2",
	"03ac2337-ce3a-497f-a3de-92a1101b2208");
INSERT INTO O_ATTR
	VALUES ("9ebdc9c2-c4fb-417c-8b51-a6007cc5f2a2",
	"03ac2337-ce3a-497f-a3de-92a1101b2208",
	"00000000-0000-0000-0000-000000000000",
	'current_state',
	'',
	'',
	'current_state',
	0,
	"ea4f2014-da78-4798-8130-991e8750cff6",
	'',
	'');
INSERT INTO O_NBATTR
	VALUES ("48d19dd8-8465-49b9-b4d0-dd14aa6d653f",
	"03ac2337-ce3a-497f-a3de-92a1101b2208");
INSERT INTO O_BATTR
	VALUES ("48d19dd8-8465-49b9-b4d0-dd14aa6d653f",
	"03ac2337-ce3a-497f-a3de-92a1101b2208");
INSERT INTO O_ATTR
	VALUES ("48d19dd8-8465-49b9-b4d0-dd14aa6d653f",
	"03ac2337-ce3a-497f-a3de-92a1101b2208",
	"9ebdc9c2-c4fb-417c-8b51-a6007cc5f2a2",
	'solved',
	'',
	'',
	'solved',
	0,
	"4e005777-df64-4279-9c02-400e239872b9",
	'',
	'');
INSERT INTO O_NBATTR
	VALUES ("1d98774f-c8bd-4c43-8f75-530b0ff40265",
	"03ac2337-ce3a-497f-a3de-92a1101b2208");
INSERT INTO O_BATTR
	VALUES ("1d98774f-c8bd-4c43-8f75-530b0ff40265",
	"03ac2337-ce3a-497f-a3de-92a1101b2208");
INSERT INTO O_ATTR
	VALUES ("1d98774f-c8bd-4c43-8f75-530b0ff40265",
	"03ac2337-ce3a-497f-a3de-92a1101b2208",
	"48d19dd8-8465-49b9-b4d0-dd14aa6d653f",
	'requests',
	'',
	'',
	'requests',
	0,
	"811f1dd7-74f0-407e-b449-939d0de5ee8d",
	'',
	'');
INSERT INTO O_ID
	VALUES (0,
	"03ac2337-ce3a-497f-a3de-92a1101b2208");
INSERT INTO O_ID
	VALUES (1,
	"03ac2337-ce3a-497f-a3de-92a1101b2208");
INSERT INTO O_ID
	VALUES (2,
	"03ac2337-ce3a-497f-a3de-92a1101b2208");
INSERT INTO SM_ISM
	VALUES ("0d08100e-6b4d-4cf0-9b6e-4dc31bd909e2",
	"03ac2337-ce3a-497f-a3de-92a1101b2208");
INSERT INTO SM_SM
	VALUES ("0d08100e-6b4d-4cf0-9b6e-4dc31bd909e2",
	'',
	0);
INSERT INTO SM_MOORE
	VALUES ("0d08100e-6b4d-4cf0-9b6e-4dc31bd909e2");
INSERT INTO SM_LEVT
	VALUES ("fd1f2262-5885-451c-b8f3-8df7fcba6ef1",
	"0d08100e-6b4d-4cf0-9b6e-4dc31bd909e2",
	"00000000-0000-0000-0000-000000000000");
INSERT INTO SM_SEVT
	VALUES ("fd1f2262-5885-451c-b8f3-8df7fcba6ef1",
	"0d08100e-6b4d-4cf0-9b6e-4dc31bd909e2",
	"00000000-0000-0000-0000-000000000000");
INSERT INTO SM_EVT
	VALUES ("fd1f2262-5885-451c-b8f3-8df7fcba6ef1",
	"0d08100e-6b4d-4cf0-9b6e-4dc31bd909e2",
	"00000000-0000-0000-0000-000000000000",
	1,
	'update',
	0,
	'',
	'SEQUENCE1',
	'');
INSERT INTO SM_LEVT
	VALUES ("6bc49715-6bb7-45d2-a2af-a0587d7750e0",
	"0d08100e-6b4d-4cf0-9b6e-4dc31bd909e2",
	"00000000-0000-0000-0000-000000000000");
INSERT INTO SM_SEVT
	VALUES ("6bc49715-6bb7-45d2-a2af-a0587d7750e0",
	"0d08100e-6b4d-4cf0-9b6e-4dc31bd909e2",
	"00000000-0000-0000-0000-000000000000");
INSERT INTO SM_EVT
	VALUES ("6bc49715-6bb7-45d2-a2af-a0587d7750e0",
	"0d08100e-6b4d-4cf0-9b6e-4dc31bd909e2",
	"00000000-0000-0000-0000-000000000000",
	5,
	'solved',
	0,
	'',
	'SEQUENCE5',
	'');
INSERT INTO R_SUBSUP
	VALUES ("8894c5f7-bffa-4974-ac54-7678f0a478b0");
INSERT INTO R_REL
	VALUES ("8894c5f7-bffa-4974-ac54-7678f0a478b0",
	1,
	'',
	"3d0162a5-1c20-4ddf-8686-ff9d4c06e6a1");
INSERT INTO R_SUPER
	VALUES ("03ac2337-ce3a-497f-a3de-92a1101b2208",
	"8894c5f7-bffa-4974-ac54-7678f0a478b0",
	"02177cab-7710-46de-8c5a-e70390007257");
INSERT INTO R_RTO
	VALUES ("03ac2337-ce3a-497f-a3de-92a1101b2208",
	"8894c5f7-bffa-4974-ac54-7678f0a478b0",
	"02177cab-7710-46de-8c5a-e70390007257",
	-1);
INSERT INTO R_OIR
	VALUES ("03ac2337-ce3a-497f-a3de-92a1101b2208",
	"8894c5f7-bffa-4974-ac54-7678f0a478b0",
	"02177cab-7710-46de-8c5a-e70390007257",
	"00000000-0000-0000-0000-000000000000");
INSERT INTO R_SUB
	VALUES ("56c54c26-d9b7-409a-83b7-4c701cc02c0e",
	"8894c5f7-bffa-4974-ac54-7678f0a478b0",
	"c48d82af-9cf8-4d31-9439-c92d4a821c0e");
INSERT INTO R_RGO
	VALUES ("56c54c26-d9b7-409a-83b7-4c701cc02c0e",
	"8894c5f7-bffa-4974-ac54-7678f0a478b0",
	"c48d82af-9cf8-4d31-9439-c92d4a821c0e");
INSERT INTO R_OIR
	VALUES ("56c54c26-d9b7-409a-83b7-4c701cc02c0e",
	"8894c5f7-bffa-4974-ac54-7678f0a478b0",
	"c48d82af-9cf8-4d31-9439-c92d4a821c0e",
	"00000000-0000-0000-0000-000000000000");
INSERT INTO R_SUB
	VALUES ("b7d2c815-d54e-475a-819c-5d9e6dbc66d5",
	"8894c5f7-bffa-4974-ac54-7678f0a478b0",
	"ede511dc-cfdf-46a5-9878-160b09eadee3");
INSERT INTO R_RGO
	VALUES ("b7d2c815-d54e-475a-819c-5d9e6dbc66d5",
	"8894c5f7-bffa-4974-ac54-7678f0a478b0",
	"ede511dc-cfdf-46a5-9878-160b09eadee3");
INSERT INTO R_OIR
	VALUES ("b7d2c815-d54e-475a-819c-5d9e6dbc66d5",
	"8894c5f7-bffa-4974-ac54-7678f0a478b0",
	"ede511dc-cfdf-46a5-9878-160b09eadee3",
	"00000000-0000-0000-0000-000000000000");
INSERT INTO R_SUB
	VALUES ("83fd5a00-5820-4fb5-ade7-97f8217b945f",
	"8894c5f7-bffa-4974-ac54-7678f0a478b0",
	"0c3d51f1-25e5-435d-ad7c-8fd5fdd8d662");
INSERT INTO R_RGO
	VALUES ("83fd5a00-5820-4fb5-ade7-97f8217b945f",
	"8894c5f7-bffa-4974-ac54-7678f0a478b0",
	"0c3d51f1-25e5-435d-ad7c-8fd5fdd8d662");
INSERT INTO R_OIR
	VALUES ("83fd5a00-5820-4fb5-ade7-97f8217b945f",
	"8894c5f7-bffa-4974-ac54-7678f0a478b0",
	"0c3d51f1-25e5-435d-ad7c-8fd5fdd8d662",
	"00000000-0000-0000-0000-000000000000");
INSERT INTO R_SIMP
	VALUES ("c9931c97-9acb-4b55-af72-81add52c1825");
INSERT INTO R_REL
	VALUES ("c9931c97-9acb-4b55-af72-81add52c1825",
	2,
	'',
	"3d0162a5-1c20-4ddf-8686-ff9d4c06e6a1");
INSERT INTO R_PART
	VALUES ("56c54c26-d9b7-409a-83b7-4c701cc02c0e",
	"c9931c97-9acb-4b55-af72-81add52c1825",
	"8f9517c4-2955-4897-834a-e924e660ce47",
	0,
	0,
	'is in');
INSERT INTO O_RTIDA
	VALUES ("b7c46385-7816-4616-9e73-922fad4f4af1",
	"56c54c26-d9b7-409a-83b7-4c701cc02c0e",
	1,
	"c9931c97-9acb-4b55-af72-81add52c1825",
	"8f9517c4-2955-4897-834a-e924e660ce47");
INSERT INTO R_RTO
	VALUES ("56c54c26-d9b7-409a-83b7-4c701cc02c0e",
	"c9931c97-9acb-4b55-af72-81add52c1825",
	"8f9517c4-2955-4897-834a-e924e660ce47",
	1);
INSERT INTO R_OIR
	VALUES ("56c54c26-d9b7-409a-83b7-4c701cc02c0e",
	"c9931c97-9acb-4b55-af72-81add52c1825",
	"8f9517c4-2955-4897-834a-e924e660ce47",
	"00000000-0000-0000-0000-000000000000");
INSERT INTO R_FORM
	VALUES ("e488047e-8d3e-455c-a7e9-29120bad505f",
	"c9931c97-9acb-4b55-af72-81add52c1825",
	"c71eb71a-1185-4f96-ad12-9ee546e214e8",
	1,
	0,
	'has');
INSERT INTO R_RGO
	VALUES ("e488047e-8d3e-455c-a7e9-29120bad505f",
	"c9931c97-9acb-4b55-af72-81add52c1825",
	"c71eb71a-1185-4f96-ad12-9ee546e214e8");
INSERT INTO R_OIR
	VALUES ("e488047e-8d3e-455c-a7e9-29120bad505f",
	"c9931c97-9acb-4b55-af72-81add52c1825",
	"c71eb71a-1185-4f96-ad12-9ee546e214e8",
	"00000000-0000-0000-0000-000000000000");
INSERT INTO R_SIMP
	VALUES ("750a2939-f0a1-475a-a387-d099bd4f6edb");
INSERT INTO R_REL
	VALUES ("750a2939-f0a1-475a-a387-d099bd4f6edb",
	3,
	'',
	"3d0162a5-1c20-4ddf-8686-ff9d4c06e6a1");
INSERT INTO R_PART
	VALUES ("b7d2c815-d54e-475a-819c-5d9e6dbc66d5",
	"750a2939-f0a1-475a-a387-d099bd4f6edb",
	"97f23a8b-ed88-4a25-a47b-ad74722bf424",
	0,
	0,
	'is in');
INSERT INTO O_RTIDA
	VALUES ("90e0d09a-7fa5-45f0-ac4f-f519aa651f29",
	"b7d2c815-d54e-475a-819c-5d9e6dbc66d5",
	1,
	"750a2939-f0a1-475a-a387-d099bd4f6edb",
	"97f23a8b-ed88-4a25-a47b-ad74722bf424");
INSERT INTO R_RTO
	VALUES ("b7d2c815-d54e-475a-819c-5d9e6dbc66d5",
	"750a2939-f0a1-475a-a387-d099bd4f6edb",
	"97f23a8b-ed88-4a25-a47b-ad74722bf424",
	1);
INSERT INTO R_OIR
	VALUES ("b7d2c815-d54e-475a-819c-5d9e6dbc66d5",
	"750a2939-f0a1-475a-a387-d099bd4f6edb",
	"97f23a8b-ed88-4a25-a47b-ad74722bf424",
	"00000000-0000-0000-0000-000000000000");
INSERT INTO R_FORM
	VALUES ("e488047e-8d3e-455c-a7e9-29120bad505f",
	"750a2939-f0a1-475a-a387-d099bd4f6edb",
	"5b4c4100-b987-4466-935e-cf1c7446dc95",
	1,
	0,
	'has');
INSERT INTO R_RGO
	VALUES ("e488047e-8d3e-455c-a7e9-29120bad505f",
	"750a2939-f0a1-475a-a387-d099bd4f6edb",
	"5b4c4100-b987-4466-935e-cf1c7446dc95");
INSERT INTO R_OIR
	VALUES ("e488047e-8d3e-455c-a7e9-29120bad505f",
	"750a2939-f0a1-475a-a387-d099bd4f6edb",
	"5b4c4100-b987-4466-935e-cf1c7446dc95",
	"00000000-0000-0000-0000-000000000000");
INSERT INTO R_SIMP
	VALUES ("e6cf2b93-d27e-4c83-a459-4307f3d2ce43");
INSERT INTO R_REL
	VALUES ("e6cf2b93-d27e-4c83-a459-4307f3d2ce43",
	4,
	'',
	"3d0162a5-1c20-4ddf-8686-ff9d4c06e6a1");
INSERT INTO R_PART
	VALUES ("83fd5a00-5820-4fb5-ade7-97f8217b945f",
	"e6cf2b93-d27e-4c83-a459-4307f3d2ce43",
	"e28c6023-00a6-450c-adc3-0ccb14353a0e",
	0,
	0,
	'is in');
INSERT INTO R_RTO
	VALUES ("83fd5a00-5820-4fb5-ade7-97f8217b945f",
	"e6cf2b93-d27e-4c83-a459-4307f3d2ce43",
	"e28c6023-00a6-450c-adc3-0ccb14353a0e",
	-1);
INSERT INTO R_OIR
	VALUES ("83fd5a00-5820-4fb5-ade7-97f8217b945f",
	"e6cf2b93-d27e-4c83-a459-4307f3d2ce43",
	"e28c6023-00a6-450c-adc3-0ccb14353a0e",
	"00000000-0000-0000-0000-000000000000");
INSERT INTO R_PART
	VALUES ("e488047e-8d3e-455c-a7e9-29120bad505f",
	"e6cf2b93-d27e-4c83-a459-4307f3d2ce43",
	"918413df-1a7a-4ac4-b70e-59dae285808e",
	1,
	0,
	'has');
INSERT INTO R_RTO
	VALUES ("e488047e-8d3e-455c-a7e9-29120bad505f",
	"e6cf2b93-d27e-4c83-a459-4307f3d2ce43",
	"918413df-1a7a-4ac4-b70e-59dae285808e",
	-1);
INSERT INTO R_OIR
	VALUES ("e488047e-8d3e-455c-a7e9-29120bad505f",
	"e6cf2b93-d27e-4c83-a459-4307f3d2ce43",
	"918413df-1a7a-4ac4-b70e-59dae285808e",
	"00000000-0000-0000-0000-000000000000");
INSERT INTO R_ASSOC
	VALUES ("62a93566-2203-4db8-ba18-f7c15ca2072a");
INSERT INTO R_REL
	VALUES ("62a93566-2203-4db8-ba18-f7c15ca2072a",
	8,
	'',
	"3d0162a5-1c20-4ddf-8686-ff9d4c06e6a1");
INSERT INTO R_AONE
	VALUES ("e488047e-8d3e-455c-a7e9-29120bad505f",
	"62a93566-2203-4db8-ba18-f7c15ca2072a",
	"63d41502-a15d-4ab0-b59a-b6d1a1e73f19",
	1,
	1,
	'is eligible for');
INSERT INTO O_RTIDA
	VALUES ("53a62320-a206-4d56-a639-c4592f420548",
	"e488047e-8d3e-455c-a7e9-29120bad505f",
	0,
	"62a93566-2203-4db8-ba18-f7c15ca2072a",
	"63d41502-a15d-4ab0-b59a-b6d1a1e73f19");
INSERT INTO O_RTIDA
	VALUES ("d132eb18-d364-4962-a2a9-487279251e05",
	"e488047e-8d3e-455c-a7e9-29120bad505f",
	0,
	"62a93566-2203-4db8-ba18-f7c15ca2072a",
	"63d41502-a15d-4ab0-b59a-b6d1a1e73f19");
INSERT INTO R_RTO
	VALUES ("e488047e-8d3e-455c-a7e9-29120bad505f",
	"62a93566-2203-4db8-ba18-f7c15ca2072a",
	"63d41502-a15d-4ab0-b59a-b6d1a1e73f19",
	0);
INSERT INTO R_OIR
	VALUES ("e488047e-8d3e-455c-a7e9-29120bad505f",
	"62a93566-2203-4db8-ba18-f7c15ca2072a",
	"63d41502-a15d-4ab0-b59a-b6d1a1e73f19",
	"00000000-0000-0000-0000-000000000000");
INSERT INTO R_AOTH
	VALUES ("8a59e2de-6f5d-4937-ade5-f1ace45cc756",
	"62a93566-2203-4db8-ba18-f7c15ca2072a",
	"c04bc12c-8d28-4e1f-8b30-835e7f55edc6",
	1,
	1,
	'has eligible');
INSERT INTO O_RTIDA
	VALUES ("53e80efe-cb6c-4332-b046-1ba6f6005b30",
	"8a59e2de-6f5d-4937-ade5-f1ace45cc756",
	0,
	"62a93566-2203-4db8-ba18-f7c15ca2072a",
	"c04bc12c-8d28-4e1f-8b30-835e7f55edc6");
INSERT INTO R_RTO
	VALUES ("8a59e2de-6f5d-4937-ade5-f1ace45cc756",
	"62a93566-2203-4db8-ba18-f7c15ca2072a",
	"c04bc12c-8d28-4e1f-8b30-835e7f55edc6",
	0);
INSERT INTO R_OIR
	VALUES ("8a59e2de-6f5d-4937-ade5-f1ace45cc756",
	"62a93566-2203-4db8-ba18-f7c15ca2072a",
	"c04bc12c-8d28-4e1f-8b30-835e7f55edc6",
	"00000000-0000-0000-0000-000000000000");
INSERT INTO R_ASSR
	VALUES ("7dfbb9fe-d109-4356-a43c-8a02617ad46a",
	"62a93566-2203-4db8-ba18-f7c15ca2072a",
	"bc9dd594-f2f4-4718-be6c-6256312e19a2",
	0);
INSERT INTO R_RGO
	VALUES ("7dfbb9fe-d109-4356-a43c-8a02617ad46a",
	"62a93566-2203-4db8-ba18-f7c15ca2072a",
	"bc9dd594-f2f4-4718-be6c-6256312e19a2");
INSERT INTO R_OIR
	VALUES ("7dfbb9fe-d109-4356-a43c-8a02617ad46a",
	"62a93566-2203-4db8-ba18-f7c15ca2072a",
	"bc9dd594-f2f4-4718-be6c-6256312e19a2",
	"00000000-0000-0000-0000-000000000000");
INSERT INTO R_SIMP
	VALUES ("52e5a3de-5d5d-4eaf-a076-5b96609c9130");
INSERT INTO R_REL
	VALUES ("52e5a3de-5d5d-4eaf-a076-5b96609c9130",
	9,
	'',
	"3d0162a5-1c20-4ddf-8686-ff9d4c06e6a1");
INSERT INTO R_FORM
	VALUES ("e488047e-8d3e-455c-a7e9-29120bad505f",
	"52e5a3de-5d5d-4eaf-a076-5b96609c9130",
	"d6ffb906-5a1c-4b12-995d-d59a2b860b9b",
	0,
	1,
	'is answer for');
INSERT INTO R_RGO
	VALUES ("e488047e-8d3e-455c-a7e9-29120bad505f",
	"52e5a3de-5d5d-4eaf-a076-5b96609c9130",
	"d6ffb906-5a1c-4b12-995d-d59a2b860b9b");
INSERT INTO R_OIR
	VALUES ("e488047e-8d3e-455c-a7e9-29120bad505f",
	"52e5a3de-5d5d-4eaf-a076-5b96609c9130",
	"d6ffb906-5a1c-4b12-995d-d59a2b860b9b",
	"00000000-0000-0000-0000-000000000000");
INSERT INTO R_PART
	VALUES ("8a59e2de-6f5d-4937-ade5-f1ace45cc756",
	"52e5a3de-5d5d-4eaf-a076-5b96609c9130",
	"838d69c7-4354-4e52-ab82-1c85360eb9b8",
	0,
	1,
	'has answer');
INSERT INTO O_RTIDA
	VALUES ("53e80efe-cb6c-4332-b046-1ba6f6005b30",
	"8a59e2de-6f5d-4937-ade5-f1ace45cc756",
	0,
	"52e5a3de-5d5d-4eaf-a076-5b96609c9130",
	"838d69c7-4354-4e52-ab82-1c85360eb9b8");
INSERT INTO R_RTO
	VALUES ("8a59e2de-6f5d-4937-ade5-f1ace45cc756",
	"52e5a3de-5d5d-4eaf-a076-5b96609c9130",
	"838d69c7-4354-4e52-ab82-1c85360eb9b8",
	0);
INSERT INTO R_OIR
	VALUES ("8a59e2de-6f5d-4937-ade5-f1ace45cc756",
	"52e5a3de-5d5d-4eaf-a076-5b96609c9130",
	"838d69c7-4354-4e52-ab82-1c85360eb9b8",
	"00000000-0000-0000-0000-000000000000");
INSERT INTO SLD_SDP
	VALUES ("ecb50217-b066-4ecf-a826-866ec62dc0da",
	"a655893d-fe3b-4b0f-b285-cc34425dfefa");
INSERT INTO S_DPK
	VALUES ("a655893d-fe3b-4b0f-b285-cc34425dfefa",
	'Datatypes',
	"00000000-0000-0000-0000-000000000000",
	"00000000-0000-0000-0000-000000000000");
INSERT INTO S_DIP
	VALUES ("a655893d-fe3b-4b0f-b285-cc34425dfefa",
	"050ae1c7-4fe8-4036-9266-866162475ade");
INSERT INTO S_DT
	VALUES ("050ae1c7-4fe8-4036-9266-866162475ade",
	"00000000-0000-0000-0000-000000000000",
	'void',
	'',
	'');
INSERT INTO S_CDT
	VALUES ("050ae1c7-4fe8-4036-9266-866162475ade",
	0);
INSERT INTO S_DIP
	VALUES ("a655893d-fe3b-4b0f-b285-cc34425dfefa",
	"2bce27aa-a40c-4097-806c-bcca0cdac334");
INSERT INTO S_DT
	VALUES ("2bce27aa-a40c-4097-806c-bcca0cdac334",
	"00000000-0000-0000-0000-000000000000",
	'boolean',
	'',
	'');
INSERT INTO S_CDT
	VALUES ("2bce27aa-a40c-4097-806c-bcca0cdac334",
	1);
INSERT INTO S_DIP
	VALUES ("a655893d-fe3b-4b0f-b285-cc34425dfefa",
	"c917a3a0-5e13-4d90-ae51-caf66f88e775");
INSERT INTO S_DT
	VALUES ("c917a3a0-5e13-4d90-ae51-caf66f88e775",
	"00000000-0000-0000-0000-000000000000",
	'integer',
	'',
	'');
INSERT INTO S_CDT
	VALUES ("c917a3a0-5e13-4d90-ae51-caf66f88e775",
	2);
INSERT INTO S_DIP
	VALUES ("a655893d-fe3b-4b0f-b285-cc34425dfefa",
	"80dd63f1-9308-4f8a-b38a-fd85188ab47d");
INSERT INTO S_DT
	VALUES ("80dd63f1-9308-4f8a-b38a-fd85188ab47d",
	"00000000-0000-0000-0000-000000000000",
	'real',
	'',
	'');
INSERT INTO S_CDT
	VALUES ("80dd63f1-9308-4f8a-b38a-fd85188ab47d",
	3);
INSERT INTO S_DIP
	VALUES ("a655893d-fe3b-4b0f-b285-cc34425dfefa",
	"08dd622e-58f4-4c59-80d1-b067316797b1");
INSERT INTO S_DT
	VALUES ("08dd622e-58f4-4c59-80d1-b067316797b1",
	"00000000-0000-0000-0000-000000000000",
	'string',
	'',
	'');
INSERT INTO S_CDT
	VALUES ("08dd622e-58f4-4c59-80d1-b067316797b1",
	4);
INSERT INTO S_DIP
	VALUES ("a655893d-fe3b-4b0f-b285-cc34425dfefa",
	"65307c11-e2af-4779-9e42-aa3bb3f9d5c3");
INSERT INTO S_DT
	VALUES ("65307c11-e2af-4779-9e42-aa3bb3f9d5c3",
	"00000000-0000-0000-0000-000000000000",
	'unique_id',
	'',
	'');
INSERT INTO S_CDT
	VALUES ("65307c11-e2af-4779-9e42-aa3bb3f9d5c3",
	5);
INSERT INTO S_DIP
	VALUES ("a655893d-fe3b-4b0f-b285-cc34425dfefa",
	"8d8b769f-e617-4b41-9f14-d3581653f32f");
INSERT INTO S_DT
	VALUES ("8d8b769f-e617-4b41-9f14-d3581653f32f",
	"00000000-0000-0000-0000-000000000000",
	'state<State_Model>',
	'',
	'');
INSERT INTO S_CDT
	VALUES ("8d8b769f-e617-4b41-9f14-d3581653f32f",
	6);
INSERT INTO S_DIP
	VALUES ("a655893d-fe3b-4b0f-b285-cc34425dfefa",
	"8e0c3427-53b5-4e5e-9341-acbc9cfe5263");
INSERT INTO S_DT
	VALUES ("8e0c3427-53b5-4e5e-9341-acbc9cfe5263",
	"00000000-0000-0000-0000-000000000000",
	'same_as<Base_Attribute>',
	'',
	'');
INSERT INTO S_CDT
	VALUES ("8e0c3427-53b5-4e5e-9341-acbc9cfe5263",
	7);
INSERT INTO S_DIP
	VALUES ("a655893d-fe3b-4b0f-b285-cc34425dfefa",
	"2616dc30-6433-4e8f-8b0a-76a77928c045");
INSERT INTO S_DT
	VALUES ("2616dc30-6433-4e8f-8b0a-76a77928c045",
	"00000000-0000-0000-0000-000000000000",
	'inst_ref<Object>',
	'',
	'');
INSERT INTO S_CDT
	VALUES ("2616dc30-6433-4e8f-8b0a-76a77928c045",
	8);
INSERT INTO S_DIP
	VALUES ("a655893d-fe3b-4b0f-b285-cc34425dfefa",
	"09a6c533-08a7-4b99-9104-408407f90497");
INSERT INTO S_DT
	VALUES ("09a6c533-08a7-4b99-9104-408407f90497",
	"00000000-0000-0000-0000-000000000000",
	'inst_ref_set<Object>',
	'',
	'');
INSERT INTO S_CDT
	VALUES ("09a6c533-08a7-4b99-9104-408407f90497",
	9);
INSERT INTO S_DIP
	VALUES ("a655893d-fe3b-4b0f-b285-cc34425dfefa",
	"f0372f26-60f9-4d5e-83cb-46b4c72d3bf6");
INSERT INTO S_DT
	VALUES ("f0372f26-60f9-4d5e-83cb-46b4c72d3bf6",
	"00000000-0000-0000-0000-000000000000",
	'inst<Event>',
	'',
	'');
INSERT INTO S_CDT
	VALUES ("f0372f26-60f9-4d5e-83cb-46b4c72d3bf6",
	10);
INSERT INTO S_DIP
	VALUES ("a655893d-fe3b-4b0f-b285-cc34425dfefa",
	"642b0c07-a71d-46d2-be4d-c07e1839c831");
INSERT INTO S_DT
	VALUES ("642b0c07-a71d-46d2-be4d-c07e1839c831",
	"00000000-0000-0000-0000-000000000000",
	'inst<Mapping>',
	'',
	'');
INSERT INTO S_CDT
	VALUES ("642b0c07-a71d-46d2-be4d-c07e1839c831",
	11);
INSERT INTO S_DIP
	VALUES ("a655893d-fe3b-4b0f-b285-cc34425dfefa",
	"4155268d-83fd-47d8-9011-578e0fcc6241");
INSERT INTO S_DT
	VALUES ("4155268d-83fd-47d8-9011-578e0fcc6241",
	"00000000-0000-0000-0000-000000000000",
	'inst_ref<Mapping>',
	'',
	'');
INSERT INTO S_CDT
	VALUES ("4155268d-83fd-47d8-9011-578e0fcc6241",
	12);
INSERT INTO S_DIP
	VALUES ("a655893d-fe3b-4b0f-b285-cc34425dfefa",
	"a96a11e8-5278-4837-ba3b-95111a36bcb1");
INSERT INTO S_DT
	VALUES ("a96a11e8-5278-4837-ba3b-95111a36bcb1",
	"00000000-0000-0000-0000-000000000000",
	'component_ref',
	'',
	'');
INSERT INTO S_CDT
	VALUES ("a96a11e8-5278-4837-ba3b-95111a36bcb1",
	13);
INSERT INTO S_DIP
	VALUES ("a655893d-fe3b-4b0f-b285-cc34425dfefa",
	"879dbca7-970f-45bd-b4ff-c962a6ff60f0");
INSERT INTO S_DT
	VALUES ("879dbca7-970f-45bd-b4ff-c962a6ff60f0",
	"00000000-0000-0000-0000-000000000000",
	'date',
	'',
	'');
INSERT INTO S_UDT
	VALUES ("879dbca7-970f-45bd-b4ff-c962a6ff60f0",
	"642b0c07-a71d-46d2-be4d-c07e1839c831",
	1);
INSERT INTO S_DIP
	VALUES ("a655893d-fe3b-4b0f-b285-cc34425dfefa",
	"9aba0199-0f9f-4da0-a4c4-b495dd26270a");
INSERT INTO S_DT
	VALUES ("9aba0199-0f9f-4da0-a4c4-b495dd26270a",
	"00000000-0000-0000-0000-000000000000",
	'inst_ref<Timer>',
	'',
	'');
INSERT INTO S_UDT
	VALUES ("9aba0199-0f9f-4da0-a4c4-b495dd26270a",
	"4155268d-83fd-47d8-9011-578e0fcc6241",
	3);
INSERT INTO S_DIP
	VALUES ("a655893d-fe3b-4b0f-b285-cc34425dfefa",
	"31fe606c-d440-4b75-8d55-19809bde6d9b");
INSERT INTO S_DT
	VALUES ("31fe606c-d440-4b75-8d55-19809bde6d9b",
	"00000000-0000-0000-0000-000000000000",
	'timestamp',
	'',
	'');
INSERT INTO S_UDT
	VALUES ("31fe606c-d440-4b75-8d55-19809bde6d9b",
	"642b0c07-a71d-46d2-be4d-c07e1839c831",
	2);
INSERT INTO SLD_SDINP
	VALUES ("a655893d-fe3b-4b0f-b285-cc34425dfefa",
	"050ae1c7-4fe8-4036-9266-866162475ade",
	"ecb50217-b066-4ecf-a826-866ec62dc0da");
INSERT INTO SLD_SDINP
	VALUES ("a655893d-fe3b-4b0f-b285-cc34425dfefa",
	"2bce27aa-a40c-4097-806c-bcca0cdac334",
	"ecb50217-b066-4ecf-a826-866ec62dc0da");
INSERT INTO SLD_SDINP
	VALUES ("a655893d-fe3b-4b0f-b285-cc34425dfefa",
	"c917a3a0-5e13-4d90-ae51-caf66f88e775",
	"ecb50217-b066-4ecf-a826-866ec62dc0da");
INSERT INTO SLD_SDINP
	VALUES ("a655893d-fe3b-4b0f-b285-cc34425dfefa",
	"80dd63f1-9308-4f8a-b38a-fd85188ab47d",
	"ecb50217-b066-4ecf-a826-866ec62dc0da");
INSERT INTO SLD_SDINP
	VALUES ("a655893d-fe3b-4b0f-b285-cc34425dfefa",
	"08dd622e-58f4-4c59-80d1-b067316797b1",
	"ecb50217-b066-4ecf-a826-866ec62dc0da");
INSERT INTO SLD_SDINP
	VALUES ("a655893d-fe3b-4b0f-b285-cc34425dfefa",
	"65307c11-e2af-4779-9e42-aa3bb3f9d5c3",
	"ecb50217-b066-4ecf-a826-866ec62dc0da");
INSERT INTO SLD_SDINP
	VALUES ("a655893d-fe3b-4b0f-b285-cc34425dfefa",
	"8d8b769f-e617-4b41-9f14-d3581653f32f",
	"ecb50217-b066-4ecf-a826-866ec62dc0da");
INSERT INTO SLD_SDINP
	VALUES ("a655893d-fe3b-4b0f-b285-cc34425dfefa",
	"8e0c3427-53b5-4e5e-9341-acbc9cfe5263",
	"ecb50217-b066-4ecf-a826-866ec62dc0da");
INSERT INTO SLD_SDINP
	VALUES ("a655893d-fe3b-4b0f-b285-cc34425dfefa",
	"2616dc30-6433-4e8f-8b0a-76a77928c045",
	"ecb50217-b066-4ecf-a826-866ec62dc0da");
INSERT INTO SLD_SDINP
	VALUES ("a655893d-fe3b-4b0f-b285-cc34425dfefa",
	"09a6c533-08a7-4b99-9104-408407f90497",
	"ecb50217-b066-4ecf-a826-866ec62dc0da");
INSERT INTO SLD_SDINP
	VALUES ("a655893d-fe3b-4b0f-b285-cc34425dfefa",
	"f0372f26-60f9-4d5e-83cb-46b4c72d3bf6",
	"ecb50217-b066-4ecf-a826-866ec62dc0da");
INSERT INTO SLD_SDINP
	VALUES ("a655893d-fe3b-4b0f-b285-cc34425dfefa",
	"642b0c07-a71d-46d2-be4d-c07e1839c831",
	"ecb50217-b066-4ecf-a826-866ec62dc0da");
INSERT INTO SLD_SDINP
	VALUES ("a655893d-fe3b-4b0f-b285-cc34425dfefa",
	"4155268d-83fd-47d8-9011-578e0fcc6241",
	"ecb50217-b066-4ecf-a826-866ec62dc0da");
INSERT INTO SLD_SDINP
	VALUES ("a655893d-fe3b-4b0f-b285-cc34425dfefa",
	"a96a11e8-5278-4837-ba3b-95111a36bcb1",
	"ecb50217-b066-4ecf-a826-866ec62dc0da");
INSERT INTO SLD_SDINP
	VALUES ("a655893d-fe3b-4b0f-b285-cc34425dfefa",
	"879dbca7-970f-45bd-b4ff-c962a6ff60f0",
	"ecb50217-b066-4ecf-a826-866ec62dc0da");
INSERT INTO SLD_SDINP
	VALUES ("a655893d-fe3b-4b0f-b285-cc34425dfefa",
	"9aba0199-0f9f-4da0-a4c4-b495dd26270a",
	"ecb50217-b066-4ecf-a826-866ec62dc0da");
INSERT INTO SLD_SDINP
	VALUES ("a655893d-fe3b-4b0f-b285-cc34425dfefa",
	"31fe606c-d440-4b75-8d55-19809bde6d9b",
	"ecb50217-b066-4ecf-a826-866ec62dc0da");
INSERT INTO EP_SPKG
	VALUES ("a655893d-fe3b-4b0f-b285-cc34425dfefa",
	"00000000-0000-0000-0000-000000000000");
